Ligand SMILES,IC50 (nM)
CCCCc1nn(-c2cc(NC(=O)CC)ccc2Cl)c(=O)n1Cc1ccc(cc1)-c1ccccc1S(=O)(=O)NC(=O)c1occ(Cl)c1Cl,0.043
CCCCc1nn(-c2cc(NC(=O)CC)ccc2Cl)c(=O)n1Cc1ccc(cc1)-c1ccccc1S(=O)(=O)NC(=O)c1occ(Cl)c1Cl,0.043
CCc1nc2c(C)cc(C)nc2n1Cc1ccc(cc1)-c1ccccc1S(=O)(=O)NC(=O)C(c1ccccc1)c1ccccc1,0.05
CCCCc1nn(-c2cc(NC(C)=O)ccc2Cl)c(=O)n1Cc1ccc(cc1)-c1ccccc1S(=O)(=O)NC(=O)c1ccccc1Cl,0.052
CCCCc1nn(-c2cc(NC(C)=O)ccc2Cl)c(=O)n1Cc1ccc(cc1)-c1ccccc1S(=O)(=O)NC(=O)c1ccccc1Cl,0.052
CCCCc1nn(-c2cc(NC(C)=O)ccc2Cl)c(=O)n1Cc1ccc(cc1)-c1ccccc1S(=O)(=O)NC(=O)c1ccccc1Cl,0.052
CCCCc1nc2cccc(C(O)=O)c2n1Cc1ccc(cc1)-c1ccccc1-c1nnn[nH]1,0.055
CCCCC(=O)Nc1ccc(Cl)c(c1)-n1nc(CCCC)n(Cc2ccc(cc2)-c2ccccc2S(=O)(=O)NC(=O)OC(C)(C)C)c1=O,0.072
CCCCc1nn(-c2cc(NC(=O)CC)ccc2Cl)c(=O)n1Cc1ccc(cc1F)-c1ccccc1S(=O)(=O)NC(=O)c1ccccc1Cl,0.072
CCCCc1nn(-c2cc(NC(=O)CC)ccc2Cl)c(=O)n1Cc1ccc(cc1F)-c1ccccc1S(=O)(=O)NC(=O)c1ccccc1Cl,0.072
CCCCc1nn(-c2cc(NC(=O)CC)ccc2Cl)c(=O)n1Cc1ccc(cc1F)-c1ccccc1S(=O)(=O)NC(=O)c1ccccc1Cl,0.072
CCCCC(=O)Nc1ccc(Cl)c(c1)-n1nc(CCCC)n(Cc2ccc(cc2)-c2ccccc2S(=O)(=O)NC(=O)OC(C)(C)C)c1=O,0.072
CCCCc1nn(-c2cc(NC(=O)CC)ccc2Cl)c(=O)n1Cc1ccc(cc1F)-c1ccccc1S(=O)(=O)NC(=O)c1ccccc1Cl,0.072111
CCCCc1nn(-c2cc(NC(=O)C3CC3)ccc2Cl)c(=O)n1Cc1ccc(cc1)-c1ccccc1S(=O)(=O)NC(=O)c1ccccc1Cl,0.08
CCCCc1nn(-c2cc(NC(=O)C3CC3)ccc2Cl)c(=O)n1Cc1ccc(cc1)-c1ccccc1S(=O)(=O)NC(=O)c1ccccc1Cl,0.08
CCCCc1nn(-c2cc(NC(=O)COCC)ccc2Cl)c(=O)n1Cc1ccc(cc1F)-c1ccccc1S(=O)(=O)NC(=O)OC(C)(C)C,0.1
CCCCc1nn(-c2cc(NC(=O)COCC)ccc2Cl)c(=O)n1Cc1ccc(cc1F)-c1ccccc1S(=O)(=O)NC(=O)OC(C)(C)C,0.1
CCCc1nc2c(C)cc(NC(=O)CCc3ccccc3)cc2n1Cc1ccc(cc1)-c1ccccc1C(O)=O,0.1
CCCCc1nc2ccc(NC(=O)N(C)C(C)C)cc2c(=O)n1Cc1ccc(cc1)-c1ccccc1-c1nnn[nH]1,0.1
CCCc1nc(CC)c(C(=O)OCCN(C(=O)c2ccccc2)c2ccccc2)n1Cc1ccc(cc1F)-c1ccccc1S(=O)(=O)NC(=O)OCCC(C)C,0.1
CCCc1nc(CC)c(C(=O)OCCCC(=O)c2ccccc2)n1Cc1ccc(cc1F)-c1ccccc1S(=O)(=O)NC(=O)OCCC(C)C,0.1
CCCCCOC(=O)NS(=O)(=O)c1ccccc1-c1ccc(Cn2c(CCC)nc(CC)c2C(=O)OCCC(=O)Nc2ccccc2)c(F)c1,0.1
CCCc1nc(CC)c(C(=O)OCCCOCc2ccccc2)n1Cc1ccc(cc1F)-c1ccccc1S(=O)(=O)NC(=O)OCCC(C)C,0.1
CCCc1nc(CC)c(C(=O)OCc2ccccc2OC)n1Cc1ccc(cc1F)-c1ccccc1S(=O)(=O)NC(=O)OCCC(C)C,0.1
CCCc1nc(CC)c(C(=O)OCCCOc2ccccc2)n1Cc1ccc(cc1F)-c1ccccc1S(=O)(=O)NC(=O)OCCC(C)C,0.1
CCCc1nc(CC)c(C(=O)OCCC(=O)Nc2ccccc2)n1Cc1ccc(cc1F)-c1ccccc1S(=O)(=O)NC(=O)OCCC(C)C,0.1
CCCc1nc(CC)c(C(=O)OCCCN2C(=O)c3ccccc3C2=O)n1Cc1ccc(cc1F)-c1ccccc1S(=O)(=O)NC(=O)OCCC(C)C,0.1
CCCc1nc(CC)c(C(=O)OCC(=O)c2ccccc2)n1Cc1ccc(cc1F)-c1ccccc1S(=O)(=O)NC(=O)OCCC(C)C,0.1
CCc1nc2c(C)cc(C)nc2n1Cc1ccc(cc1)-c1ccccc1S(=O)(=O)NC(=O)CCC1CCCC1,0.1
CCCCC(=O)Nc1cc2nc(CCCC)n(Cc3ccc(cc3)-c3ccccc3S(=O)(=O)NC(=O)CCC3CCCC3)c2nc1C,0.1
CCCCc1nc2ccc(NC(=O)N(C)C(C)C)cc2c(=O)n1Cc1ccc(cc1)-c1ccccc1-c1nnn[nH]1,0.1
CCCCc1nc2ccc(NC(=O)N(C)C(C)C)cc2c(=O)n1Cc1ccc(cc1)-c1ccccc1-c1nnn[nH]1,0.1
CCCCc1nn(-c2cc(NC(=O)COCC)ccc2Cl)c(=O)n1Cc1ccc(cc1F)-c1ccccc1S(=O)(=O)NC(=O)OC(C)(C)C,0.1
CCCCc1nn(-c2cc(NC(=O)COCC)ccc2Cl)c(=O)n1Cc1ccc(cc1F)-c1ccccc1S(=O)(=O)NC(=O)OC(C)(C)C,0.1
CCCCc1nc2ccc(NC(=O)N(C)C(C)C)cc2c(=O)n1Cc1ccc(cc1)-c1ccccc1-c1nnn[nH]1,0.1
CCCCc1nc2ccc(NC(=O)N(C)C(C)C)cc2c(=O)n1Cc1ccc(cc1)-c1ccccc1-c1nnn[nH]1,0.1
CCCCc1nn(-c2cc(NC(=O)CC(C)C)ccc2Cl)c(=O)n1Cc1ccc(cc1)-c1ccccc1S(=O)(=O)NC(=O)c1ccccc1Cl,0.11
CCCCc1nn(-c2cc(NC(=O)CCC)ccc2Cl)c(=O)n1Cc1ccc(cc1)-c1ccccc1S(=O)(=O)NC(=O)c1ccccc1Cl,0.11
CCCCc1nn(-c2ccccc2C(F)(F)F)c(=O)n1Cc1ccc(cc1)-c1ccccc1S(=O)(=O)NC(=O)c1ccccc1Cl,0.11
CCCCc1nn(-c2ccccc2C(F)(F)F)c(=O)n1Cc1ccc(cc1)-c1ccccc1S(=O)(=O)NC(=O)c1ccccc1Cl,0.11
CCCCOC(=O)NS(=O)(=O)c1ccccc1-c1ccc(Cn2c(CCCC)nc3cc(NC(=O)CCCC)c(C)nc23)cc1,0.11
CCCCc1nn(-c2cc(NC(=O)CCC)ccc2Cl)c(=O)n1Cc1ccc(cc1)-c1ccccc1S(=O)(=O)NC(=O)c1ccccc1Cl,0.11
CCCCc1nn(-c2ccccc2C(F)(F)F)c(=O)n1Cc1ccc(cc1)-c1ccccc1S(=O)(=O)NC(=O)c1ccccc1Cl,0.11
CCCCc1nn(-c2cc(NC(=O)CC(C)C)ccc2Cl)c(=O)n1Cc1ccc(cc1)-c1ccccc1S(=O)(=O)NC(=O)c1ccccc1Cl,0.11
CCCCc1nn(-c2ccccc2C(F)(F)F)c(=O)n1Cc1ccc(cc1)-c1ccccc1S(=O)(=O)NC(=O)c1ccccc1Cl,0.11
CCCCc1nn(-c2cc(NC(=O)CC)ccc2Br)c(=O)n1Cc1ccc(cc1F)-c1ccccc1S(=O)(=O)NC(=O)OC(C)(C)C,0.12
CCCCc1nn(-c2cc(NC(=O)Cc3ccccc3)ccc2Cl)c(=O)n1Cc1ccc(cc1)-c1ccccc1S(=O)(=O)NC(=O)c1ccccc1Cl,0.12
CCCCC(=O)Nc1cnc2n(Cc3ccc(cc3)-c3ccccc3S(=O)(=O)NC(=O)CCC3CCCC3)c(CCCC)nc2c1,0.12
CCCCc1nn(-c2cc(NC(=O)Cc3ccccc3)ccc2Cl)c(=O)n1Cc1ccc(cc1)-c1ccccc1S(=O)(=O)NC(=O)c1ccccc1Cl,0.12
CCCCc1nn(-c2cc(NC(=O)CC)ccc2Br)c(=O)n1Cc1ccc(cc1F)-c1ccccc1S(=O)(=O)NC(=O)OC(C)(C)C,0.12
CCCCOC(=O)NS(=O)(=O)c1ccccc1-c1ccc(Cn2c(CCC)nc3ccc(NC(=O)NC(C)C)cc3c2=O)cc1,0.12
CCCCc1nn(-c2cc(NC(=O)CC)ccc2Br)c(=O)n1Cc1ccc(cc1F)-c1ccccc1S(=O)(=O)NC(=O)OC(C)(C)C,0.120226
CCCCc1nn(-c2cc(NC(=O)CC)ccc2C(F)(F)F)c(=O)n1Cc1ccc(cc1F)-c1ccccc1S(=O)(=O)NC(=O)c1ccccc1Cl,0.13
CCCCc1nn(-c2cc(NC(=O)CC)ccc2C(F)(F)F)c(=O)n1Cc1ccc(cc1F)-c1ccccc1S(=O)(=O)NC(=O)OCC,0.13
CCCCc1nn(-c2cc(NC(=O)CC)ccc2Cl)c(=O)n1Cc1ccc(cc1F)-c1ccccc1S(=O)(=O)NC(=O)OC(C)(C)C,0.13
CCCCc1nc2ccc(NC(=O)N(C)C(C)C)cc2c(=O)n1Cc1ccc(cc1F)-c1ccccc1S(=O)(=O)NC(=O)OCCC1CC1,0.13
CCCCc1nn(-c2cc(NC(=O)CC)ccc2C(F)(F)F)c(=O)n1Cc1ccc(cc1F)-c1ccccc1S(=O)(=O)NC(=O)c1ccccc1Cl,0.13
CCCCc1nn(-c2cc(NC(=O)CC)ccc2Cl)c(=O)n1Cc1ccc(cc1F)-c1ccccc1S(=O)(=O)NC(=O)OC(C)(C)C,0.13
CCCCc1nn(-c2cc(NC(=O)CC)ccc2C(F)(F)F)c(=O)n1Cc1ccc(cc1F)-c1ccccc1S(=O)(=O)NC(=O)OCC,0.13
CCCCc1nn(-c2ccccc2C(F)(F)F)c(=O)n1Cc1ccc(cc1)-c1ccccc1S(=O)(=O)NC(=O)c1ccccc1F,0.13
CCCCc1nn(-c2cc(NC(=O)CC)ccc2C(F)(F)F)c(=O)n1Cc1ccc(cc1F)-c1ccccc1S(=O)(=O)NC(=O)c1ccccc1Cl,0.130017
CCCCc1nn(-c2cc(NC(=O)CC)ccc2Cl)c(=O)n1Cc1ccc(cc1F)-c1ccccc1S(=O)(=O)NC(=O)OC(C)(C)C,0.130017
CCCCc1nn(-c2cc(NC(=O)CC)ccc2C(F)(F)F)c(=O)n1Cc1ccc(cc1F)-c1ccccc1S(=O)(=O)NC(=O)OCC,0.130017
CCCCNC(=O)c1ccc(Cl)c(c1)-n1nc(CCCC)n(Cc2ccc(cc2)-c2ccccc2S(=O)(=O)NC(=O)c2ccccc2Cl)c1=O,0.14
CCCCc1nn(-c2cc(NC(=O)CC)ccc2C(F)(F)F)c(=O)n1Cc1ccc(cc1F)-c1ccccc1S(=O)(=O)NC(=O)c1ccccc1,0.14
CCCCc1nn(-c2cc(NC(=O)CCOC)ccc2Cl)c(=O)n1Cc1ccc(cc1F)-c1ccccc1S(=O)(=O)NC(=O)OC(C)(C)C,0.14
CCCCNC(=O)c1ccc(Cl)c(c1)-n1nc(CCCC)n(Cc2ccc(cc2)-c2ccccc2S(=O)(=O)NC(=O)c2ccccc2Cl)c1=O,0.14
CCCCc1nn(-c2cc(NC(=O)NCCC)ccc2Cl)c(=O)n1Cc1ccc(cc1)-c1ccccc1S(=O)(=O)NC(=O)c1ccccc1Cl,0.14
CCCCNC(=O)c1ccc(Cl)c(c1)-n1nc(CCCC)n(Cc2ccc(cc2)-c2ccccc2S(=O)(=O)NC(=O)c2ccccc2Cl)c1=O,0.14
CCCCc1nn(-c2cc(NC(=O)CCOC)ccc2Cl)c(=O)n1Cc1ccc(cc1F)-c1ccccc1S(=O)(=O)NC(=O)OC(C)(C)C,0.14
CCCCc1nn(-c2cc(NC(=O)CC)ccc2C(F)(F)F)c(=O)n1Cc1ccc(cc1F)-c1ccccc1S(=O)(=O)NC(=O)c1ccccc1,0.14
CCCCc1nn(-c2cc(NC(=O)CCOC)ccc2Cl)c(=O)n1Cc1ccc(cc1F)-c1ccccc1S(=O)(=O)NC(=O)OC(C)(C)C,0.14
CCCCNC(=O)c1ccc(Cl)c(c1)-n1nc(CCCC)n(Cc2ccc(cc2)-c2ccccc2S(=O)(=O)NC(=O)c2ccccc2Cl)c1=O,0.14
CCCCc1nn(-c2cc(NC(=O)NCCC)ccc2Cl)c(=O)n1Cc1ccc(cc1)-c1ccccc1S(=O)(=O)NC(=O)c1ccccc1Cl,0.14
CCCCc1nn(-c2cc(NC(=O)CC)ccc2C(F)(F)F)c(=O)n1Cc1ccc(cc1F)-c1ccccc1S(=O)(=O)NC(=O)c1ccccc1,0.14
CCCCc1nn(-c2cc(NC(=O)CCOC)ccc2Cl)c(=O)n1Cc1ccc(cc1F)-c1ccccc1S(=O)(=O)NC(=O)OC(C)(C)C,0.140281
CCCCNC(=O)c1ccc(Cl)c(c1)-n1nc(CCCC)n(Cc2ccc(cc2)-c2ccccc2S(=O)(=O)NC(=O)c2ccccc2Cl)c1=O,0.140281
CCCCc1nn(-c2cc(NC(=O)CC)ccc2C(F)(F)F)c(=O)n1Cc1ccc(cc1F)-c1ccccc1S(=O)(=O)NC(=O)c1ccccc1,0.140281
CCCCc1nn(-c2ccccc2C(F)(F)F)c(=O)n1Cc1ccc(cc1F)-c1ccccc1S(=O)(=O)NC(=O)c1ccccc1Cl,0.15
CCCCc1nn(-c2ccccc2C(F)(F)F)c(=O)n1Cc1ccc(cc1)-c1ccccc1S(=O)(=O)NC(=O)C1CCCCC1,0.15
CCCCc1nc2ccc(NC(=O)NC(C)C)cc2c(=O)n1Cc1ccc(cc1)-c1ccccc1S(=O)(=O)NC(=O)c1ccccc1,0.15
CCCCOC(=O)NS(=O)(=O)c1ccccc1-c1ccc(Cn2c(CCCC)nc3ccc(NC(=O)NC(C)C)cc3c2=O)cc1,0.15
CCCCC(=O)Nc1ccc(Br)c(c1)-n1nc(CC)n(Cc2ccc(cc2F)-c2ccccc2S(=O)(=O)NC(=O)OC(C)(C)C)c1=O,0.16
CCCCNC(=O)c1ccc(Cl)c(c1)-n1nc(CCCC)n(Cc2ccc(cc2F)-c2ccccc2S(=O)(=O)NC(=O)c2ccccc2Cl)c1=O,0.16
CCCCc1nn(-c2cc(NC(=O)C(C)(C)C)ccc2Cl)c(=O)n1Cc1ccc(cc1)-c1ccccc1S(=O)(=O)NC(=O)c1ccccc1Cl,0.16
CCCCC(=O)Nc1ccc(Cl)c(c1)-n1nc(CCCC)n(Cc2ccc(cc2)-c2ccccc2S(=O)(=O)NC(=O)c2ccccc2Cl)c1=O,0.16
CCCCc1ncc(\C=C(/Cc2cccs2)C(O)=O)n1Cc1ccc(C(O)=O)c(Cl)c1Cl,0.16
CCCCC(=O)Nc1ccc(Cl)c(c1)-n1nc(CCCC)n(Cc2ccc(cc2)-c2ccccc2S(=O)(=O)NC(=O)c2ccccc2Cl)c1=O,0.16
CCCCNC(=O)c1ccc(Cl)c(c1)-n1nc(CCCC)n(Cc2ccc(cc2F)-c2ccccc2S(=O)(=O)NC(=O)c2ccccc2Cl)c1=O,0.16
CCCCC(=O)Nc1ccc(Cl)c(c1)-n1nc(CCCC)n(Cc2ccc(cc2)-c2ccccc2S(=O)(=O)NC(=O)c2ccccc2Cl)c1=O,0.16
CCCCc1nn(-c2cc(NC(=O)C(C)(C)C)ccc2Cl)c(=O)n1Cc1ccc(cc1)-c1ccccc1S(=O)(=O)NC(=O)c1ccccc1Cl,0.16
CCCCNC(=O)c1ccc(Cl)c(c1)-n1nc(CCCC)n(Cc2ccc(cc2F)-c2ccccc2S(=O)(=O)NC(=O)c2ccccc2Cl)c1=O,0.16
CCCCC(=O)Nc1ccc(Br)c(c1)-n1nc(CC)n(Cc2ccc(cc2F)-c2ccccc2S(=O)(=O)NC(=O)OC(C)(C)C)c1=O,0.16
CCCCc1nn(-c2ccccc2C(F)(F)F)c(=O)n1Cc1ccc(cc1)-c1ccccc1S(=O)(=O)NS(=O)(=O)C(C)C,0.16
CCCCC(=O)Nc1ccc(Br)c(c1)-n1nc(CC)n(Cc2ccc(cc2F)-c2ccccc2S(=O)(=O)NC(=O)OC(C)(C)C)c1=O,0.160325
CCCCNC(=O)c1ccc(Cl)c(c1)-n1nc(CCCC)n(Cc2ccc(cc2F)-c2ccccc2S(=O)(=O)NC(=O)c2ccccc2Cl)c1=O,0.160325
CCCCNC(=O)c1ccc(Cl)c(c1)-n1nc(CCCC)n(Cc2ccc(cc2F)-c2ccccc2S(=O)(=O)NC(=O)OC(C)(C)C)c1=O,0.17
CCCCc1nn(-c2cc(NC(=O)CC)ccc2Cl)c(=O)n1Cc1ccc(cc1)-c1ccccc1S(=O)(=O)NC(=O)c1ccccc1Cl,0.17
CCCCc1nn(-c2cc(NC(=O)CC)ccc2Cl)c(=O)n1Cc1ccc(cc1)-c1ccccc1S(=O)(=O)NC(=O)c1ccccc1Cl,0.17
Cc1nc(C)c2c(O)cc(=O)n(Cc3ccc(cc3)-c3ccccc3-c3nnn[nH]3)c2n1,0.17
CCCCc1nn(-c2cc(NC(=O)CC)ccc2Cl)c(=O)n1Cc1ccc(cc1)-c1ccccc1S(=O)(=O)NC(=O)c1ccccc1Cl,0.17
CCCCNC(=O)c1ccc(Cl)c(c1)-n1nc(CCCC)n(Cc2ccc(cc2F)-c2ccccc2S(=O)(=O)NC(=O)OC(C)(C)C)c1=O,0.17
CCCCc1nn(-c2cc(NC(=O)CC)ccc2Cl)c(=O)n1Cc1ccc(cc1)-c1ccccc1S(=O)(=O)NC(=O)c1ccccc1Cl,0.17
CCCCNC(=O)c1ccc(Cl)c(c1)-n1nc(CCCC)n(Cc2ccc(cc2F)-c2ccccc2S(=O)(=O)NC(=O)OC(C)(C)C)c1=O,0.17
CCCCc1nn(-c2cc(NC(=O)CC)ccc2Cl)c(=O)n1Cc1ccc(cc1)-c1ccccc1S(=O)(=O)NC(=O)c1ccccc1Cl,0.17
CCCCc1nn(-c2ccccc2C(F)(F)F)c(=O)n1Cc1ccc(cc1)-c1ccccc1S(=O)(=O)NC(=O)c1cc2ccccc2o1,0.17
CCCCc1nn(-c2ccccc2C(F)(F)F)c(=O)n1Cc1ccc(cc1)-c1ccccc1S(=O)(=O)NC(=O)c1cc(C)oc1C(F)(F)F,0.17
CCCCCOC(=O)NS(=O)(=O)c1ccccc1-c1ccc(Cn2c(CCCC)nc3ccc(NC(=O)NC(C)C)cc3c2=O)cc1,0.17
CCCCc1nn(-c2cc(NC(=O)CC)ccc2Cl)c(=O)n1Cc1ccc(cc1)-c1ccccc1S(=O)(=O)NC(=O)c1ccccc1Cl,0.170216
CCCCNC(=O)c1ccc(Cl)c(c1)-n1nc(CCCC)n(Cc2ccc(cc2F)-c2ccccc2S(=O)(=O)NC(=O)OC(C)(C)C)c1=O,0.178238
CCCCc1nn(-c2cc(NC(=O)C(C)C)ccc2Cl)c(=O)n1Cc1ccc(cc1)-c1ccccc1S(=O)(=O)NC(=O)c1ccccc1Cl,0.18
CCCCc1nn(c(C(O)=O)c1Cc1ccc(cc1)-c1ccccc1-c1nnn[nH]1)-c1c(Cl)cccc1Cl,0.18
CCCCc1nn(-c2cc(NC(=O)C(C)C)ccc2Cl)c(=O)n1Cc1ccc(cc1)-c1ccccc1S(=O)(=O)NC(=O)c1ccccc1Cl,0.18
CCCCOC(=O)NS(=O)(=O)c1ccccc1-c1ccc(Cn2c(CCC)nc3ccc(NC(=O)NCCC)cc3c2=O)cc1,0.18
CCCCOC(=O)NS(=O)(=O)c1ccccc1-c1ccc(Cn2c(CCC)nc3ccc(NC(=O)NCC)cc3c2=O)cc1,0.18
CCCCc1nn(-c2cc(NC(=O)c3ccccc3)ccc2Br)c(=O)n1Cc1ccc(cc1F)-c1ccccc1S(=O)(=O)NC(=O)OC(C)(C)C,0.19
CCCCC(=O)Nc1ccc(Cl)c(c1)-n1nc(CCC)n(Cc2ccc(cc2F)-c2ccccc2S(=O)(=O)NC(=O)c2cc(Cl)ccc2Cl)c1=O,0.19
CCCCOC(=O)NS(=O)(=O)c1ccccc1-c1ccc(Cn2c(CCCC)nc3ccc(NC(=O)N(C)C(C)C)cc3c2=O)c(F)c1,0.19
CCc1ccc(C(=O)NS(=O)(=O)c2ccccc2-c2ccc(Cn3c(CC)nc4ccc(NC(=O)NC(C)C)cc4c3=O)c(F)c2)c(F)c1,0.19
CCCCc1nn(-c2cc(NC(=O)c3ccccc3)ccc2Br)c(=O)n1Cc1ccc(cc1F)-c1ccccc1S(=O)(=O)NC(=O)OC(C)(C)C,0.19
CCCCc1nn(-c2cc(NC(=O)c3ccccc3)ccc2Br)c(=O)n1Cc1ccc(cc1F)-c1ccccc1S(=O)(=O)NC(=O)OC(C)(C)C,0.19
CCCNC(=O)c1ccc(c(c1)-n1nc(CCC)n(Cc2ccc(cc2F)-c2ccccc2S(=O)(=O)NC(=O)c2ccccc2)c1=O)C(F)(F)F,0.19
CCCCc1nn(-c2ccccc2C(F)(F)F)c(=O)n1Cc1ccc(cc1)-c1ccccc1S(=O)(=O)NC(=O)c1occ(Cl)c1Cl,0.19
CCCCOC(=O)NS(=O)(=O)c1ccccc1-c1ccc(Cn2c(CCC)nc3ccc(NC(=O)CCCC)cc3c2=O)cc1,0.19
CCCCC(=O)Nc1ccc(Cl)c(c1)-n1nc(CCC)n(Cc2ccc(cc2F)-c2ccccc2S(=O)(=O)NC(=O)c2cc(Cl)ccc2Cl)c1=O,0.190108
CCCCc1nn(-c2cc(NC(=O)c3ccccc3)ccc2Br)c(=O)n1Cc1ccc(cc1F)-c1ccccc1S(=O)(=O)NC(=O)OC(C)(C)C,0.190108
CCCCc1nn(-c2cc(NC(=O)CC)ccc2C(F)(F)F)c(=O)n1Cc1ccc(cc1F)-c1ccccc1S(=O)(=O)NC(=O)CC(C)(C)C,0.2
CCCc1nn(-c2cc(NC(=O)COCC)ccc2C(F)(F)F)c(=O)n1Cc1ccc(cc1F)-c1ccccc1S(=O)(=O)NC(=O)OC(C)(C)C,0.2
CCc1nc2c(C)cc(C)nc2n1Cc1ccc(cc1)-c1ccccc1S(=O)(=O)NC(=O)c1ccccc1,0.2
CCCCc1nc2ccn(CC(=O)N(C)C)c(=O)c2n1Cc1ccc(cc1)-c1ccccc1-c1nnn[nH]1,0.2
CCCCC(=O)Nc1ccc(Br)c(c1)-n1nc(CC)n(Cc2ccc(cc2F)-c2ccccc2S(=O)(=O)NC(=O)OC(C)(C)C)c1=O,0.2
CCCc1nc(CC)c(C(=O)OCCCSc2ccccc2)n1Cc1ccc(cc1F)-c1ccccc1S(=O)(=O)NC(=O)OCCC(C)C,0.2
CCCc1nc(CC)c(C(=O)OCCCS(=O)c2ccccc2)n1Cc1ccc(cc1F)-c1ccccc1S(=O)(=O)NC(=O)OCCC(C)C,0.2
CCCc1nc(CC)c(C(=O)OCc2ccccc2S(=O)c2ccccc2)n1Cc1ccc(cc1F)-c1ccccc1S(=O)(=O)NC(=O)OCCC(C)C,0.2
CCCCN(Cc1ccccc1)C(=O)CCCOC(=O)c1c(CC)nc(CCC)n1Cc1ccc(cc1F)-c1ccccc1S(=O)(=O)NC(=O)OCCC(C)C,0.2
CCCc1nc(CC)c(C(=O)OCCCS(=O)(=O)c2ccccc2)n1Cc1ccc(cc1F)-c1ccccc1S(=O)(=O)NC(=O)OCCC(C)C,0.2
CCc1nc2c(C)cc(C)nc2n1Cc1ccc(cc1)-c1ccccc1S(=O)(=O)NC(=O)c1ccccc1,0.2
CCCCOC(=O)NS(=O)(=O)c1ccccc1-c1ccc(Cn2c(CCC)nc(CC)c2C(=O)OCc2ccccc2C(=O)c2ccccc2)c(F)c1,0.2
CCCc1nc(CC)c(C(=O)OCCN(C(=O)OCCC(C)C)c2ccccc2)n1Cc1ccc(cc1F)-c1ccccc1S(=O)(=O)NC(=O)OCCC(C)C,0.2
CCCc1nc(CC)c(C(=O)OCCCCOc2ccccc2)n1Cc1ccc(cc1F)-c1ccccc1S(=O)(=O)NC(=O)OCCC(C)C,0.2
CCCc1nc(CC)c(C(=O)OCCCC(=O)Nc2ccccc2)n1Cc1ccc(cc1F)-c1ccccc1S(=O)(=O)NC(=O)OCCC(C)C,0.2
CCCc1nc(CC)c(C(=O)OCCN2C(=O)c3ccccc3C2=O)n1Cc1ccc(cc1F)-c1ccccc1S(=O)(=O)NC(=O)OCCC(C)C,0.2
CCCc1nc2ccc(NC(=O)NC(C)C)cc2c(=O)n1Cc1ccc(cc1F)-c1ccccc1S(=O)(=O)NC(=O)c1ccc(CC)cc1F,0.2
CCCCc1nn(Cc2ccccc2)c(C(O)=O)c1Cc1ccc(cc1)-c1ccccc1-c1nnn[nH]1,0.2
CCc1nc2c(C)cc(C)nc2n1Cc1ccc(cc1)-c1ccccc1S(=O)(=O)NC(=O)c1ccccc1,0.2
CCCCc1nn(-c2cc(NC(=O)CC)ccc2C(F)(F)F)c(=O)n1Cc1ccc(cc1F)-c1ccccc1S(=O)(=O)NC(=O)CC(C)(C)C,0.2
CCCc1nn(-c2cc(NC(=O)COCC)ccc2C(F)(F)F)c(=O)n1Cc1ccc(cc1F)-c1ccccc1S(=O)(=O)NC(=O)OC(C)(C)C,0.2
CCCc1nn(-c2cc(NC(=O)COCC)ccc2C(F)(F)F)c(=O)n1Cc1ccc(cc1F)-c1ccccc1S(=O)(=O)NC(=O)OC(C)(C)C,0.2
CCc1nc2c(C)cc(C)nc2n1Cc1ccc(cc1)-c1ccccc1S(=O)(=O)NC(=O)c1ccccc1,0.2
CCCCc1nn(-c2cc(NC(=O)CC)ccc2C(F)(F)F)c(=O)n1Cc1ccc(cc1F)-c1ccccc1S(=O)(=O)NC(=O)CC(C)(C)C,0.2
CCCCc1nn(-c2ccccc2C(F)(F)F)c(=O)n1Cc1ccc(cc1)-c1ccccc1S(=O)(=O)NS(=O)(=O)c1ccccc1,0.2
CCCCOC(=O)NS(=O)(=O)c1ccccc1-c1ccc(Cn2c(CC)nc3c(C)cc(C)nc23)cc1,0.2
CCCCOC(=O)NS(=O)(=O)c1ccc(C)cc1-c1ccc(Cn2c(CC)nc3c(C)cc(C)nc23)cc1,0.2
CCc1nc2c(C)cc(C)nc2n1Cc1ccc(cc1)-c1ccccc1S(=O)(=O)NC(=O)c1ccccc1,0.2
CCCCCCCC(=O)NS(=O)(=O)Nc1ccccc1-c1ccc(Cn2c(CCCC)ncc2C(O)=O)cc1,0.2
CCCCc1nn(-c2cc(NC(=O)CC)ccc2C(F)(F)F)c(=O)n1Cc1ccc(cc1F)-c1ccccc1S(=O)(=O)NC(=O)CC(C)(C)C,0.200447
CCCc1nn(-c2cc(NC(=O)COCC)ccc2C(F)(F)F)c(=O)n1Cc1ccc(cc1F)-c1ccccc1S(=O)(=O)NC(=O)OC(C)(C)C,0.200447
CCCCc1nn(-c2cc(NC(=O)CC)ccc2Cl)c(=O)n1Cc1ccc(cc1)-c1ccccc1S(=O)(=O)NC(=O)OC(C)(C)C,0.21
CCCCC(=O)Nc1ccc(Br)c(c1)-n1nc(CCC)n(Cc2ccc(cc2F)-c2ccccc2S(=O)(=O)NC(=O)OC(C)(C)C)c1=O,0.21
CCCCc1nn(-c2cc(NC(=O)CC)ccc2C(F)(F)F)c(=O)n1Cc1ccc(cc1)-c1ccccc1S(=O)(=O)NC(=O)c1ccccc1Cl,0.21
CCCCc1nn(-c2cc(NC(=O)CC)ccc2Cl)c(=O)n1Cc1ccc(cc1)-c1ccccc1S(=O)(=O)NC(=O)OC(C)(C)C,0.21
CCCCc1nn(-c2cc(NC(=O)CC(C)(C)C)ccc2Cl)c(=O)n1Cc1ccc(cc1)-c1ccccc1S(=O)(=O)NC(=O)c1ccccc1Cl,0.21
CCCCc1nn(-c2cc(NC(=O)CC)ccc2Cl)c(=O)n1Cc1ccc(cc1)-c1ccccc1S(=O)(=O)NC(=O)OC(C)(C)C,0.21
CCCCc1nn(-c2cc(NC(=O)CC)ccc2C(F)(F)F)c(=O)n1Cc1ccc(cc1)-c1ccccc1S(=O)(=O)NC(=O)c1ccccc1Cl,0.21
CCCCc1nn(-c2cc(NC(=O)CC(C)(C)C)ccc2Cl)c(=O)n1Cc1ccc(cc1)-c1ccccc1S(=O)(=O)NC(=O)c1ccccc1Cl,0.21
CCCCc1nn(-c2cc(NC(=O)CC)ccc2Cl)c(=O)n1Cc1ccc(cc1)-c1ccccc1S(=O)(=O)NC(=O)OC(C)(C)C,0.21
CCc1nc2c(C)cc(C)nc2n1Cc1ccc(cc1)-c1ccccc1S(=O)(=O)NC(=O)C(C)C,0.21
CCCCC(=O)Nc1ccc(Br)c(c1)-n1nc(CCC)n(Cc2ccc(cc2F)-c2ccccc2S(=O)(=O)NC(=O)OC(C)(C)C)c1=O,0.21
CCCCc1nn(-c2cc(NC(=O)CC)ccc2Cl)c(=O)n1Cc1ccc(cc1)-c1ccccc1S(=O)(=O)NC(=O)OC(C)(C)C,0.21
CCCCc1nn(-c2ccccc2C(F)(F)F)c(=O)n1Cc1ccc(cc1)-c1ccccc1S(=O)(=O)NC(=O)c1occc1C,0.21
CCCCOC(=O)NS(=O)(=O)c1ccccc1-c1ccc(Cn2c(CCC)nc3ccc(NC(=O)N(C)C(C)C)cc3c2=O)cc1,0.21
CCCCc1nn(-c2cc(NC(=O)CC)ccc2Cl)c(=O)n1Cc1ccc(cc1)-c1ccccc1S(=O)(=O)NC(=O)OC(C)(C)C,0.210378
CCCCC(=O)Nc1ccc(Br)c(c1)-n1nc(CCC)n(Cc2ccc(cc2F)-c2ccccc2S(=O)(=O)NC(=O)OC(C)(C)C)c1=O,0.210378
CCCCC(=O)Nc1ccc(Br)c(c1)-n1nc(CC)n(Cc2ccc(cc2F)-c2ccccc2S(=O)(=O)NC(=O)c2ccccc2F)c1=O,0.22
CCCCc1nn(-c2cc(NC(=O)CC)ccc2C(F)(F)F)c(=O)n1Cc1ccc(cc1F)-c1ccccc1S(=O)(=O)NC(=O)c1ccccc1F,0.22
CCCCc1nn(-c2cc(NC(=O)CC)ccc2C(F)(F)F)c(=O)n1Cc1ccc(cc1F)-c1ccccc1S(=O)(=O)NC(=O)c1ccccc1F,0.22
CCCCC(=O)Nc1ccc(Br)c(c1)-n1nc(CC)n(Cc2ccc(cc2F)-c2ccccc2S(=O)(=O)NC(=O)c2ccccc2F)c1=O,0.22
CCCCc1nn(-c2ccccc2C(F)(F)F)c(=O)n1Cc1ccc(cc1)-c1ccccc1S(=O)(=O)NC(=O)c1oc(C)cc1C,0.22
CCCCC(=O)Nc1ccc(Br)c(c1)-n1nc(CC)n(Cc2ccc(cc2F)-c2ccccc2S(=O)(=O)NC(=O)c2ccccc2F)c1=O,0.22
CCCCc1nn(-c2ccccc2C(F)(F)F)c(=O)n1Cc1ccc(cc1)-c1ccccc1S(=O)(=O)NC(=O)C1(C)SCCS1,0.22
CCCCC(=O)Nc1ccc(Br)c(c1)-n1nc(CC)n(Cc2ccc(cc2F)-c2ccccc2S(=O)(=O)NC(=O)c2ccccc2F)c1=O,0.220293
CCCCc1nn(-c2cc(NC(=O)CC)ccc2C(F)(F)F)c(=O)n1Cc1ccc(cc1F)-c1ccccc1S(=O)(=O)NC(=O)c1ccccc1F,0.220293
CCCCC(=O)Nc1ccc(Br)c(c1)-n1nc(CC)n(Cc2ccc(cc2F)-c2ccccc2S(=O)(=O)NC(=O)c2cc(F)ccc2F)c1=O,0.23
CCCCc1nc2ccc(NC(=O)N(C)C(C)C)cc2c(=O)n1Cc1ccc(cc1F)-c1ccccc1S(=O)(=O)NC(=O)OCCC(C)C,0.23
CCCCC(=O)Nc1ccc(Br)c(c1)-n1nc(CC)n(Cc2ccc(cc2F)-c2ccccc2S(=O)(=O)NC(=O)c2cc(F)ccc2F)c1=O,0.23
CCCCC(=O)Nc1ccc(Br)c(c1)-n1nc(CC)n(Cc2ccc(cc2F)-c2ccccc2S(=O)(=O)NC(=O)c2cc(F)ccc2F)c1=O,0.23
CCCCC(=O)Nc1ccc(Br)c(c1)-n1nc(CC)n(Cc2ccc(cc2F)-c2ccccc2S(=O)(=O)NC(=O)c2cc(F)ccc2F)c1=O,0.230144
CCCc1nn(-c2cc(NC(=O)c3ccccc3)ccc2Br)c(=O)n1Cc1ccc(cc1F)-c1ccccc1S(=O)(=O)NC(=O)OC(C)(C)C,0.24
CCCCc1nn(-c2cc(NC(=O)CC)ccc2C(F)(F)F)c(=O)n1Cc1ccc(cc1F)-c1ccccc1S(=O)(=O)NC(=O)OC(C)C,0.24
CCCCOC(=O)NS(=O)(=O)c1ccccc1-c1ccc(Cn2c(CCCC)nc3ccc(NC(=O)N(C)C(C)C)cc3c2=O)cc1,0.24
CCCc1nc2ccc(NC(=O)N3CCOCC3)cc2c(=O)n1Cc1ccc(cc1F)-c1ccccc1S(=O)(=O)NC(=O)OCCC(C)C,0.24
CCCCc1nn(CCc2ccccc2)c(C(O)=O)c1Cc1ccc(cc1)-c1ccccc1-c1nnn[nH]1,0.24
CCCCc1nn(c(C(O)=O)c1Cc1ccc(cc1)-c1ccccc1-c1nnn[nH]1)-c1ccccc1C(F)(F)F,0.24
CCCCOC(=O)NS(=O)(=O)c1ccccc1-c1ccc(Cn2c(CCCC)nc3ccc(NC(=O)N(C)C(C)C)cc3c2=O)cc1,0.24
CCCCc1nn(-c2cc(NC(=O)CC)ccc2C(F)(F)F)c(=O)n1Cc1ccc(cc1F)-c1ccccc1S(=O)(=O)NC(=O)OC(C)C,0.24
CCCc1nn(-c2cc(NC(=O)c3ccccc3)ccc2Br)c(=O)n1Cc1ccc(cc1F)-c1ccccc1S(=O)(=O)NC(=O)OC(C)(C)C,0.24
CCCCOC(=O)NS(=O)(=O)c1ccccc1-c1ccc(Cn2c(CCCC)nc3ccc(NC(=O)NCC)cc3c2=O)cc1,0.24
CCCCOC(=O)NS(=O)(=O)c1ccccc1-c1ccc(Cn2c(CCCC)nc3ccc(NC(=O)N(C)C(C)C)cc3c2=O)cc1,0.24
CCCCc1nn(-c2cc(NC(=O)CC)ccc2C(F)(F)F)c(=O)n1Cc1ccc(cc1F)-c1ccccc1S(=O)(=O)NC(=O)OC(C)C,0.240436
CCCc1nn(-c2cc(NC(=O)c3ccccc3)ccc2Br)c(=O)n1Cc1ccc(cc1F)-c1ccccc1S(=O)(=O)NC(=O)OC(C)(C)C,0.240436
CCCCc1nn(-c2cc(NC(=O)CC)ccc2Br)c(=O)n1Cc1ccc(cc1Cl)-c1ccccc1S(=O)(=O)NC(=O)OC(C)(C)C,0.25
CCCCc1nn(-c2cc(ccc2Cl)C(=O)OC)c(=O)n1Cc1ccc(cc1)-c1ccccc1S(=O)(=O)NC(=O)c1ccccc1Cl,0.25
CCCCc1nn(-c2cc(NC(=O)CCc3ccccc3)ccc2Cl)c(=O)n1Cc1ccc(cc1)-c1ccccc1S(=O)(=O)NC(=O)c1ccccc1Cl,0.25
CCCCc1nn(-c2cc(NC(=O)CC)ccc2Cl)c(=O)n1Cc1ccc(cc1)-c1cc(CC)ccc1S(=O)(=O)NC(=O)c1ccccc1Cl,0.25
CCCCc1nn(-c2cc(NC(=O)CC)ccc2C(F)(F)F)c(=O)n1Cc1ccc(cc1F)-c1ccccc1S(=O)(=O)NC(=O)c1ccccc1Cl,0.25
CCCCc1nn(-c2cc(ccc2Cl)C(=O)OC)c(=O)n1Cc1ccc(cc1)-c1ccccc1S(=O)(=O)NC(=O)c1ccccc1Cl,0.25
CCCCc1nn(-c2cc(NC(=O)CCc3ccccc3)ccc2Cl)c(=O)n1Cc1ccc(cc1)-c1ccccc1S(=O)(=O)NC(=O)c1ccccc1Cl,0.25
CCCCc1nn(-c2cc(NC(=O)CC)ccc2Br)c(=O)n1Cc1ccc(cc1Cl)-c1ccccc1S(=O)(=O)NC(=O)OC(C)(C)C,0.25
CCCCNC(=O)Nc1ccc2nc(CCC)n(Cc3ccc(cc3)-c3ccccc3S(=O)(=O)NC(=O)OCCCC)c(=O)c2c1,0.25
CCCc1nc2ccc(NC(=O)N3CCOCC3)cc2c(=O)n1Cc1ccc(cc1)-c1ccccc1S(=O)(=O)NC(=O)OCCC(C)C,0.25
CCCOC(=O)NS(=O)(=O)c1ccccc1-c1ccc(Cn2c(CCC)nc3ccc(NC(=O)NC(C)C)cc3c2=O)cc1,0.25
CCCCc1nn(-c2cc(NC(=O)CC)ccc2Br)c(=O)n1Cc1ccc(cc1Cl)-c1ccccc1S(=O)(=O)NC(=O)OC(C)(C)C,0.250035
CCCCc1nn(-c2cc(ccc2Cl)C(=O)NCCOC)c(=O)n1Cc1ccc(cc1F)-c1ccccc1S(=O)(=O)NC(=O)OC(C)(C)C,0.26
CCCCc1nn(-c2cc(NC(=O)COCC)ccc2C(F)(F)F)c(=O)n1Cc1ccc(cc1F)-c1ccccc1S(=O)(=O)NC(=O)OC(C)(C)C,0.26
CCCCc1nn(-c2cc(NC(=O)OCCC)ccc2Cl)c(=O)n1Cc1ccc(cc1)-c1ccccc1S(=O)(=O)NC(=O)c1ccccc1Cl,0.26
CCCC(=O)Nc1c(C)nc2n(Cc3ccc(cc3)-c3ccccc3S(=O)(=O)NC(=O)CCC3CCCC3)c(CCC)nc2c1C,0.26
CCCCc1nn(-c2cc(NC(=O)COCC)ccc2C(F)(F)F)c(=O)n1Cc1ccc(cc1F)-c1ccccc1S(=O)(=O)NC(=O)OC(C)(C)C,0.26
CCCCc1nn(-c2cc(ccc2Cl)C(=O)NCCOC)c(=O)n1Cc1ccc(cc1F)-c1ccccc1S(=O)(=O)NC(=O)OC(C)(C)C,0.26
CCCCc1nn(-c2cc(ccc2Cl)C(=O)NCCOC)c(=O)n1Cc1ccc(cc1F)-c1ccccc1S(=O)(=O)NC(=O)OC(C)(C)C,0.26
CCCCc1nn(-c2cc(NC(=O)OCCC)ccc2Cl)c(=O)n1Cc1ccc(cc1)-c1ccccc1S(=O)(=O)NC(=O)c1ccccc1Cl,0.26
CCCCc1nn(-c2ccccc2C(F)(F)F)c(=O)n1Cc1ccc(cc1)-c1ccccc1S(=O)(=O)NC(=O)c1ccco1,0.26
CCCCOC(=O)NS(=O)(=O)c1ccccc1-c1ccc(Cn2c(CCC)nc3ccc(NC(=O)NC)cc3c2=O)cc1,0.26
CCCCc1nn(-c2cc(ccc2Cl)C(=O)NCCOC)c(=O)n1Cc1ccc(cc1F)-c1ccccc1S(=O)(=O)NC(=O)OC(C)(C)C,0.260016
CCCCc1nn(-c2cc(NC(=O)COCC)ccc2C(F)(F)F)c(=O)n1Cc1ccc(cc1F)-c1ccccc1S(=O)(=O)NC(=O)OC(C)(C)C,0.260016
CCCCc1nn(-c2cc(ccc2Cl)C(=O)NCCC)c(=O)n1Cc1ccc(cc1F)-c1ccccc1S(=O)(=O)NC(=O)OC(C)(C)C,0.27
CCCCOC(=O)NS(=O)(=O)c1ccccc1-c1ccc(Cn2c(CCC)nc3c(C)c(NC(=O)CCCC)cnc23)cc1,0.27
CCCCc1nn(-c2cc(ccc2Cl)C(=O)NCCC)c(=O)n1Cc1ccc(cc1F)-c1ccccc1S(=O)(=O)NC(=O)OC(C)(C)C,0.27
CCCCc1nn(-c2cc(ccc2Cl)C(=O)NCCC)c(=O)n1Cc1ccc(cc1F)-c1ccccc1S(=O)(=O)NC(=O)OC(C)(C)C,0.27
CCCC(=O)NS(=O)(=O)c1ccccc1-c1ccc(Cn2c(CC)nc3c(C)cc(C)nc23)cc1,0.27
CCCCc1nn(-c2ccccc2C(F)(F)F)c(=O)n1Cc1ccc(cc1)-c1ccccc1S(=O)(=O)NC(=O)c1ccccc1C(F)(F)F,0.27
CCCCc1nn(-c2ccccc2C(F)(F)F)c(=O)n1Cc1ccc(cc1)-c1ccccc1S(=O)(=O)NC(=O)c1sccc1Cl,0.27
CCCCc1nn(-c2cc(ccc2Cl)C(=O)NCCC)c(=O)n1Cc1ccc(cc1F)-c1ccccc1S(=O)(=O)NC(=O)OC(C)(C)C,0.270396
CCCCNC(=O)c1ccc(Br)c(c1)-n1nc(CCC)n(Cc2ccc(cc2F)-c2ccccc2S(=O)(=O)NC(=O)OC(C)(C)C)c1=O,0.28
CCCCc1nn(-c2cc(NC(=O)CC)ccc2C(F)(F)F)c(=O)n1Cc1ccc(cc1F)-c1ccccc1S(=O)(=O)NC(=O)OC(C)(C)C,0.28
CCCOC(=O)NS(=O)(=O)c1ccccc1-c1ccc(Cn2c(CCC)nc(CC)c2C(=O)OCc2ccccc2C(=O)c2ccccc2)c(F)c1,0.28
CCCCc1nn(-c2cc(NC(=O)CC)ccc2C(F)(F)F)c(=O)n1Cc1ccc(cc1F)-c1ccccc1S(=O)(=O)NC(=O)OC(C)(C)C,0.28
CCCCNC(=O)c1ccc(Br)c(c1)-n1nc(CCC)n(Cc2ccc(cc2F)-c2ccccc2S(=O)(=O)NC(=O)OC(C)(C)C)c1=O,0.28
CCCCc1nn(-c2cc(NC(=O)CC)ccc2C(F)(F)F)c(=O)n1Cc1ccc(cc1F)-c1ccccc1S(=O)(=O)NC(=O)OC(C)(C)C,0.28
CCCCc1nn(-c2cc(NC(=O)CC)ccc2C(F)(F)F)c(=O)n1Cc1ccc(cc1F)-c1ccccc1S(=O)(=O)NC(=O)OC(C)(C)C,0.280543
CCCCNC(=O)c1ccc(Br)c(c1)-n1nc(CCC)n(Cc2ccc(cc2F)-c2ccccc2S(=O)(=O)NC(=O)OC(C)(C)C)c1=O,0.280543
CCCCc1nn(-c2cc(NC(=O)CC)ccc2C(F)(F)F)c(=O)n1Cc1ccc(cc1)-c1ccccc1S(=O)(=O)NC(=O)OC(C)(C)C,0.29
CCCCc1nn(-c2cc(NC(=O)CC)ccc2C(F)(F)F)c(=O)n1Cc1ccc(cc1)-c1ccccc1S(=O)(=O)NC(=O)OC(C)(C)C,0.29
CCCCc1nn(-c2cc(NC(=O)CC)ccc2C(F)(F)F)c(=O)n1Cc1ccc(cc1)-c1ccccc1S(=O)(=O)NC(=O)OC(C)(C)C,0.29
CCCCc1nn(-c2cc(NC(=O)CC)ccc2C(F)(F)F)c(=O)n1Cc1ccc(cc1)-c1ccccc1S(=O)(=O)NC(=O)OC(C)(C)C,0.29
CCCCc1nn(-c2cc(NC(=O)CC)ccc2C(F)(F)F)c(=O)n1Cc1ccc(cc1)-c1ccccc1S(=O)(=O)NC(=O)OC(C)(C)C,0.29
CCCCc1nn(-c2cc(NC(=O)CC)ccc2C(F)(F)F)c(=O)n1Cc1ccc(cc1)-c1ccccc1S(=O)(=O)NC(=O)OC(C)(C)C,0.290402
CCCC(=O)Nc1cc(C)c2nc(CCC)n(Cc3ccc(cc3)-c3ccccc3C(O)=O)c2c1,0.3
CCCCc1nn(-c2cc(NCc3ccccc3)ccc2Cl)c(=O)n1Cc1ccc(cc1)-c1ccccc1S(=O)(=O)NC(=O)c1ccccc1Cl,0.3
CCc1nc2c(C)cc(C)nc2n1Cc1ccc(cc1)-c1ccccc1-c1nnn[nH]1,0.3
CCCNC(=O)NS(=O)(=O)c1ccccc1-c1ccc(Cn2c(CCC)nc(SC)c2C(O)=O)cc1,0.3
CCCc1nc(CC)c(C(=O)OCc2ccccc2C(=O)Nc2ccccc2)n1Cc1ccc(cc1F)-c1ccccc1S(=O)(=O)NC(=O)OCCC(C)C,0.3
CCCOC(=O)NS(=O)(=O)c1ccccc1-c1ccc(Cn2c(CCC)nc(CC)c2C(=O)OCc2cccc(c2)C(=O)c2ccccc2)c(F)c1,0.3
CCCc1nc(CC)c(C(=O)OCc2ccccc2NC(=O)c2ccccc2)n1Cc1ccc(cc1F)-c1ccccc1S(=O)(=O)NC(=O)OCCC(C)C,0.3
CCc1nc2c(C)cc(C)nc2n1Cc1ccc(cc1)-c1ccccc1-c1nnn[nH]1,0.3
CCCOC(=O)NS(=O)(=O)c1ccccc1-c1ccc(Cn2c(CCC)nc(CC)c2C(=O)OCc2ccccc2-c2ccsc2)c(F)c1,0.3
CCCc1nc(CC)c(C(=O)NCCCOc2ccccc2)n1Cc1ccc(cc1F)-c1ccccc1S(=O)(=O)NC(=O)OCCC(C)C,0.3
CCCc1nc(CC)c(C(=O)OCc2ccccc2C(=O)C(C)(C)C)n1Cc1ccc(cc1F)-c1ccccc1S(=O)(=O)NC(=O)OCCC(C)C,0.3
CCCc1nc(CC)c(C(=O)OCc2ccccc2-c2ccccn2)n1Cc1ccc(cc1F)-c1ccccc1S(=O)(=O)NC(=O)OCCC(C)C,0.3
CCc1nc2c(C)cc(C)nc2n1Cc1ccc(cc1)-c1ccccc1-c1nnn[nH]1,0.3
CCc1nc2c(C)cc(C)nc2n1Cc1ccc(cc1)-c1ccccc1-c1nnn[nH]1,0.3
CCCc1ccc(-c2nnn[nH]2)c(c1)-c1ccc(Cn2c(CC)nc3c(C)cc(C)nc23)cc1,0.3
CCc1nc2c(C)cc(C)nc2n1Cc1ccc(cc1)-c1ccccc1-c1nnn[nH]1,0.3
CCCCc1nn(-c2cc(NCc3ccccc3)ccc2Cl)c(=O)n1Cc1ccc(cc1)-c1ccccc1S(=O)(=O)NC(=O)c1ccccc1Cl,0.3
CCc1nc2c(C)cc(C)nc2n1Cc1ccc(cc1)-c1ccccc1-c1nnn[nH]1,0.3
CCc1nc2c(C)cc(C)nc2n1Cc1ccc(cc1)-c1ccccc1-c1nnn[nH]1,0.3
CCCCc1nn(-c2ccccc2C(F)(F)F)c(=O)n1Cc1ccc(cc1)-c1ccccc1S(=O)(=O)NC(=O)C1CCCCCC1,0.3
CCCc1nc2ccc3NCCCCCCCC(=O)NS(=O)(=O)c4ccccc4-c4ccc(Cn1c(=O)c2c3)cc4,0.3
CCc1nc2c(C)cc(C)nc2n1Cc1ccc(cc1)-c1ccccc1S(=O)(=O)NC(=O)c1ccccc1,0.3
CCc1nc2c(C)cc(C)nc2n1Cc1ccc(cc1)-c1cc(C)sc1S(=O)(=O)NC(=O)c1ccccc1,0.3
CCc1nc2c(C)cc(C)nc2n1Cc1ccc(cc1)-c1ccccc1-c1nnn[nH]1,0.3
CCc1nc2c(C)cc(C)nc2n1Cc1ccc(cc1)-c1ccccc1-c1nnn[nH]1,0.3
CCCCc1nn(-c2ccccc2C(F)(F)F)c(=O)n1Cc1ccc(cc1F)-c1ccccc1S(=O)(=O)NC(=O)OC(C)(C)C,0.31
CCCCc1nn(-c2ccccc2C(F)(F)F)c(=O)n1Cc1ccc(cc1)-c1ccccc1S(=O)(=O)NC(=O)c1ccccc1,0.31
CCCCc1nn(-c2ccccc2C(F)(F)F)c(=O)n1Cc1ccc(cc1)-c1ccccc1S(=O)(=O)NC(=O)c1cc2ccccc2s1,0.31
CCCCc1nn(-c2ccccc2C(F)(F)F)c(=O)n1Cc1ccc(cc1)-c1ccccc1S(=O)(=O)NC(=O)C1CCCC1,0.32
CCCCc1nc2ccc(NC(=O)NC(C)C)cc2c(=O)n1Cc1ccc(cc1)-c1ccccc1S(=O)(=O)NC(=O)OCCOC,0.32
CCCCc1nc(Cl)c(CO)n1Cc1ccc(cc1)-c1ccccc1-c1nnn[nH]1,0.33
CCCC(=O)Nc1cnc2n(Cc3ccc(cc3)-c3ccccc3S(=O)(=O)NC(=O)OCc3ccccc3)c(CCC)nc2c1C,0.33
CCCC(=O)Nc1cnc2n(Cc3ccc(cc3)-c3ccccc3S(=O)(=O)NC(=O)OCc3ccccc3)c(CCC)nc2c1C,0.33
CCCCc1nc2ccc(NC(=O)N(C)C(C)C)cc2c(=O)n1Cc1ccc(cc1)-c1ccccc1S(=O)(=O)NC(=O)OCCC(C)C,0.33
CCCCc1nn(-c2ccccc2C(F)(F)F)c(=O)n1Cc1ccc(cc1)-c1ccccc1S(=O)(=O)NC(=O)c1ccccc1,0.33
CCc1cc2c(s1)n(Cc1ccc(cc1)-c1ccccc1-c1nc(=O)o[nH]1)c(=O)n(CCc1ccc(F)cc1)c2=O,0.34
[Br-].CCCCc1c[n+](Cc2ccc(cc2)-c2ccccc2-c2nn[nH]n2)cn1Cc1ccc(cc1)-c1ccccc1-c1nn[nH]n1,0.346737
CCCCc1nn(c(C(O)=O)c1Cc1ccc(cc1)-c1ccccc1-c1nnn[nH]1)-c1ccccc1Cl,0.35
CCCc1nn(-c2cc(NC(=O)CC)ccc2Br)c(=O)n1Cc1ccc(cc1F)-c1ccccc1S(=O)(=O)NC(=O)OC(C)(C)C,0.35
CCCc1nc(CC)c(C(=O)OCc2ccccc2C(=O)c2ccccc2)n1Cc1ccc(cc1)-c1ccccc1S(=O)(=O)NC(=O)OCCC(C)C,0.35
CCCCc1nn(c(C(O)=O)c1Cc1ccc(cc1)-c1ccccc1-c1nnn[nH]1)-c1ccccc1Cl,0.35
CCCc1nn(-c2cc(NC(=O)CC)ccc2Br)c(=O)n1Cc1ccc(cc1F)-c1ccccc1S(=O)(=O)NC(=O)OC(C)(C)C,0.35
CCCc1nn(-c2cc(NC(=O)CC)ccc2Br)c(=O)n1Cc1ccc(cc1F)-c1ccccc1S(=O)(=O)NC(=O)OC(C)(C)C,0.35
CCCCc1nn(-c2ccccc2C(F)(F)F)c(=O)n1Cc1ccc(cc1)-c1ccccc1S(=O)(=O)NC(=O)C1SCCS1,0.35
CCCc1nc2ccc(NC(=O)c3ccccc3)cc2c(=O)n1Cc1ccc(cc1)-c1ccccc1S(=O)(=O)NC(=O)OCCC(C)C,0.35
CCCc1nn(-c2cc(NC(=O)CC)ccc2Br)c(=O)n1Cc1ccc(cc1F)-c1ccccc1S(=O)(=O)NC(=O)OC(C)(C)C,0.350752
CCCCc1nn(-c2cc(NC(=O)CC)ccc2C(F)(F)F)c(=O)n1Cc1ccc(cc1F)-c1ccccc1S(=O)(=O)NC(=O)c1cc(Cl)ccc1Cl,0.36
CCCCc1nn(-c2cc(NC(=O)CC)ccc2C(F)(F)F)c(=O)n1Cc1ccc(cc1F)-c1ccccc1S(=O)(=O)NC(=O)c1ccccc1F,0.36
CCCCc1nn(-c2cc(NC(=O)CC)ccc2C(F)(F)F)c(=O)n1Cc1ccc(cc1F)-c1ccccc1S(=O)(=O)NC(=O)c1cc(Cl)ccc1Cl,0.36
CCCCc1nn(-c2cc(NC(=O)CC)ccc2C(F)(F)F)c(=O)n1Cc1ccc(cc1F)-c1ccccc1S(=O)(=O)NC(=O)c1cc(Cl)ccc1Cl,0.36
CCCCc1nn(-c2ccccc2C(F)(F)F)c(=O)n1Cc1ccc(cc1)-c1ccccc1S(=O)(=O)NC(=O)C1CC1(C)C,0.36
FC(F)(F)CCCc1nn(-c2ccccc2C(F)(F)F)c(=O)n1Cc1ccc(cc1)-c1ccccc1S(=O)(=O)NC(=O)c1ccccc1Cl,0.36
CCCc1nc2ccc(NC(=O)c3ccco3)cc2c(=O)n1Cc1ccc(cc1)-c1ccccc1S(=O)(=O)NC(=O)OCCC(C)C,0.36
CCCCc1nn(-c2cc(NC(=O)CC)ccc2C(F)(F)F)c(=O)n1Cc1ccc(cc1F)-c1ccccc1S(=O)(=O)NC(=O)c1cc(Cl)ccc1Cl,0.360579
CCCCc1nn(-c2cc(NC(=O)c3ccco3)ccc2Cl)c(=O)n1Cc1ccc(cc1F)-c1ccccc1S(=O)(=O)NC(=O)OC(C)(C)C,0.37
CCCCc1nn(-c2ccc(NCc3ccccc3)cc2C(F)(F)F)c(=O)n1Cc1ccc(cc1)-c1ccccc1S(=O)(=O)NC(=O)c1ccccc1Cl,0.37
CCCCCC(=O)NS(=O)(=O)c1ccccc1-c1ccc(Cn2c(CCCC)nc3cc(NC(=O)CCCC)cnc23)cc1,0.37
CCCCc1nn(-c2cc(NC(=O)c3ccco3)ccc2Cl)c(=O)n1Cc1ccc(cc1F)-c1ccccc1S(=O)(=O)NC(=O)OC(C)(C)C,0.37
CCCCc1nn(-c2ccc(NCc3ccccc3)cc2C(F)(F)F)c(=O)n1Cc1ccc(cc1)-c1ccccc1S(=O)(=O)NC(=O)c1ccccc1Cl,0.37
CCCCc1nn(-c2cc(NC(=O)c3ccco3)ccc2Cl)c(=O)n1Cc1ccc(cc1F)-c1ccccc1S(=O)(=O)NC(=O)OC(C)(C)C,0.37
CCCCc1nn(-c2ccccc2C(F)(F)F)c(=O)n1Cc1ccc(cc1)-c1ccccc1S(=O)(=O)NC(=O)C1(C)CC1(Cl)Cl,0.37
CCCCc1nn(-c2cc(NC(=O)c3ccco3)ccc2Cl)c(=O)n1Cc1ccc(cc1F)-c1ccccc1S(=O)(=O)NC(=O)OC(C)(C)C,0.370681
CCCc1nn(-c2cc(NC(=O)c3ccccc3)ccc2C(F)(F)F)c(=O)n1Cc1ccc(cc1F)-c1ccccc1S(=O)(=O)NC(=O)OC(C)(C)C,0.38
CCCCC(=O)Nc1ccc(Br)c(c1)-n1nc(C)n(Cc2ccc(cc2F)-c2ccccc2S(=O)(=O)NC(=O)OC(C)(C)C)c1=O,0.38
CCCCc1nn(-c2cc(NC(=O)c3ccccc3)ccc2C(F)(F)F)c(=O)n1Cc1ccc(cc1F)-c1ccccc1S(=O)(=O)NC(=O)OC(C)(C)C,0.38
CCCCc1nn(-c2cc(NC(=O)c3ccccc3)ccc2C(F)(F)F)c(=O)n1Cc1ccc(cc1F)-c1ccccc1S(=O)(=O)NC(=O)OC(C)(C)C,0.38
CCCc1nn(-c2cc(NC(=O)c3ccccc3)ccc2C(F)(F)F)c(=O)n1Cc1ccc(cc1F)-c1ccccc1S(=O)(=O)NC(=O)OC(C)(C)C,0.38
CCCCC(=O)Nc1ccc(Br)c(c1)-n1nc(C)n(Cc2ccc(cc2F)-c2ccccc2S(=O)(=O)NC(=O)OC(C)(C)C)c1=O,0.38
CCCCc1nn(-c2cc(NC(=O)c3ccccc3)ccc2C(F)(F)F)c(=O)n1Cc1ccc(cc1F)-c1ccccc1S(=O)(=O)NC(=O)OC(C)(C)C,0.38
CCCCC(=O)Nc1ccc(Br)c(c1)-n1nc(C)n(Cc2ccc(cc2F)-c2ccccc2S(=O)(=O)NC(=O)OC(C)(C)C)c1=O,0.38
CCCc1nn(-c2cc(NC(=O)c3ccccc3)ccc2C(F)(F)F)c(=O)n1Cc1ccc(cc1F)-c1ccccc1S(=O)(=O)NC(=O)OC(C)(C)C,0.38
CCCc1nn(-c2cc(NC(=O)c3ccccc3)ccc2C(F)(F)F)c(=O)n1Cc1ccc(cc1F)-c1ccccc1S(=O)(=O)NC(=O)OC(C)(C)C,0.380189
CCCCc1nn(-c2cc(NC(=O)c3ccccc3)ccc2C(F)(F)F)c(=O)n1Cc1ccc(cc1F)-c1ccccc1S(=O)(=O)NC(=O)OC(C)(C)C,0.380189
CCCCC(=O)Nc1ccc(Br)c(c1)-n1nc(C)n(Cc2ccc(cc2F)-c2ccccc2S(=O)(=O)NC(=O)OC(C)(C)C)c1=O,0.380189
CCCCc1nn(-c2ccccc2C(F)(F)F)c(=O)n1Cc1ccc(cc1)-c1ccccc1S(=O)(=O)NC(=O)C1C2CCC(C2)C1=C,0.39
CCCc1nc2ccc(NC(=O)N3CCOCC3)cc2c(=O)n1Cc1ccc(cc1)-c1ccccc1S(=O)(=O)NC(=O)OCCCC(C)C,0.39
CCCc1nc2c(C)cc(NC(=O)CC)cc2n1Cc1ccc(cc1)-c1ccccc1C(O)=O,0.4
CNCC(=O)N[C@@H](CCCN=C(N)N)C(=O)N[C@@H](C(C)C)C(=O)N[C@@H](Cc1ccc(O)cc1)C(=O)N[C@@H](C(C)C)C(=O)N[C@@H](Cc1cnc[nH]1)C(=O)N1CCC[C@H]1C(=O)N[C@@H](C)C(O)=O,0.4
CCc1nc2c(C)cc(C)nc2n1Cc1ccc(cc1)-c1ccccc1-c1nnn[nH]1,0.4
CCCc1nc(CC)c(C(=O)NCc2ccccc2Sc2ccccc2)n1Cc1ccc(cc1F)-c1ccccc1S(=O)(=O)NC(=O)OCCC(C)C,0.4
CCCCOC(=O)NS(=O)(=O)c1ccccc1-c1ccc(Cn2c(CCC)nc(CC)c2C(=O)NCCCOc2ccccc2)c(F)c1,0.4
CCCc1nc(CC)c(C(=O)OCc2ccccc2S(=O)(=O)c2ccccc2)n1Cc1ccc(cc1F)-c1ccccc1S(=O)(=O)NC(=O)OCCC(C)C,0.4
CNCC(=O)N[C@@H](CCCN=C(N)N)C(=O)N[C@@H](C(C)C)C(=O)N[C@@H](Cc1ccc(O)cc1)C(=O)N[C@@H](C(C)C)C(=O)N[C@@H](Cc1cnc[nH]1)C(=O)N1CCC[C@H]1C(=O)N[C@@H](C)C(O)=O,0.4
CCc1nn(Cc2ccc(cc2)-c2ccccc2-c2nnn[nH]2)c(=NC(=O)C2=C(CCC2)C([O-])=O)s1,0.4
CCc1nc2c(C)cc(C)nc2n1Cc1ccc(cc1)-c1ccccc1-c1nnn[nH]1,0.4
CCCCc1nn(-c2ccccc2C(F)(F)F)c(=O)n1Cc1ccc(cc1)-c1ccccc1S(=O)(=O)NC(=O)c1ccc(Br)o1,0.4
CCCCc1nn(-c2ccccc2C(F)(F)F)c(=O)n1Cc1ccc(cc1)-c1ccccc1S(=O)(=O)NC(=O)c1ccccc1Br,0.4
CCCCc1nn(-c2ccccc2C(F)(F)F)c(=O)n1Cc1ccc(cc1)-c1ccccc1S(=O)(=O)NC(=O)c1ccc(C)o1,0.4
CCCc1nc2ccc(NC(=O)c3ccccc3)cc2c(=O)n1Cc1ccc(cc1)-c1ccccc1-c1nnn[nH]1,0.4
CCCCC(=O)Nc1ccc(c(c1)-n1nc(CC)n(Cc2ccc(cc2F)-c2ccccc2S(=O)(=O)NC(=O)OC(C)(C)C)c1=O)C(F)(F)F,0.41
CCCCc1nn(-c2cc(NC(=O)c3ccccc3)ccc2Cl)c(=O)n1Cc1ccc(cc1)-c1ccccc1S(=O)(=O)NC(=O)c1ccccc1Cl,0.41
CCCCc1nn(-c2cc(ccc2Cl)[N+]([O-])=O)c(=O)n1Cc1ccc(cc1)-c1ccccc1S(=O)(=O)NC(=O)c1ccccc1Cl,0.41
CCCCC(=O)Nc1ccc(c(c1)-n1nc(CCCC)n(Cc2ccc(cc2F)-c2ccccc2S(=O)(=O)NC(=O)OC(C)(C)C)c1=O)C(F)(F)F,0.41
CCCCC(=O)Nc1ccc(c(c1)-n1nc(CC)n(Cc2ccc(cc2F)-c2ccccc2S(=O)(=O)NC(=O)OC(C)(C)C)c1=O)C(F)(F)F,0.41
CCCCc1nn(-c2cc(NC(=O)c3ccccc3)ccc2Cl)c(=O)n1Cc1ccc(cc1)-c1ccccc1S(=O)(=O)NC(=O)c1ccccc1Cl,0.41
CCCCc1nn(-c2cc(ccc2Cl)[N+]([O-])=O)c(=O)n1Cc1ccc(cc1)-c1ccccc1S(=O)(=O)NC(=O)c1ccccc1Cl,0.41
CCCCC(=O)Nc1ccc(c(c1)-n1nc(CC)n(Cc2ccc(cc2F)-c2ccccc2S(=O)(=O)NC(=O)OC(C)(C)C)c1=O)C(F)(F)F,0.41
CCCCc1nn(-c2ccccc2C(F)(F)F)c(=O)n1Cc1ccc(cc1)-c1ccccc1S(=O)(=O)NC(=O)c1ccccc1OC,0.41
CCCCC(=O)Nc1ccc(c(c1)-n1nc(CC)n(Cc2ccc(cc2F)-c2ccccc2S(=O)(=O)NC(=O)OC(C)(C)C)c1=O)C(F)(F)F,0.410204
CCCCC(=O)Nc1ccc(c(c1)-n1nc(CCCC)n(Cc2ccc(cc2F)-c2ccccc2S(=O)(=O)NC(=O)OC(C)(C)C)c1=O)C(F)(F)F,0.42
CCCCc1nn(-c2ccc(NC(=O)CC)cc2C(F)(F)F)c(=O)n1Cc1ccc(cc1)-c1ccccc1S(=O)(=O)NC(=O)c1ccccc1Cl,0.42
CCCc1nn(Cc2ccccc2)c(C(O)=O)c1Cc1ccc(cc1)-c1ccccc1-c1nnn[nH]1,0.42
CCCCc1nc(C)c(CC(=S)N(C)C)c(=O)n1Cc1ccc(cc1)-c1ccccc1-c1nnn[nH]1,0.42
CCCc1nn(Cc2ccccc2)c(C(O)=O)c1Cc1ccc(cc1)-c1ccccc1-c1nnn[nH]1,0.42
CCCCC(=O)Nc1ccc(c(c1)-n1nc(CCCC)n(Cc2ccc(cc2F)-c2ccccc2S(=O)(=O)NC(=O)OC(C)(C)C)c1=O)C(F)(F)F,0.42
CCCCc1nn(-c2ccc(NC(=O)CC)cc2C(F)(F)F)c(=O)n1Cc1ccc(cc1)-c1ccccc1S(=O)(=O)NC(=O)c1ccccc1Cl,0.42
CCCCc1nn(-c2ccccc2C(F)(F)F)c(=O)n1Cc1ccc(cc1)-c1ccccc1S(=O)(=O)NC(=O)OCC(C)C,0.42
CCCCC(=O)Nc1ccc(c(c1)-n1nc(CCCC)n(Cc2ccc(cc2F)-c2ccccc2S(=O)(=O)NC(=O)OC(C)(C)C)c1=O)C(F)(F)F,0.420727
CCCCc1nn(-c2ccccc2C(F)(F)F)c(=O)n1Cc1ccc(cc1)-c1ccccc1S(=O)(=O)NC(=O)c1ccccc1,0.43
CCCCC(=O)Nc1ccc(Br)c(c1)-n1nc(CCC)n(Cc2ccc(cc2F)-c2ccccc2S(=O)(=O)NC(=O)OC(C)(C)C)c1=O,0.43
CCCCc1nn(-c2ccccc2C(F)(F)F)c(=O)n1Cc1ccc(cc1)-c1ccccc1S(=O)(=O)NC(=O)c1ccccc1,0.43
CCCCc1nn(-c2ccccc2C(F)(F)F)c(=O)n1Cc1ccc(cc1)-c1ccccc1S(=O)(=O)NC(=O)c1ccccc1,0.43
CCCCc1nn(-c2cc(NC(=O)CC)ccc2C(F)(F)F)c(=O)n1Cc1ccc(cc1F)-c1ccccc1S(=O)(=O)NC(=O)c1ccccc1Cl,0.43
CCCCc1nn(-c2ccccc2C(F)(F)F)c(=O)n1Cc1ccc(cc1)-c1ccccc1S(=O)(=O)NC(=O)c1oc2ccccc2c1C,0.43
CCCCc1nn(-c2ccccc2C(F)(F)F)c(=O)n1Cc1ccc(cc1)-c1ccccc1S(=O)(=O)NC(=O)c1ccccc1,0.43
CCCc1nc2ccc(NC(=O)NCC)cc2c(=O)n1Cc1ccc(cc1)-c1ccccc1S(=O)(=O)NC(=O)OCCC(C)(C)C,0.43
CCCCc1nn(-c2ccccc2C(F)(F)F)c(=O)n1Cc1ccc(cc1)-c1ccccc1S(=O)(=O)NC(=O)c1ccccc1,0.43
CCCCNC(=O)c1ccc(c(c1)-n1nc(CCC)n(Cc2ccc(cc2F)-c2ccccc2S(=O)(=O)NC(=O)OC(C)(C)C)c1=O)C(F)(F)F,0.44
CCCCNC(=O)c1ccc(Br)c(c1)-n1nc(CCC)n(Cc2ccc(cc2F)-c2ccccc2S(=O)(=O)NC(=O)c2cc(Cl)ccc2Cl)c1=O,0.44
CCc1nn(Cc2ccc(cc2)-c2ccccc2-c2nnn[nH]2)c(=NC(=O)C2=C(CCC2)C([O-])=O)s1,0.44
CCc1nn(Cc2ccc(cc2)-c2ccccc2-c2nnn[nH]2)c(=NC(=O)C2=C(CCC2)C(O)=O)s1,0.44
CCCCc1nn(-c2cc(NC(=O)CC)ccc2Cl)c(=O)n1Cc1ccc(cc1F)-c1ccccc1S(=O)(=O)NC(=O)OC(C)(C)C,0.44
CCCCNC(=O)c1ccc(Br)c(c1)-n1nc(CCC)n(Cc2ccc(cc2F)-c2ccccc2S(=O)(=O)NC(=O)c2cc(Cl)ccc2Cl)c1=O,0.44
CCCCNC(=O)c1ccc(c(c1)-n1nc(CCC)n(Cc2ccc(cc2F)-c2ccccc2S(=O)(=O)NC(=O)OC(C)(C)C)c1=O)C(F)(F)F,0.44
CCCCNC(=O)c1ccc(Br)c(c1)-n1nc(CCC)n(Cc2ccc(cc2F)-c2ccccc2S(=O)(=O)NC(=O)c2cc(Cl)ccc2Cl)c1=O,0.44
CCCCNC(=O)c1ccc(c(c1)-n1nc(CCC)n(Cc2ccc(cc2F)-c2ccccc2S(=O)(=O)NC(=O)OC(C)(C)C)c1=O)C(F)(F)F,0.440555
CCCCNC(=O)c1ccc(Br)c(c1)-n1nc(CCC)n(Cc2ccc(cc2F)-c2ccccc2S(=O)(=O)NC(=O)c2cc(Cl)ccc2Cl)c1=O,0.440555
CCCCc1nn(-c2ccccc2C(F)(F)F)c(=O)n1Cc1ccc(cc1)-c1ccccc1S(=O)(=O)NC(=O)OC(C)(C)C,0.45
CCCCc1nn(-c2ccccc2C(F)(F)F)c(=O)n1Cc1ccc(cc1)-c1ccccc1S(=O)(=O)NC(=O)OC(C)(C)C,0.45
CCCCc1nn(-c2cc(NC(=O)CC)ccc2C(F)(F)F)c(=O)n1Cc1ccc(cc1F)-c1ccccc1S(=O)(=O)NC(=O)OC(C)C,0.45
CCCCc1nn(-c2ccccc2C(F)(F)F)c(=O)n1Cc1ccc(cc1)-c1ccccc1S(=O)(=O)NC(=O)OC(C)(C)C,0.45
CCCCc1nn(-c2ccccc2C(F)(F)F)c(=O)n1Cc1ccc(cc1)-c1ccccc1S(=O)(=O)NC(=O)OC(C)(C)C,0.45
CCCCc1nn(-c2ccccc2C(F)(F)F)c(=O)n1Cc1ccc(cc1)-c1ccccc1S(=O)(=O)NC(=O)OC(C)(C)C,0.45
CCCCc1nn(c(C(O)=O)c1Cc1ccc(cc1)-c1ccccc1-c1nnn[nH]1)-c1ccccc1C,0.46
CC(C)(C)NS(=O)(=O)c1ccc(-c2sc(nc2CC2CCCCC2)C(=O)N[C@H]2C[C@@H](C2)C(O)=O)c2ccccc12,0.47
CC(O)CCC(=O)N([C@@H](C(C)C)C(O)=O)c1ccc(cc1)-c1ccccc1-c1nnn[nH]1,0.47
CCCc1cc(Cn2c(CC)nc3c(C)cc(C)nc23)cc(CCC)c1OC(C(O)=O)c1cccc(Oc2ccccc2)c1,0.47
CCCCc1nn(-c2ccccc2C(F)(F)F)c(=O)n1Cc1ccc(cc1)-c1ccccc1S(=O)(=O)NC(=O)c1cc(Cl)ccc1Cl,0.48
CCCc1nc2c(C)cc(cc2n1Cc1ccc(cc1)-c1ccccc1C(O)=O)-c1nc2ccccc2n1C,0.49
CCCc1nc2c(C)cc(cc2n1Cc1ccc(cc1)-c1ccccc1C(O)=O)-c1nc2ccccc2n1C,0.49
CCCCN1C(=O)N(CCCC)\C(=C\c2cnc(CCCC)n2Cc2ccc(cc2)C(O)=O)C1=O,0.5
CCCCN1C(=O)N(Cc2csc(N)n2)\C(=C\c2cnc(CCCC)n2Cc2ccc(cc2)C(O)=O)C1=O,0.5
CCCCc1nc2ccc(NC(=O)NC(C)C)cc2c(=O)n1Cc1ccc(cc1)-c1ccccc1-c1nnn[nH]1,0.5
CCCc1nc(CC)c(C(=O)OCc2ccccc2C(=O)c2ccccc2)n1Cc1ccc(cc1F)-c1ccccc1S(=O)(=O)NC(=O)OCC(C)C,0.5
CCCOC(=O)NS(=O)(=O)c1ccccc1-c1ccc(Cn2c(CCC)nc(CC)c2C(=O)OCc2ccccc2-c2cccs2)c(F)c1,0.5
CCCc1nc(CC)c(C(=O)OCc2ccccc2C(=O)c2ccccc2)n1Cc1ccc(cc1F)-c1ccccc1S(=O)(=O)NC(=O)OCCC(C)C,0.5
CCCc1nc2ccc(cc2c(=O)n1Cc1ccc(cc1)-c1ccccc1S(=O)(=O)NC(=O)c1ccccc1)N(C)C(=O)OCC(C)C,0.5
CCCCC(=O)N(Cc1ccccc1)c1cc2nc(CCCC)n(Cc3ccc(cc3)-c3ccccc3-c3nnn[nH]3)c2nc1C,0.5
CCCCc1nn(c(C(O)=O)c1Cc1ccc(cc1)-c1ccccc1-c1nnn[nH]1)-c1c(Cl)cc(Cl)cc1Cl,0.5
CCCCc1nn(-c2cc(NC(=O)CC)ccc2Br)c(=O)n1Cc1ccc(cc1F)-c1ccccc1S(=O)(=O)NC(=O)OC(C)(C)C,0.5
CCCc1nc(CC)c(C(=O)OC)n1Cc1ccc(cc1)-c1ccccc1S(=O)(=O)NC(=O)c1ccccc1,0.5
CCc1nc2c(C)cc(C)nc2n1Cc1ccc(cc1)-c1ccccc1-c1nnn[nH]1,0.5
CCCCc1nn(-c2ccccc2C(F)(F)F)c(=O)n1Cc1ccc(cc1)-c1ccccc1S(=O)(=O)NC(=O)c1ccccc1,0.5
CCCCC(=O)Nc1ccc(Cl)c(c1)-n1nc(CC)n(Cc2ccc(cc2F)-c2ccccc2S(=O)(=O)NC(=O)OC(C)(C)C)c1=O,0.51
CCCCOC(=O)NS(=O)(=O)c1ccccc1-c1ccc(Cn2c(CCC)nc3c(C)c(NC(=O)CCC)cnc23)cc1,0.51
CCCCC(=O)Nc1ccc(Cl)c(c1)-n1nc(CC)n(Cc2ccc(cc2F)-c2ccccc2S(=O)(=O)NC(=O)OC(C)(C)C)c1=O,0.51
CCCCC(=O)Nc1ccc(Cl)c(c1)-n1nc(CC)n(Cc2ccc(cc2F)-c2ccccc2S(=O)(=O)NC(=O)OC(C)(C)C)c1=O,0.51
CCCCC(=O)Nc1ccc(Cl)c(c1)-n1nc(CC)n(Cc2ccc(cc2F)-c2ccccc2S(=O)(=O)NC(=O)OC(C)(C)C)c1=O,0.510505
CCCc1nc2ccc(NC(=O)NC(C)C)cc2c(=O)n1Cc1ccc(cc1F)-c1ccccc1S(=O)(=O)NC(=O)COCC(C)C,0.52
CCCCc1nn(CC(F)(F)F)c(C(O)=O)c1Cc1ccc(cc1)-c1ccccc1-c1nnn[nH]1,0.52
CCCCNC(=O)c1ccc(c(c1)-n1nc(CC)n(Cc2ccc(cc2F)-c2ccccc2S(=O)(=O)NC(=O)OC(C)(C)C)c1=O)C(F)(F)F,0.53
CCCc1cc(Cn2c(CC)nc3c(C)cc(C)nc23)cc(CCC)c1OC(C(O)=O)c1ccccc1Cl,0.53
CCCCNC(=O)c1ccc(c(c1)-n1nc(CC)n(Cc2ccc(cc2F)-c2ccccc2S(=O)(=O)NC(=O)OC(C)(C)C)c1=O)C(F)(F)F,0.53
CCCCNC(=O)c1ccc(c(c1)-n1nc(CC)n(Cc2ccc(cc2F)-c2ccccc2S(=O)(=O)NC(=O)OC(C)(C)C)c1=O)C(F)(F)F,0.530884
CCc1ccc(cc1)C(=O)NS(=O)(=O)c1ccccc1-c1ccc(Cn2c(CC)nc3ccc(NC(=O)N(C)C(C)C)cc3c2=O)c(F)c1,0.54
CCc1nc2c(C)cc(C)nc2n1Cc1ccc(cc1)-c1ccccc1-c1nnn[nH]1,0.54
CCc1nc2c(C)cc(C)nc2n1Cc1ccc(cc1)-c1ccccc1-c1nnn[nH]1,0.54
CCc1nc2c(C)cc(C)nc2n1Cc1ccc(cc1)-c1ccccc1-c1nnn[nH]1,0.54
CCCCc1nc(c(C(O)=O)n1Cc1ccc(cc1)-c1ccccc1-c1nnn[nH]1)-c1ccccc1Cl,0.55
CCCCc1nc(c(C(O)=O)n1Cc1ccc(cc1)-c1ccccc1-c1nnn[nH]1)-c1ccccc1Cl,0.55
CCCCc1nn(-c2ccccc2C(F)(F)F)c(=O)n1Cc1ccc(cc1)-c1ccccc1S(=O)(=O)NC(=O)c1ccccc1,0.55
CCCCc1nc(c(C(O)=O)n1Cc1ccc(cc1)-c1ccccc1-c1nnn[nH]1)-c1ccccc1Cl,0.55
CCCc1nc2ccc(NC(=O)Nc3ccccc3)cc2c(=O)n1Cc1ccc(cc1)-c1ccccc1S(=O)(=O)NC(=O)OCCC(C)C,0.55
CCCCc1nn(-c2ccccc2C(F)(F)F)c(=O)n1Cc1ccc(cc1)-c1ccccc1S(=O)(=O)NC(=O)c1ccccc1,0.55
CCC(=O)Nc1ccc(Br)c(c1)-n1nc(CC)n(Cc2ccc(cc2F)-c2ccccc2S(=O)(=O)NC(=O)OC(C)(C)C)c1=O,0.56
CCCCc1nn(-c2cc(N)ccc2Cl)c(=O)n1Cc1ccc(cc1)-c1ccccc1S(=O)(=O)NC(=O)c1ccccc1Cl,0.56
CCCCc1nn(-c2ccc(N)cc2C(F)(F)F)c(=O)n1Cc1ccc(cc1)-c1ccccc1S(=O)(=O)NC(=O)c1ccccc1Cl,0.56
CCCCc1nn(-c2cc(NC(=O)COCC)ccc2Cl)c(=O)n1Cc1ccc(cc1F)-c1ccccc1S(=O)(=O)NC(=O)OC(C)(C)C,0.56
CCC(=O)Nc1ccc(Br)c(c1)-n1nc(CC)n(Cc2ccc(cc2F)-c2ccccc2S(=O)(=O)NC(=O)OC(C)(C)C)c1=O,0.56
CCCCc1nn(-c2ccc(N)cc2C(F)(F)F)c(=O)n1Cc1ccc(cc1)-c1ccccc1S(=O)(=O)NC(=O)c1ccccc1Cl,0.56
CCCCc1nn(-c2cc(N)ccc2Cl)c(=O)n1Cc1ccc(cc1)-c1ccccc1S(=O)(=O)NC(=O)c1ccccc1Cl,0.56
CCCCc1nn(-c2ccccc2C(F)(F)F)c(=O)n1Cc1ccc(cc1)-c1ccccc1S(=O)(=O)NC(=O)C1CC1C,0.56
CCC(=O)Nc1ccc(Br)c(c1)-n1nc(CC)n(Cc2ccc(cc2F)-c2ccccc2S(=O)(=O)NC(=O)OC(C)(C)C)c1=O,0.56
CCCCc1nn(-c2ccccc2C(F)(F)F)c(=O)n1Cc1ccc(cc1)-c1ccccc1S(=O)(=O)NC(=O)c1ccccc1C,0.56
CCC(=O)Nc1ccc(Br)c(c1)-n1nc(CC)n(Cc2ccc(cc2F)-c2ccccc2S(=O)(=O)NC(=O)OC(C)(C)C)c1=O,0.561048
CNCC(=O)N[C@@H](CCCN=C(N)N)C(=O)N[C@@H](C(C)C)C(=O)N[C@@H](Cc1ccc(O)cc1)C(=O)N[C@@H](C(C)C)C(=O)N[C@@H](Cc1cnc[nH]1)C(=O)N1CCC[C@H]1C(=O)N[C@@H](C)C(O)=O,0.57
CCCc1nc(CC)c(C(=O)OCc2ccccc2C(=O)c2ccccc2)n1Cc1ccc(cc1F)-c1ccccc1S(=O)(=O)NC(=O)OCCc1ccccc1,0.57
CCc1nc2ccc(NC(=O)N(C)C(C)C)cc2c(=O)n1Cc1ccc(cc1F)-c1ccccc1S(=O)(=O)NC(=O)OCCC1CC1,0.57
CCc1nc2ccc(NC(=O)N(C)C(C)C)cc2c(=O)n1Cc1ccc(cc1F)-c1ccccc1S(=O)(=O)NC(=O)OCCC1CC1,0.57
CCCCc1nc2ccc(cc2c(=O)n1Cc1ccc(cc1)-c1ccccc1-c1nnn[nH]1)N(C)C(=O)N(C)C(C)C,0.58
CCCCOC(=O)NS(=O)(=O)c1ccccc1-c1ccc(Cn2c(CCCC)nn(-c3ccccc3C(F)(F)F)c2=O)cc1,0.59
CCCCN1C(=O)N(Cc2ccc(C)s2)\C(=C/c2cnc(CCCC)n2Cc2ccc(cc2)C(O)=O)C1=O,0.6
CCCCN1C(=O)N(Cc2csc(N)n2)\C(=C/c2cnc(CCCC)n2Cc2ccc(cc2)C(O)=O)C1=O,0.6
CCCCN1C(=O)N(Cc2cccs2)\C(=C\c2cnc(CCCC)n2Cc2ccc(cc2)C(O)=O)C1=O,0.6
CCCCOC(=O)NS(=O)(=O)c1ccccc1-c1ccc(Cn2c(CCC)nc(CC)c2C(=O)OCc2ccccc2Oc2ccccc2)c(F)c1,0.6
CCCc1nc(CC)c(C(=O)OCc2cccc(c2)C(=O)c2ccccc2)n1Cc1ccc(cc1F)-c1ccccc1S(=O)(=O)NC(=O)OCCC(C)C,0.6
CCCc1nc(CC)c(C(=O)OCc2ccccc2C(=O)c2ccccc2)n1Cc1ccc(cc1)-c1ccccc1S(=O)(=O)NC(=O)OC,0.6
CCCc1nc(CC)c(C(=O)NCc2ccccc2S(=O)c2ccccc2)n1Cc1ccc(cc1F)-c1ccccc1S(=O)(=O)NC(=O)OCCC(C)C,0.6
CCCc1nc(CC)c(C(=O)OCc2ccccc2-c2ccsc2)n1Cc1ccc(cc1F)-c1ccccc1S(=O)(=O)NC(=O)OCCC(C)C,0.6
CCCCN(C(=O)c1ccccc1)c1cnc2n(Cc3ccc(cc3)-c3ccccc3-c3nnn[nH]3)c(CCCC)nc2c1C,0.6
CCCCc1nc2cc(NC(=O)N(c3ccccc3)c3ccccc3)c(C)nc2n1Cc1ccc(cc1)-c1ccccc1-c1nnn[nH]1,0.6
CCCCc1nc2c(C)c(NC(=O)N(c3ccccc3)c3ccccc3)cnc2n1Cc1ccc(cc1)-c1ccccc1-c1nnn[nH]1,0.6
CCCCc1nn(c(C(O)=O)c1Cc1ccc(cc1)-c1ccccc1-c1nnn[nH]1)-c1ccc(Cl)cc1Cl,0.6
CCCCc1nc2c(C)c(NC(=O)N(c3ccccc3)c3ccccc3)cnc2n1Cc1ccc(cc1)-c1ccccc1-c1nnn[nH]1,0.6
CCCCc1nn(-c2ccccc2C(F)(F)F)c(=O)n1Cc1ccc(cc1)-c1ccccc1S(=O)(=O)NC(=O)c1ccccc1-c1ccccc1,0.6
CCCCc1nn(-c2cc(NC(C)=O)ccc2Cl)c(=O)n1Cc1ccc(cc1F)-c1cc(CCC)ccc1S(=O)(=O)NC(=O)c1ccccc1F,0.62
CCc1nc2ccc(NC(=O)N(C)C(C)C)cc2c(=O)n1Cc1ccc(cc1F)-c1ccccc1S(=O)(=O)NC(=O)OCCC(C)C,0.62
CCCCN(C)C(=O)c1ccc(Cl)c(c1)-n1nc(CCCC)n(Cc2ccc(cc2)-c2ccccc2S(=O)(=O)NC(=O)c2ccccc2Cl)c1=O,0.63
CCCCN(C)C(=O)c1ccc(Cl)c(c1)-n1nc(CCCC)n(Cc2ccc(cc2)-c2ccccc2S(=O)(=O)NC(=O)c2ccccc2Cl)c1=O,0.63
CCCCc1nn(c(C(O)=O)c1Cc1ccc(cc1)-c1ccccc1-c1nnn[nH]1)-c1ccccc1-c1ccccc1,0.64
CCCCc1nn(-c2ccccc2C(F)(F)F)c(=O)n1Cc1ccc(cc1)-c1ccccc1S(=O)(=O)NC(=O)c1ccc(C)s1,0.64
CCCCc1nn(-c2ccccc2C(F)(F)F)c(=O)n1Cc1ccc(cc1)-c1ccccc1S(=O)(=O)NC(=O)C1CC1(F)F,0.64
CCCc1cc(=O)n(CC(=O)N(C)C)c(=O)n1Cc1ccc(cc1)-c1ccccc1-c1nnn[nH]1,0.65
CCc1nn(Cc2ccc(cc2)-c2ccccc2-c2nnn[nH]2)c(=NC(=O)c2ccccc2C(O)=O)s1,0.66
CCCc1nn(c(C(O)=O)c1Cc1ccc(cc1)-c1ccccc1-c1nnn[nH]1)-c1ccccc1C(F)(F)F,0.67
CCCCc1nn(-c2ccccc2C(F)(F)F)c(=O)n1Cc1ccc(cc1)-c1ccccc1S(=O)(=O)NC(=O)c1cc(Br)sc1Br,0.67
CCc1nc2c(C)cc(C)nc2n1Cc1ccc(cc1)-c1ccccc1S(=O)(=O)NC(=O)C1CC1,0.68
CCCCc1nn(-c2ccccc2C(F)(F)F)c(=O)n1Cc1ccc(cc1)-c1ccccc1S(=O)(=O)NC(=O)c1ccc(F)cc1,0.68
CCOc1nc2cccc(C(O)=O)c2n1Cc1ccc(cc1)-c1ccccc1-c1nnn[nH]1,0.69
CCCc1nn(c(C(O)=O)c1Cc1ccc(cc1)-c1ccccc1-c1nnn[nH]1)-c1c(Cl)cccc1Cl,0.69
CCCCN1C(=O)N(Cc2cccs2)\C(=C/c2cnc(CCCC)n2Cc2ccc(cc2)C(O)=O)C1=O,0.7
CCCCc1nc(C)c(CC(=S)N2CCCC2)c(=O)n1Cc1ccc(cc1)-c1ccccc1-c1noc(=O)[nH]1,0.7
CCCc1nc2c(C)cc(NC(=O)OC)cc2n1Cc1ccc(cc1)-c1ccccc1C(O)=O,0.7
CCc1nc2c(C)cc(C)nc2n1Cc1ccc(cc1)-c1ccccc1C1=NS(=O)ON1,0.7
CCc1nc2c(C)cc(C)nc2n1Cc1ccc(cc1)-c1ccccc1C1=NS(=O)ON1,0.7
CCCc1nc2ccc(NC(=O)N3CCOCC3)cc2c(=O)n1Cc1ccc(cc1F)-c1ccccc1S(=O)(=O)NC(=O)OCCC(C)C,0.71
CCCCc1nn(-c2ccccc2C(F)(F)F)c(=O)n1Cc1ccc(cc1)-c1ccccc1S(=O)(=O)NC(=O)c1sccc1Br,0.72
CCCCc1nn(-c2ccccc2C(F)(F)F)c(=O)n1Cc1ccc(cc1)-c1ccccc1S(=O)(=O)NC(=O)c1cccc(Cl)c1Cl,0.72
CC[C@H](C)[C@H](NC(=O)[C@H](Cc1ccc(O)cc1)NC(=O)[C@@H](NC(=O)[C@H](CCCN=C(N)N)NC(=O)[C@@H](N)CC(O)=O)C(C)C)C(=O)N[C@@H](Cc1cnc[nH]1)C(=O)N1CCC[C@H]1C(=O)N[C@@H](Cc1ccccc1)C(O)=O,0.724436
CCNC(=O)Nc1ccc2nc(CC)n(Cc3ccc(cc3F)-c3ccccc3S(=O)(=O)NC(=O)OCCC3CC3)c(=O)c2c1,0.73
CCCCc1nn(-c2ccc(OC)cc2[N+]([O-])=O)c(=O)n1Cc1ccc(cc1)-c1ccccc1-c1nnn[nH]1,0.74
CCCCc1nn(-c2ccc(OC)cc2[N+]([O-])=O)c(=O)n1Cc1ccc(cc1)-c1ccccc1-c1nnn[nH]1,0.74
CCCc1nc(CC)c(C(=O)OCc2ccccc2C(=O)c2ccccc2)n1Cc1ccc(cc1)-c1ccccc1S(=O)(=O)NC(=O)OCCc1ccccc1,0.74
CCCc1cc(Cn2c(CC)nc3c(C)cc(C)nc23)cc(CCC)c1OC(C(O)=O)c1cccc(C)c1,0.74
CCCCc1nn(-c2ccc(OC)cc2[N+]([O-])=O)c(=O)n1Cc1ccc(cc1)-c1ccccc1-c1nnn[nH]1,0.74
CCCCc1nn(-c2ccccc2C(F)(F)F)c(=O)n1Cc1ccc(cc1)-c1ccccc1S(=O)(=O)NC(=O)c1ccc(OC)cc1,0.74
CCCc1cc(Cn2c(CC)nc3c(C)cc(C)nc23)cc(CCC)c1OC(C(O)=O)c1cccc(Cl)c1,0.75
CCCCc1nn(-c2ccccc2C(F)(F)F)c(=O)n1Cc1ccc(cc1)-c1ccccc1S(=O)(=O)NC(=O)COCC,0.75
CCCCc1nc2ccc(NC(=O)NC(C)C)cc2c(=O)n1Cc1ccc(cc1)-c1ccccc1-c1nnn[nH]1,0.75
CCCCc1nn(-c2ccccc2C(F)(F)F)c(=O)n1Cc1ccc(cc1)-c1ccccc1S(=O)(=O)NC(=O)c1ccc(cc1)C#N,0.76
CCCCC1=N[C@](C)(C2CCCCC2)C(=O)N1Cc1ccc(cc1)-c1ccccc1-c1nnn[nH]1,0.77
CCc1nc2ccc(NC(=O)N(C)C(C)C)cc2c(=O)n1Cc1ccc(cc1F)-c1ccccc1S(=O)(=O)NC(=O)OCC=C(C)C,0.77
CCCCc1nn(c(C(O)=O)c1Cc1ccc(cc1)-c1ccccc1-c1nnn[nH]1)-c1cccc(Cl)c1Cl,0.77
CCc1cc2c(s1)n(Cc1ccc(cc1F)-c1ccccc1-c1nc(=O)o[nH]1)c(=O)n(CC(=O)c1ccc(OC)cc1)c2=O,0.77
CCCCc1nn(-c2ccccc2C(F)(F)F)c(=O)n1Cc1ccc(cc1)-c1ccccc1S(=O)(=O)NC(=O)n1cnnn1,0.78
CCCCc1nn(-c2ccccc2C(F)(F)F)c(=O)n1Cc1ccc(cc1)-c1ccccc1-c1nnn[nH]1,0.78
CCCCc1nn(-c2ccccc2C(F)(F)F)c(=O)n1Cc1ccc(cc1)-c1ccccc1-c1nnn[nH]1,0.78
CCCCc1nn(-c2ccccc2C(F)(F)F)c(=O)n1Cc1ccc(cc1)-c1ccccc1-c1nnn[nH]1,0.78
CCCc1nc2c(C)cc(C)nc2n1Cc1ccc(cc1)-c1ccccc1-c1nnn[nH]1,0.8
CCCc1nc(CC)c(C(=O)OCc2ccccc2-c2cccs2)n1Cc1ccc(cc1F)-c1ccccc1S(=O)(=O)NC(=O)OCCC(C)C,0.8
CCCc1nc(CC)c(C(=O)OC(C(=O)c2ccccc2)c2ccccc2)n1Cc1ccc(cc1F)-c1ccccc1S(=O)(=O)NC(=O)OCCC(C)C,0.8
CCc1nc2c(C)cc(C)nc2n1Cc1ccc2n(ccc2c1)C(=O)c1c(Cl)ccc(Cl)c1C(O)=O,0.8
CCCOC(=O)NS(=O)(=O)c1ccccc1-c1ccc(Cn2c(CCC)nc(CC)c2C(=O)OCc2ccccc2-c2cncnc2)c(F)c1,0.8
CCCc1nc2c(C)cc(C)nc2n1Cc1ccc(cc1)-c1ccccc1-c1nnn[nH]1,0.8
CCCCc1nn(c(C(O)=O)c1Cc1ccc(cc1)-c1ccccc1-c1nnn[nH]1)-c1ccc(OC)cc1,0.8
CCc1nc2c(C)cc(C)nc2n1Cc1ccc2n(ccc2c1)C(=O)c1c(Cl)ccc(Cl)c1C(O)=O,0.8
CCCN(C(C(=O)NS(=O)(=O)c1ccccc1)c1ccccc1)c1ccc(Cn2c(CC)nc3c(C)cc(C)nc23)cc1,0.8
CCCCc1nn(-c2ccccc2C(F)(F)F)c(=O)n1Cc1ccc(cc1)-c1ccccc1S(=O)(=O)NC(=O)C(F)(F)F,0.8
CCCCc1nn(-c2ccccc2C(F)(F)F)c(=O)n1Cc1ccc(cc1)-c1ccccc1S(=O)(=O)NC(=O)C(C)C,0.8
CCCCc1nn(-c2ccccc2C(F)(F)F)c(=O)n1Cc1ccc(cc1)-c1ccccc1S(=O)(=O)NC(=O)C1(C)CC1,0.8
CCc1nc2c(C)cc(C)nc2n1Cc1ccc(cc1)-c1ccccc1-c1nnn[nH]1,0.8
CCc1nc2c(C)cc(C)nn2c1Cc1ccc(cc1)-c1ccccc1S(=O)(=O)NC(=O)c1ccccc1,0.8
CCCCc1nn(-c2ccccc2C(F)(F)F)c(=O)n1Cc1ccc(cc1)-c1ccccc1S(=O)(=O)NC(=O)C(=O)C(F)(F)F,0.8
CCCCc1nn(-c2ccccc2C(F)(F)F)c(=O)n1Cc1ccc(cc1)-c1ccccc1S(=O)(=O)NC(=O)C(=O)C(C)C,0.8
CCCCc1nn(-c2ccccc2C(F)(F)F)c(=O)n1Cc1ccc(cc1)-c1ccccc1S(=O)(=O)NC(=O)c1sccc1C,0.81
CCCCC(=O)Nc1ccc(Br)c(c1)-n1nc(CC)n(Cc2ccc(cc2F)-c2ccccc2S(=O)(=O)NC(=O)OC(C)C)c1=O,0.82
CCCCC(=O)Nc1ccc(Br)c(c1)-n1nc(CC)n(Cc2ccc(cc2F)-c2ccccc2S(=O)(=O)NC(=O)OC(C)C)c1=O,0.82
CCCCc1nn(-c2ccccc2C(F)(F)F)c(=O)n1Cc1ccc(cc1)-c1ccccc1S(=O)(=O)NC(=O)c1ccccc1Cc1ccccc1,0.82
CCCCC(=O)Nc1ccc(Br)c(c1)-n1nc(CC)n(Cc2ccc(cc2F)-c2ccccc2S(=O)(=O)NC(=O)OC(C)C)c1=O,0.820352
CCCCc1nc2ccc(cc2c(=O)n1Cc1ccc(cc1)-c1ccccc1-c1nnn[nH]1)N(C)C(=O)OCc1ccccc1,0.83
CCCCc1nn(-c2cc(NC(C)=O)ccc2Cl)c(=O)n1Cc1ccc(cc1F)-c1cc(CCC)ccc1S(=O)(=O)NC(=O)OC(C)(C)C,0.84
CCCc1nc2ccc(NC(=O)NC(C)C)cc2c(=O)n1Cc1ccc(cc1F)-c1ccccc1S(=O)(=O)NC(=O)c1ccc(CC)cc1F,0.84
CCCCNC(=O)c1ccc(Br)c(c1)-n1nc(CCC)n(Cc2ccc(cc2F)-c2ccccc2S(=O)(=O)NC(=O)OC(C)(C)C)c1=O,0.84
CCCCc1nn(-c2cc(NC(C)=O)ccc2Cl)c(=O)n1Cc1ccc(cc1F)-c1cc(CCC)ccc1S(=O)(=O)NC(=O)OC(C)(C)C,0.84
CCCCc1nn(-c2ccccc2C(F)(F)F)c(=O)n1Cc1ccc(cc1)-c1ccccc1S(=O)(=O)NC(=O)C1CCC1,0.84
CCCCc1nn(-c2ccccc2[N+]([O-])=O)c(=O)n1Cc1ccc(cc1)-c1ccccc1-c1nnn[nH]1,0.85
CCCCc1nn(-c2ccccc2[N+]([O-])=O)c(=O)n1Cc1ccc(cc1)-c1ccccc1-c1nnn[nH]1,0.85
CCCCc1nn(-c2cccc(NC(=O)CC)c2)c(=O)n1Cc1ccc(cc1)-c1ccccc1S(=O)(=O)NC(=O)c1ccccc1Cl,0.85
CCCCc1nn(-c2ccccc2[N+]([O-])=O)c(=O)n1Cc1ccc(cc1)-c1ccccc1-c1nnn[nH]1,0.85
CCCCc1nn(-c2cccc(NC(=O)CC)c2)c(=O)n1Cc1ccc(cc1)-c1ccccc1S(=O)(=O)NC(=O)c1ccccc1Cl,0.85
CCCCOC(=O)NS(=O)(=O)c1ccccc1-c1ccc(Cn2c(CCC)nc3ccc(N)cc3c2=O)cc1,0.86
CCCCNC(=O)c1ccc(c(c1)-n1nc(CCC)n(Cc2ccc(cc2F)-c2ccccc2S(=O)(=O)NC(=O)OC(C)(C)C)c1=O)C(F)(F)F,0.88
CCCCOC(=O)NS(=O)(=O)c1ccccc1-c1ccc(Cn2c(CCCC)nc3ccc(NC(=O)N(C)C(C)C)cc3c2=O)c(F)c1,0.89
CCCCN1C(=O)N(Cc2ccsc2)\C(=C/c2cnc(CCCC)n2Cc2ccc(cc2)C(O)=O)C1=O,0.9
CCCc1nc2c(C)cc(cc2n1Cc1ccc(cc1)-c1ccccc1-c1nnn[nH]1)C(=O)NCC(C)c1ccccc1,0.9
CCCCC(=O)Nc1cccc(c1)-n1nc(CCCC)n(Cc2ccc(cc2)-c2ccccc2S(=O)(=O)NC(=O)c2ccccc2Cl)c1=O,0.9
CCCC1=NC2(CCCC2)C(=O)N1Cc1ccc(cc1)-c1ccccc1-c1nnn[nH]1,0.9
CCCc1nc(CN2CCN(CC2)c2ccccn2)c(C(O)=O)n1Cc1ccc(cc1F)-c1ccccc1-c1nnn[nH]1,0.9
CCCCc1nn(-c2cc(NC(C)=O)ccc2Cl)c(=O)n1Cc1ccc(cc1F)-c1cc(CCC)ccc1S(=O)(=O)NC(=O)c1ccccc1Cl,0.9
CCCCC1=NC2(CCCC2)C(=O)N1Cc1ccc(cc1)-c1ccccc1-c1nnn[nH]1,0.9
Cn1nnnc1-c1ccccc1-c1ccc(Cn2cnc3ccc(cc3c2=O)N(Cc2cccnc2)C(=O)c2ccccc2)cc1,0.9
CCCc1cc(Cn2c(CC)nc3c(C)cc(C)nc23)cc(CCC)c1OC(C(O)=O)c1ccccc1,0.9
CCN(C(C(=O)NS(=O)(=O)c1ccccc1)c1ccccc1)c1ccc(Cn2c(CC)nc3c(C)cc(C)nc23)cc1,0.9
CCCCc1nn(CCc2ccccc2)c(=O)n1Cc1ccc(cc1)-c1ccccc1-c1nnn[nH]1,0.9
CCCCC(=O)Nc1cccc(c1)-n1nc(CCCC)n(Cc2ccc(cc2)-c2ccccc2S(=O)(=O)NC(=O)c2ccccc2Cl)c1=O,0.9
CCCCC(=O)Nc1ccc(c(c1)-n1nc(CCCC)n(Cc2ccc(cc2F)-c2ccccc2S(=O)(=O)NC(=O)OC(C)(C)C)c1=O)C(F)(F)F,0.9
CCCc1nc2ccc(NC(=O)NC(C)C)cc2c(=O)n1Cc1ccc(cc1)-c1ccccc1S(=O)(=O)NC(=O)c1ccccc1,0.9
CCCCCN(C(=O)c1ccc(O)cc1)c1ccc2ncn(Cc3ccc(cc3)-c3ccccc3-c3nnnn3C)c(=O)c2c1,0.9
CCCCc1nc2ccc(cc2c(=O)n1Cc1ccc(cc1)-c1ccccc1-c1nnn[nH]1)S(C)=O,0.9
CCCCC(=O)c1ccc(Cl)c(c1)-n1nc(CCCC)n(Cc2ccc(cc2F)-c2ccccc2S(=O)(=O)NC(=O)OC(C)(C)C)c1=O,0.91
CCCCC(=O)c1ccc(Cl)c(c1)-n1nc(CCCC)n(Cc2ccc(cc2F)-c2ccccc2S(=O)(=O)NC(=O)OC(C)(C)C)c1=O,0.91
CCCCC(=O)c1ccc(Cl)c(c1)-n1nc(CCCC)n(Cc2ccc(cc2F)-c2ccccc2S(=O)(=O)NC(=O)OC(C)(C)C)c1=O,0.91
[K+].[K+].[Br-].CCCCc1c[n+](Cc2ccc(cc2)-c2ccccc2-c2nn[n-]n2)cn1Cc1ccc(cc1)-c1ccccc1-c1nn[n-]n1,0.912011
CCCCC(=O)c1ccc(Cl)c(c1)-n1nc(CCCC)n(Cc2ccc(cc2F)-c2ccccc2S(=O)(=O)NC(=O)OC(C)(C)C)c1=O,0.912011
CCc1nc2ccc(NC(=O)NC(C)C)cc2c(=O)n1Cc1ccc(cc1F)-c1ccccc1S(=O)(=O)NC(=O)OCCC1CC1,0.92
CCCCCc1nn(-c2ccccc2[N+]([O-])=O)c(=O)n1Cc1ccc(cc1)-c1ccccc1-c1nnn[nH]1,0.93
CCCCCc1nn(-c2ccccc2[N+]([O-])=O)c(=O)n1Cc1ccc(cc1)-c1ccccc1-c1nnn[nH]1,0.93
CCCCCc1nn(-c2ccccc2[N+]([O-])=O)c(=O)n1Cc1ccc(cc1)-c1ccccc1-c1nnn[nH]1,0.93
CCCCc1nn(-c2cc(NC(=O)COCC)ccc2C(F)(F)F)c(=O)n1Cc1ccc(cc1F)-c1ccccc1S(=O)(=O)NC(=O)OC(C)(C)C,0.94
CCCCc1nn(-c2ccccc2C(F)(F)F)c(=O)n1Cc1ccc(cc1)-c1ccccc1S(=O)(=O)NC(=O)c1cccs1,0.94
CCCc1nc2ccc(NC(=O)c3ccccc3)cc2c(=O)n1Cc1ccc(cc1)-c1ccccc1S(=O)(=O)NC(=O)c1ccccc1,0.99
CCCCC1=NC2(CCCC2)CC(=O)N1Cc1ccc(cc1)-c1ccccc1-c1nnn[nH]1,1.0
CCCc1nc2c(C)ccnc2n1Cc1ccc(cc1)-c1ccccc1-c1nnn[nH]1,1.0
CCCCCN(C(=O)c1ccccc1)c1ccc2nc(CCC)n(Cc3ccc(cc3)-c3ccccc3-c3nnn[nH]3)c(=O)c2c1,1.0
CCCCCCCOC(=O)NS(=O)(=O)c1ccccc1-c1ccc(Cn2c(CCC)nc(CC)c2C(=O)OCc2ccccc2OC)c(F)c1,1.0
CCCCc1ncc(\C=C(/Cc2cccs2)C(O)=O)n1Cc1ccc(cc1)C(O)=O,1.0
CCCCc1ncc(\C=C(/Cc2cccs2)C(O)=O)n1Cc1ccc(C(O)=O)c(Cl)c1,1.0
CCCCC(=O)Nc1ccc(Cl)c(c1)-n1nc(CCCC)n(Cc2ccc(cc2)-c2cc(CC)ccc2S(=O)(=O)NC(=O)c2ccccc2Cl)c1=O,1.0
CCCc1nc(CC)c(C(=O)OC)n1Cc1ccc(cc1F)-c1ccccc1S(=O)(=O)NC(=O)OCCC(C)C,1.0
CCCc1nc(CC)c(C(=O)OCc2ccccc2Sc2ccccc2)n1Cc1ccc(cc1F)-c1ccccc1S(=O)(=O)NC(=O)OCCC(C)C,1.0
CCc1nc2c(C)cc(C)nc2n1Cc1ccc2N(CCc2c1)C(c1nnn[nH]1)c1ccccc1,1.0
CCCCC1=NC2(CCCC2)C(=O)N1Cc1ccc(cc1)-c1ccccc1S(=O)(=O)NC(=O)c1ccccc1,1.0
CCCC1=NC2(CCSCC2)C(=O)N1Cc1ccc(cc1)-c1ccccc1S(=O)(=O)NC(=O)c1ccccc1,1.0
CCCc1nc2c(C)cc(cc2n1Cc1ccc(cc1)-c1ccccc1C(O)=O)-c1nc2ccccc2n1C,1.0
CCCc1nc2c(C)cc(cc2n1Cc1ccc(cc1)-c1ccccc1C(O)=O)-c1nc2ccccc2n1C,1.0
CCCCc1nc2ccc(cc2c(=O)n1Cc1ccc(cc1)-c1ccccc1-c1nnn[nH]1)S(C)=O,1.0
CCCc1nc2c(C)cc(cc2n1Cc1ccc(cc1)-c1ccccc1C(O)=O)-c1nc2ccccc2n1C,1.0
CCCCc1nn(-c2cc(NCCC)ccc2Cl)c(=O)n1Cc1ccc(cc1)-c1ccccc1S(=O)(=O)NC(=O)c1ccccc1Cl,1.0
CCCc1nc2ccc(NC(=O)c3ccccc3)cc2c(=O)n1Cc1ccc(cc1)-c1ccccc1S(=O)(=O)NC(=O)c1ccccc1,1.0
CCCCc1nn(-c2cc(NCCC)ccc2Cl)c(=O)n1Cc1ccc(cc1)-c1ccccc1S(=O)(=O)NC(=O)c1ccccc1Cl,1.0
CCCCc1nn(-c2ccccc2C(F)(F)F)c(=O)n1Cc1ccc(cc1)-c1ccccc1S(=O)(=O)NC(=O)c1cccnc1Cl,1.0
CCCCc1nn(-c2ccccc2C(F)(F)F)c(=O)n1Cc1ccc(cc1)-c1ccccc1S(=O)(=O)NC(=O)c1cc(C)oc1C,1.0
CCc1nc2c(C)cc(C)nc2n1Cc1ccc2n(Cc3c(Cl)cccc3-c3nnn[nH]3)ccc2c1,1.0
CCc1nc2c(C)cc(C)nc2n1Cc1ccc(cc1)N(CC=C)C(C(=O)NS(=O)(=O)c1ccccc1)c1ccccc1,1.0
CCCNC(=O)c1ccc(c(c1)-n1nc(CCC)n(Cc2ccc(cc2F)-c2ccccc2S(=O)(=O)NC(=O)c2ccccc2)c1=O)C(F)(F)F,1.0
CCCc1nc2c(C)ccnc2n1Cc1ccc(cc1)-c1ccccc1-c1nnn[nH]1,1.0
CCCc1nc2c(C)ccnc2n1Cc1ccc(cc1)-c1ccccc1-c1nnn[nH]1,1.0
Fc1cccc(CCn2c(=O)n(Cc3ccc(cc3)-c3ccccc3-c3nc(=O)o[nH]3)c3sc(CC(F)(F)F)cc3c2=O)c1,1.0
CCc1cc2c(s1)n(Cc1ccc(cc1)-c1ccccc1-c1nc(=O)o[nH]1)c(=O)n(CC(=O)c1ccc(OC)cc1C)c2=O,1.0
COc1ccc(cc1)C(=O)Cn1c(=O)n(Cc2ccc(cc2F)-c2ccccc2-c2noc(O)n2)c2sc(cc2c1=O)C1CC1,1.0
CCCCc1nc2ccc(OC(=O)NC(C)C)cc2c(=O)n1Cc1ccc(cc1)-c1ccccc1-c1nnn[nH]1,1.0
CCCCc1nc(C)c(CC(=O)N2CC(C)OC(C)C2)c(=O)n1Cc1ccc(cc1)-c1ccccc1-c1nnn[nH]1,1.03
CCCCOC(=O)NS(=O)(=O)c1sc(CC(C)C)cc1-c1ccc(Cn2c(CC)nc3c(C)cc(C)nc23)cc1,1.1
CCCCc1nc2ccn(CC(N)=O)c(=O)c2n1Cc1ccc(cc1)-c1ccccc1-c1nnn[nH]1,1.1
CCCCc1nc2ccc(cc2c(=O)n1Cc1ccc(cc1)-c1ccccc1S(=O)(=O)NC(=O)C1(C)CC1)C(C)C,1.1
CCCCOC(=O)NS(=O)(=O)c1sc(CC(C)C)cc1-c1ccc(Cn2c(CC)nc3c(C)cc(C)nc23)cc1,1.1
CCCCc1nc2ccc(NCc3ccccc3)cc2c(=O)n1Cc1ccc(cc1)-c1ccccc1-c1nnn[nH]1,1.1
CCCCc1nc2ccc(C)cc2c(=O)n1Cc1ccc(cc1)-c1ccccc1-c1nnn[nH]1,1.1
CCCc1nc2c(C)cc(cc2n1Cc1ccc(cc1)-c1ccccc1-c1nnn[nH]1)C(=O)NC[C@H](C)c1ccccc1,1.1
CCCCCN(C(=O)c1ccccc1OC)c1ccc2ncn(Cc3ccc(cc3)-c3ccccc3-c3nnnn3C)c(=O)c2c1,1.1
CCCCc1nn(-c2ccccc2C(F)(F)F)c(=O)n1Cc1ccc(cc1)-c1ccccc1S(=O)(=O)NC(=O)c1ocnc1C,1.1
CCCCc1nn(-c2ccccc2C(F)(F)F)c(=O)n1Cc1ccc(cc1)-c1ccccc1S(=O)(=O)NC(=O)CC(C)(C)C,1.1
CCCCc1nn(-c2ccccc2Cl)c(=O)n1Cc1ccc(cc1)-c1ccccc1S(=O)(=O)NC(=O)C(F)(F)F,1.1
CCCCc1nn(-c2ccccc2C(F)(F)F)c(=O)n1Cc1ccc(cc1)-c1ccccc1S(=O)(=O)NC(=O)NC(C)C,1.1
CCCc1nc(c(C(O)=O)n1Cc1ccc(cc1)-c1ccccc1-c1nnn[nH]1)C(F)(F)C(F)(F)F,1.1
Fc1ccc(cc1)C(=O)Cn1c(=O)n(Cc2ccc(cc2)-c2ccccc2-c2nc(=O)o[nH]2)c2sc(cc2c1=O)C1CC1,1.1
COc1cccc(c1)C(=O)Cn1c(=O)n(Cc2ccc(cc2)-c2ccccc2-c2noc(O)n2)c2sc(cc2c1=O)C1CC1,1.1
CCCCc1nc2ccc(NC(=O)NCC)cc2c(=O)n1Cc1ccc(cc1)-c1ccccc1S(=O)(=O)NC(=O)Oc1occc1C,1.1
CCCCc1nn(-c2ccccc2C(F)(F)F)c(=O)n1Cc1ccc(cc1)-c1ccccc1-c1nnn[nH]1,1.2
CCCCN1C(=O)N(Cc2csc(N)n2)\C(=C/c2cnc(CCCC)n2Cc2ccc(cc2)C(=O)OC)C1=O,1.2
CCCCN1C(=O)N(Cc2csc(C)n2)\C(=C/c2cnc(CCCC)n2Cc2ccc(cc2)C(O)=O)C1=O,1.2
CCCCc1nc2ccc(NC(=O)N(C)C(C)C)cc2c(=O)n1Cc1ccc(cc1F)-c1ccccc1S(=O)(=O)NC(=O)OCCC1CC1,1.2
CCCCc1nn(-c2ccccc2C(F)(F)F)c(=O)n1Cc1ccc(cc1)-c1ccccc1-c1nnn[nH]1,1.2
CCCCc1nn(CC(C)(C)C)c(=O)n1Cc1ccc(cc1)-c1ccccc1-c1nnn[nH]1,1.2
CCCCc1nc(C)c(CC(=S)N2CCCC2C)c(=O)n1Cc1ccc(cc1)-c1ccccc1-c1noc(=O)[nH]1,1.2
CCCc1nc2c(C)cc(NC(=O)Cc3ccccc3)cc2n1Cc1ccc(cc1)-c1ccccc1C(O)=O,1.2
CCCCc1nn(-c2ccccc2C(F)(F)F)c(=O)n1Cc1ccc(cc1)-c1ccccc1-c1nnn[nH]1,1.2
CCCCN(C(=O)c1ccc(O)cc1)c1ccc2ncn(Cc3ccc(cc3)-c3ccccc3-c3nnnn3C)c(=O)c2c1,1.2
CCCCc1nn(-c2ccccc2C(F)(F)F)c(=O)n1Cc1ccc(cc1)-c1ccccc1S(=O)(=O)NC(=O)CCC1CCCC1,1.2
CCCCc1nn(-c2ccccc2C(F)(F)F)c(=O)n1Cc1ccc(cc1)-c1ccccc1-c1nnn[nH]1,1.2
CC(C)CCOC(=O)NS(=O)(=O)c1ccccc1-c1ccc(Cn2c(C)nc3ccc(NC(=O)NC(C)C)cc3c2=O)c(F)c1,1.2
CCCc1cc(Cn2c(CC)nc3c(C)cc(C)nc23)cc(CCC)c1OC(C(O)=O)c1ccccc1C,1.2
CCCCc1ncc(\C=C(/Cc2cccs2)C(O)=O)n1Cc1ccc(C(O)=O)c2ccccc12,1.2
Cc1ccc(CCn2c(=O)n(Cc3ccc(cc3)-c3ccccc3-c3nc(=O)o[nH]3)c3sc(CC(F)(F)F)cc3c2=O)cc1,1.2
COc1ccccc1C(=O)Cn1c(=O)n(Cc2ccc(cc2)-c2ccccc2-c2noc(O)n2)c2sc(cc2c1=O)C1CC1,1.2
CCc1cc2c(s1)n(Cc1ccc(cc1)-c1ccccc1-c1nc(=O)o[nH]1)c(=O)n(CC(=O)C(C)(C)C)c2=O,1.2
CCc1cc2c(s1)n(Cc1ccc(cc1F)-c1ccccc1-c1nc(=O)o[nH]1)c(=O)n(-c1ccc3OC(C)(C)Cc3c1)c2=O,1.2
CC(C)(C)C(=O)Cn1c(=O)n(Cc2ccc(cc2)-c2ccccc2-c2nc(=O)o[nH]2)c2sc(cc2c1=O)C1CC1,1.2
CCCCc1nn(-c2ccccc2C(F)(F)F)c(=O)n1Cc1ccc(cc1)-c1ccccc1S(=O)(=O)NC(=O)c1ccc(Cl)cc1,1.2
CCCCN1C(=O)N(CCCC)\C(=C/c2cnc(CCCC)n2Cc2ccc(cc2)C(O)=O)C1=O,1.3
CCCCC1=NC2(CCCC2)C(=O)N1Cc1ccc(cc1)-c1ccccc1-c1nnn[nH]1,1.3
CCCCc1nc2ccn(CC(=O)OC)c(=O)c2n1Cc1ccc(cc1)-c1ccccc1-c1nnn[nH]1,1.3
CCCCc1nn(-c2ccccc2C(F)(F)F)c(=O)n1Cc1ccc(cc1)-c1cc(CCC)ccc1S(=O)(=O)NC(=O)c1ccccc1Cl,1.3
CCCc1nc2c(C)cc(cc2n1Cc1ccc(cc1)-c1ccccc1C(O)=O)C(=O)NCCc1cc(OC)ccc1OC,1.3
CCCc1nc2c(C)cc(cc2n1Cc1ccc(cc1)-c1ccccc1-c1nnn[nH]1)C(=O)NCCc1ccccc1,1.3
CC(=O)OCCCCN(C(=O)c1ccccc1)c1ccc2ncn(Cc3ccc(cc3)-c3ccccc3-c3nnnn3C)c(=O)c2c1,1.3
CCCCc1nn(-c2ccccc2C(F)(F)F)c(=O)n1Cc1ccc(cc1)-c1ccccc1S(=O)(=O)NC(=O)CCCCCN,1.3
CCCCc1nn(-c2ccccc2C(F)(F)F)c(=O)n1Cc1ccc(cc1)-c1ccccc1S(=O)(=O)NC(=O)C(C)(C)C,1.3
CCCCc1nn(-c2ccccc2C(F)(F)F)c(=O)n1Cc1ccc(cc1)-c1ccccc1S(=O)(=O)NC(=O)c1ccc(Cl)s1,1.3
CCCCc1nn(c(C(O)=O)c1Cc1ccc(cc1)-c1ccccc1-c1nnn[nH]1)-c1ccc(Cl)cc1,1.3
CCCCC1=NC2(CCCC2)C(=O)N1Cc1ccc(cc1)-c1ccccc1-c1nnn[nH]1,1.3
CCCCc1nc2ccc(N)cc2c(=O)n1Cc1ccc(cc1)-c1ccccc1-c1nnn[nH]1,1.3
CCc1cc2c(s1)n(Cc1ccc(cc1F)-c1ccccc1-c1nc(=O)o[nH]1)c(=O)n(CC(OC(C)=O)c1ccc(OC)cc1)c2=O,1.3
CCc1cc2c(s1)n(Cc1ccc(cc1)-c1ccccc1-c1nc(=O)o[nH]1)c(=O)n(CC(=NOC)c1ccccc1)c2=O,1.3
CCCCc1nc2ccc(N)cc2c(=O)n1Cc1ccc(cc1)-c1ccccc1-c1nnn[nH]1,1.3
CCCc1nc2ccc3cc2c(=O)n1Cc1ccc(cc1)-c1ccccc1S(=O)(=O)NC(=O)CCCCCCCN3C(=O)c1ccccc1,1.3
CCCCc1nc(C)c(CC(=S)N(CC)CC)c(=O)n1Cc1ccc(cc1)-c1ccccc1-c1nnn[nH]1,1.31
CCCCc1nn(-c2ccccc2C(C)C)c(=O)n1Cc1ccc(cc1)-c1ccccc1-c1nnn[nH]1,1.4
CCCCc1nn(-c2ccccc2C(C)C)c(=O)n1Cc1ccc(cc1)-c1ccccc1-c1nnn[nH]1,1.4
CCCCOC(=O)NS(=O)(=O)c1ccc(Cc2cccc(OC)c2)cc1-c1ccc(Cn2c(CC)nc3c(C)cc(C)nc23)cc1,1.4
CCCCN1C(=O)NC(=O)C1=Cc1cnc(CCCC)n1Cc1ccc(cc1)-c1ccccc1-c1nnn[nH]1,1.4
CCCCc1nnc(SCc2ccccc2-c2nnn[nH]2)n1Cc1ccc(NC(=O)c2ccccc2-c2nnn[nH]2)cc1,1.4
CCCCc1nn(-c2cc(NC(C)=O)ccc2Cl)c(=O)n1Cc1ccc(cc1F)-c1cc(CCC)ccc1S(=O)(=O)NC(=O)OCC,1.4
CCCc1cc(=O)n(CCNC(=O)NC2CCCCC2)c(=O)n1Cc1ccc(cc1)-c1ccccc1-c1nnn[nH]1,1.4
CCCCOC(=O)NS(=O)(=O)c1ccc(Cc2cccc(OC)c2)cc1-c1ccc(Cn2c(CC)nc3c(C)cc(C)nc23)cc1,1.4
CCCCc1nnc(SCc2ccccc2C(O)=O)n1Cc1ccc(cc1)-c1ccccc1-c1nnn[nH]1,1.4
CCCSc1nc2c(C)cc(cc2n1Cc1ccc(cc1)-c1ccccc1-c1nnn[nH]1)C(=O)NC[C@H](C)c1ccccc1,1.4
CCCCc1nn(-c2ccc(cc2Cl)C(=O)OCC)c(=O)n1Cc1ccc(cc1)-c1ccccc1S(=O)(=O)NC(=O)c1ccccc1Cl,1.4
CCCCc1nn(-c2ccc(cc2Cl)C(=O)OCC)c(=O)n1Cc1ccc(cc1)-c1ccccc1S(=O)(=O)NC(=O)c1ccccc1Cl,1.4
CCCCc1nnc(SCc2ccccc2-c2nnn[nH]2)n1Cc1ccc(cc1)-c1ccccc1-c1nnn[nH]1,1.4
CCCCc1nn(-c2ccccc2C(C)C)c(=O)n1Cc1ccc(cc1)-c1ccccc1-c1nnn[nH]1,1.4
CCCCc1nn(-c2ccccc2Cl)c(=O)n1Cc1ccc(cc1)-c1ccccc1S(=O)(=O)NC(=O)c1ccccc1,1.4
CCc1cc2c(s1)n(Cc1ccc(cc1)-c1ccccc1-c1noc([O-])n1)c(=O)n(CC(=O)c1ccccc1OC)c2=O,1.4
COc1ccccc1C(=O)Cn1c(=O)n(Cc2c(F)cc(cc2F)-c2ccccc2-c2nc(=O)o[nH]2)c2sc(CC(F)(F)F)cc2c1=O,1.4
CC(C)(C)C(O)Cn1c(=O)n(Cc2ccc(cc2)-c2ccccc2-c2nc(=O)o[nH]2)c2sc(cc2c1=O)C1CC1,1.4
CCc1cc2c(s1)n(Cc1ccc(cc1F)-c1ccccc1-c1noc(=O)[nH]1)c(=O)n(CC(=O)c1ccc(OC)c(F)c1)c2=O,1.4
CCc1cc2c(s1)n(Cc1c(F)cc(cc1F)-c1ccccc1-c1nc(=O)o[nH]1)c(=O)n(CC(=O)c1ccc(OC)cc1)c2=O,1.4
CCc1cc2c(s1)n(Cc1ccc(cc1)-c1ccccc1-c1nc(=O)o[nH]1)c(=O)n(CC(=O)c1ccccc1)c2=O,1.4
CCc1cc2c(s1)n(Cc1ccc(cc1)-c1ccccc1-c1nc(=O)o[nH]1)c(=O)n(CC(=O)c1cccs1)c2=O,1.4
CCCCOC(=O)NS(=O)(=O)c1ccc(CC)cc1-c1ccc(Cn2c(CC)nc3c(C)cc(C)nc23)cc1,1.4
CCCCc1nn(-c2ccccc2Cl)c(=O)n1Cc1ccc(cc1)-c1ccccc1S(=O)(=O)NC(=O)c1ccccc1,1.4
CCCCC1=NC(C)=C(CC(=S)N(C)C)CN1Cc1ccc(cc1)-c1ccccc1-c1nnn[nH]1,1.5
CCc1nn(-c2cc(NC(=O)c3ccccc3)ccc2Br)c(=O)n1Cc1ccc(cc1F)-c1ccccc1S(=O)(=O)NC(=O)OC(C)(C)C,1.5
CCc1nn(-c2cc(NC(=O)c3ccccc3)ccc2Br)c(=O)n1Cc1ccc(cc1F)-c1ccccc1S(=O)(=O)NC(=O)OC(C)(C)C,1.5
CCCCN1C(=O)N(Cc2cc(C)cs2)\C(=C/c2cnc(CCCC)n2Cc2ccc(cc2)C(O)=O)C1=O,1.5
CCCCc1ncc(\C=C(/Cc2cccs2)C(O)=O)n1Cc1ccc(cc1Cl)C(O)=O,1.5
CCCCc1nc2ccc(cc2c(=O)n1Cc1ccc(cc1)-c1ccccc1S(=O)(=O)NC(=O)CCC1CCCC1)C(C)C,1.5
CCCCCN(C(=O)c1ccccc1)c1ccc2nc(CCC)n(Cc3ccc(cc3)-c3ccccc3-c3nnn[nH]3)c(=O)c2c1,1.5
CCCCOC(=O)NS(=O)(=O)c1ccc(CCC)cc1-c1ccc(Cn2c(CC)nc3c(C)cc(C)nc23)cc1,1.5
CCCCc1nnc(SCc2ccccc2C(O)=O)n1Cc1ccc(NC(=O)c2ccccc2-c2nnn[nH]2)cc1,1.5
CCCCCN(C(=O)c1ccccc1)c1ccc2nc(CCC)n(Cc3ccc(cc3)-c3ccccc3-c3nnn[nH]3)c(=O)c2c1,1.5
CCCCc1nnc(SCc2ccccc2C(O)=O)n1Cc1ccc(cc1)-c1ccccc1-c1nnn[nH]1,1.5
CCCCc1nn(-c2ccccc2C(F)(F)F)c(=O)n1Cc1ccc(cc1)-c1ccccc1S(=O)(=O)NC(=O)C1CC1,1.5
CCc1nn(-c2cc(NC(=O)c3ccccc3)ccc2Br)c(=O)n1Cc1ccc(cc1F)-c1ccccc1S(=O)(=O)NC(=O)OC(C)(C)C,1.5
CCCCc1nc(Cl)c(CO)n1Cc1ccc(cc1)-c1ccccc1-c1nn[n-]n1,1.5
CCCCOC(=O)NS(=O)(=O)c1ccc(CCC)cc1-c1ccc(Cn2c(CC)nc3c(C)cc(C)nc23)cc1,1.5
CCCc1nc2ccc(NC(=O)NC(C)C)cc2c(=O)n1Cc1ccc(cc1F)-c1ccccc1S(=O)(=O)NC(=O)COCC(C)C,1.5
CCc1cc2c(s1)n(Cc1ccc(cc1)-c1ccccc1-c1nc(=O)o[nH]1)c(=O)n(CC(=O)c1ccc(OC)cc1F)c2=O,1.5
COc1ccc(cc1)C(=O)Cn1c(=O)n(Cc2c(F)cc(cc2F)-c2ccccc2-c2nc(=O)o[nH]2)c2sc(cc2c1=O)C1CC1,1.5
FC(F)(F)Cc1cc2c(s1)n(Cc1ccc(cc1)-c1ccccc1-c1nc(=O)o[nH]1)c(=O)n(CC(=O)C1CCCCC1)c2=O,1.5
CCc1cc2c(s1)n(Cc1ccc(cc1)-c1ccccc1-c1nc(=O)o[nH]1)c(=O)n(C\C(=N\OC)C(C)(C)C)c2=O,1.5
CCc1cc2c(s1)n(Cc1ccc(cc1)-c1ccccc1-c1nc(=O)o[nH]1)c(=O)n(CC(=O)C(C)(C)COC(C)=O)c2=O,1.5
CCc1cc2c(s1)n(Cc1ccc(cc1)-c1ccccc1-c1nc(=O)o[nH]1)c(=O)n(CC(=O)c1ccc(Cl)s1)c2=O,1.5
CCc1cc2c(s1)n(Cc1ccc(cc1F)-c1ccccc1-c1nc(=O)o[nH]1)c(=O)n(CC(O)c1ccc(OC)cc1)c2=O,1.5
CCc1cc2c(s1)n(Cc1ccc(cc1)-c1ccc(F)cc1-c1nc(=O)o[nH]1)c(=O)n(CC(=O)c1ccc(OC)cc1)c2=O,1.5
CCc1cc2c(s1)n(Cc1ccc(cc1)-c1ccccc1-c1nc(=O)o[nH]1)c(=O)n(CC(=O)C1CCCCC1)c2=O,1.5
CCc1nc2c(C)cc(C)nc2n1Cc1ccc(cc1)-c1ccsc1S(=O)(=O)NC(=O)c1ccccc1,1.5
CCCc1nc2ccc3cc2c(=O)n1Cc1ccc(cc1)-c1ccccc1S(=O)(=O)NC(=O)CCCCCCCN3C(=O)OCc1ccccc1,1.5
CCCCc1nc(C)c(CC(=O)N2CCCC2)c(=O)n1Cc1ccc(cc1)-c1ccccc1-c1nnn[nH]1,1.58
CCCCC(=O)Nc1cnc2n(Cc3ccc(cc3)-c3ccccc3S(=O)(=O)NC(=O)CCCC)c(CCCC)nc2c1,1.6
CCc1ccc(C(=O)NS(=O)(=O)c2ccccc2-c2ccc(Cn3c(CC)nc4ccc(NC(=O)NC(C)C)cc4c3=O)c(F)c2)c(F)c1,1.6
CCCCc1nn(-c2ccc(cc2C(F)(F)F)[N+]([O-])=O)c(=O)n1Cc1ccc(cc1)-c1ccccc1S(=O)(=O)NC(=O)c1ccccc1Cl,1.6
CCc1nc2c(C)cc(CC(C)C)nc2n1[C@H]1CCc2cc(ccc12)-c1ccccc1-c1nnn[nH]1,1.6
CCc1nc2c(C)cc(CC(C)C)nc2n1[C@H]1CCc2cc(ccc12)-c1ccccc1-c1nnn[nH]1,1.6
CCCCc1nc2ccc(NC(=O)OCC(C)C)cc2c(=O)n1Cc1ccc(cc1)-c1ccccc1-c1nnn[nH]1,1.6
CCCCc1nc2ccc(cc2c(=O)n1Cc1ccc(cc1)-c1ccccc1-c1nnn[nH]1)N(C)C(=O)OCC(C)C,1.6
CCCCc1nc(C)c(CC(=S)N(C)C)c(=O)n1Cc1ccc(cc1)-c1ccccc1-c1noc(=O)[nH]1,1.6
CCOCCN(C(=O)c1ccccc1)c1ccc2ncn(Cc3ccc(cc3)-c3ccccc3-c3nnnn3C)c(=O)c2c1,1.6
CCCCc1nn(-c2ccccc2C(F)(F)F)c(=O)n1Cc1ccc(cc1)-c1ccccc1S(=O)(=O)NC(=O)Cc1ccccc1,1.6
CCCCc1nn(-c2ccc(cc2C(F)(F)F)[N+]([O-])=O)c(=O)n1Cc1ccc(cc1)-c1ccccc1S(=O)(=O)NC(=O)c1ccccc1Cl,1.6
CCCCc1nn(-c2ccccc2C(F)(F)F)c(=O)n1Cc1ccc(cc1)-c1ccccc1S(=O)(=O)NC(=O)c1cccn1C,1.6
CCCc1nn(CC(F)(F)F)c(C(O)=O)c1Cc1ccc(cc1)-c1ccccc1-c1nnn[nH]1,1.6
CCCCc1nn(-c2ccccc2C(F)(F)F)c(=O)n1Cc1ccc(cc1)-c1ccccc1S(=O)(=O)NC(=O)Cc1ccccc1,1.6
FC(F)(F)Cc1cc2c(s1)n(Cc1ccc(cc1)-c1ccccc1-c1nc(=O)o[nH]1)c(=O)n(CCc1ccc(Cl)cc1)c2=O,1.6
COc1cc(F)ccc1C(=O)Cn1c(=O)n(Cc2ccc(cc2F)-c2ccccc2-c2nc(=O)o[nH]2)c2sc(cc2c1=O)C1CC1,1.6
COc1cc(F)ccc1C(=O)Cn1c(=O)n(Cc2ccc(cc2)-c2ccccc2-c2nc(=O)o[nH]2)c2sc(cc2c1=O)C1CC1,1.6
CCc1cc2c(s1)n(Cc1ccc(cc1F)-c1ccccc1-c1nc(=O)o[nH]1)c(=O)n(-c1ccc(OC(C)C)cc1)c2=O,1.6
CCO\N=C(\Cn1c(=O)n(Cc2ccc(cc2)-c2ccccc2-c2nc(=O)o[nH]2)c2sc(CC)cc2c1=O)c1ccc(OC)cc1,1.6
CCc1cc2c(s1)n(Cc1ccc(cc1)-c1ccccc1-c1noc(=O)[nH]1)c(=O)n(CC(C)(C)c1ccccc1)c2=O,1.6
CCCCN1C(=O)N(Cc2csc(C)n2)\C(=C\c2cnc(CCCC)n2Cc2ccc(cc2)C(O)=O)C1=O,1.7
CCCCc1nc2ccn(Cc3ccccc3)c(=O)c2n1Cc1ccc(cc1)-c1ccccc1-c1nnn[nH]1,1.7
CCCCCN(C(=O)c1ccccc1)c1ccc2nc(CCC)n(Cc3ccc(cc3)-c3ccccc3-c3nnn[nH]3)c(=O)c2c1,1.7
CCCCCN(C(=O)c1ccccc1)c1ccc2nc(CCC)n(Cc3ccc(cc3)-c3ccccc3-c3nnn[nH]3)c(=O)c2c1,1.7
CCCCCN(C(=O)c1ccc(F)cc1)c1ccc2ncn(Cc3ccc(cc3)-c3ccccc3-c3nnnn3C)c(=O)c2c1,1.7
Cn1nnnc1-c1ccccc1-c1ccc(Cn2cnc3ccc(cc3c2=O)N(Cc2cccnc2)C(=O)c2ccccc2)cc1,1.7
CCCCCN(C(=O)c1ccccc1)c1ccc2ncn(Cc3ccc(cc3)-c3ccccc3-c3nnnn3C)c(=O)c2c1,1.7
CCCCCN(C(=O)c1ccccc1)c1ccc2nc(CCC)n(Cc3ccc(cc3)-c3ccccc3-c3nnn[nH]3)c(=O)c2c1,1.7
CCCCCN(C(=O)c1ccccc1)c1ccc2nc(CCC)n(Cc3ccc(cc3)-c3ccccc3-c3nnn[nH]3)c(=O)c2c1,1.7
CCCCCN(C(=O)c1ccccc1)c1ccc2nc(CCC)n(Cc3ccc(cc3)-c3ccccc3-c3nnn[nH]3)c(=O)c2c1,1.7
CCCCCN(C(=O)c1ccccc1)c1ccc2nc(CCC)n(Cc3ccc(cc3)-c3ccccc3-c3nnn[nH]3)c(=O)c2c1,1.7
CCc1nc2c(CC)cn(Cc3ccc(cc3)-c3ccccc3-c3nnn[nH]3)n2n1,1.7
CCCCc1nn(c(C(O)=O)c1Cc1ccc(cc1)-c1ccccc1-c1nnn[nH]1)-c1ccccn1,1.7
CCCCc1nn(c(C(O)=O)c1Cc1ccc(cc1)-c1ccccc1-c1nnn[nH]1)-c1ccccc1[N+]([O-])=O,1.7
CCCCCN(C(=O)c1ccccc1)c1ccc2ncn(Cc3ccc(cc3)-c3ccccc3-c3nnnn3C)c(=O)c2c1,1.7
CCc1cc2c(s1)n(Cc1ccc(cc1)-c1ccccc1-c1nc(=O)o[nH]1)c(=O)n(CC(=O)c1ccc(Cl)cc1)c2=O,1.7
CCc1cc2c(s1)n(Cc1ccc(cc1)-c1ccccc1-c1nc(=O)o[nH]1)c(=O)n(CC(=O)C13CC4CC(CC(C4)C1)C3)c2=O,1.7
CCc1cc2c(s1)n(Cc1ccc(cc1)-c1ccccc1-c1nc(=O)o[nH]1)c(=O)n(CC(=O)c1nc3ccccc3n1C)c2=O,1.7
CCc1cc2c(s1)n(Cc1ccc(cc1)-c1ccccc1-c1nc(=O)o[nH]1)c(=O)n(CC1(C)COC1)c2=O,1.7
CCc1cc2c(s1)n(Cc1ccc(cc1)-c1ccccc1-c1nc(=O)o[nH]1)c(=O)n(CC1(O)CCOCC1)c2=O,1.7
CCCc1cc2c(s1)n(Cc1ccc(cc1F)-c1ccccc1-c1nc(=O)o[nH]1)c(=O)n(CC(=O)c1ccc(OC)cc1)c2=O,1.7
CCc1cc2c(s1)n(Cc1ccc(cc1Br)-c1ccccc1-c1noc(O)n1)c(=O)n(CC(=O)c1ccc(OC)cc1)c2=O,1.7
CCCc1nc(CC)c(C(O)=O)n1Cc1ccc(cc1)-c1ccccc1S(=O)(=O)NC(=O)c1ccccc1,1.7
CCCc1nc2ccc(cc2c(=O)n1Cc1ccc(cc1)-c1ccccc1-c1nnn[nH]1)N(C(=O)c1ccccc1)c1ccccc1,1.7
CCc1nc2c(C)cc(C)nn2c1Cc1ccc(cc1)-c1ccccc1NS(=O)(=O)C(F)(F)F,1.7
CCCCc1nc(C)c(CC(=O)N2CCOCC2)c(=O)n1Cc1ccc(cc1)-c1ccccc1-c1nnn[nH]1,1.75
CCCCc1nn(C(C)CC)c(=O)n1Cc1ccc(cc1)-c1ccccc1-c1nnn[nH]1,1.8
CCCCc1nn(C(C)CC)c(=O)n1Cc1ccc(cc1)-c1ccccc1-c1nnn[nH]1,1.8
CCCCNC(=O)c1ccc(Br)c(c1)-n1nc(CC)n(Cc2ccc(cc2F)-c2ccccc2S(=O)(=O)NC(=O)OC(C)(C)C)c1=O,1.8
CCCCNC(=O)c1ccc(Br)c(c1)-n1nc(CC)n(Cc2ccc(cc2F)-c2ccccc2S(=O)(=O)NC(=O)OC(C)(C)C)c1=O,1.8
CC1CC(=O)NN=C1c1ccc2nc(C3CC3)n(Cc3ccc(cc3)-c3ccccc3-c3nnn[nH]3)c2c1,1.8
CCCCc1nn(CCCC)c(=O)n1Cc1ccc(cc1)-c1ccccc1-c1nnn[nH]1,1.8
CCCCc1nc(C)c(CC(=S)N2[C@H](C)CC[C@H]2C)c(=O)n1Cc1ccc(cc1)-c1ccccc1-c1noc(=O)[nH]1,1.8
CCCCc1nn(-c2ccc(cc2Cl)C(=O)OCC)c(=O)n1Cc1ccc(cc1)-c1ccccc1S(=O)(=O)NC(=O)OC(C)(C)C,1.8
CCCCc1nn(-c2ccc(cc2Cl)C(=O)OCC)c(=O)n1Cc1ccc(cc1)-c1ccccc1S(=O)(=O)NC(=O)OC(C)(C)C,1.8
CCCCNC(=O)c1ccc(Br)c(c1)-n1nc(CC)n(Cc2ccc(cc2F)-c2ccccc2S(=O)(=O)NC(=O)OC(C)(C)C)c1=O,1.8
CCCCc1nn(-c2ccccc2C(F)(F)F)c(=O)n1Cc1ccc(cc1)-c1ccccc1NS(=O)(=O)C(F)(F)F,1.8
CCCCc1nn(C2CCCC2)c(=O)n1Cc1ccc(cc1)-c1ccccc1-c1nnn[nH]1,1.8
CCCCc1nn(C(C)CC)c(=O)n1Cc1ccc(cc1)-c1ccccc1-c1nnn[nH]1,1.8
CCCCc1nn(-c2cc(NC(=O)CC)ccc2C(F)(F)F)c(=O)n1Cc1ccc(cc1)-c1ccccc1S(=O)(=O)NC(=O)OC(C)(C)C,1.8
CCc1cc2c(s1)n(Cc1ccc(cc1C)-c1ccccc1-c1noc(O)n1)c(=O)n(CC(=O)c1ccc(OC)cc1)c2=O,1.8
CCc1cc2c(s1)n(Cc1ccc(cc1F)-c1ccccc1-c1nc(=O)o[nH]1)c(=O)n(CCN1CCOCC1)c2=O,1.8
CCc1cc2c(s1)n(Cc1ccc(cc1)-c1ccccc1-c1nc(=O)o[nH]1)c(=O)n(CC(O)C(C)(C)C)c2=O,1.8
CCc1cc2c(s1)n(Cc1ccc(cc1)-c1cc(F)ccc1-c1nc(=O)o[nH]1)c(=O)n(CC(=O)c1ccc(OC)cc1)c2=O,1.8
CCc1cc2c(s1)n(Cc1ccc(cc1)-c1ccccc1-c1nc(=O)o[nH]1)c(=O)n(CC(=NOCC=C)c1ccc(OC)cc1)c2=O,1.8
CCOCC(=O)Nc1ccc(Cl)c(c1)-n1nc(CC)n(Cc2ccc(cc2F)-c2ccccc2S(=O)(=O)NC(=O)OC(C)(C)C)c1=O,1.9
CCOCC(=O)Nc1ccc(Cl)c(c1)-n1nc(CC)n(Cc2ccc(cc2F)-c2ccccc2S(=O)(=O)NC(=O)OC(C)(C)C)c1=O,1.9
CCCCN1C(=O)N(Cc2csc(C)n2)\C(=C/c2cnc(CCCC)n2Cc2ccc(cc2)C(=O)OC)C1=O,1.9
CCCN(C(=O)c1ccc(F)cc1)c1ccc2ncn(Cc3ccc(cc3)-c3ccccc3-c3nnnn3C)c(=O)c2c1,1.9
CCCCCCCC(=O)NS(=O)(=O)Nc1ccccc1-c1ccc(Cn2c(CCCC)ncc2C(=O)OC)cc1,1.9
CCOCC(=O)Nc1ccc(Cl)c(c1)-n1nc(CC)n(Cc2ccc(cc2F)-c2ccccc2S(=O)(=O)NC(=O)OC(C)(C)C)c1=O,1.9
CCCc1nc(CC)c(C=O)n1Cc1ccc(cc1)-c1ccccc1S(=O)(=O)NC(=O)c1ccccc1,1.9
CCCCC(=O)N(Cc1ccc(cc1)-c1ccccc1-c1nnn[nH]1)[C@@H](C(C)C)C(O)=O,1.9
CCCCc1nc2ccc(NC(=O)N(C)C(C)C)cc2c(=O)n1Cc1ccc(cc1F)-c1ccccc1S(=O)(=O)NC(=O)OCCC(C)C,1.9
CCc1cc2c(s1)n(Cc1ccc(cc1OC)-c1ccccc1C#N)c(=O)[nH]c2=O,1.9
CCc1cc2c(s1)n(Cc1ccc(cc1)-c1ccccc1-c1nc(=O)o[nH]1)c(=O)n(CC(=O)c1sccc1Br)c2=O,1.9
CCCCc1nc(Cl)c(C(O)=O)n1Cc1ccc(cc1)-c1ccccc1S(=O)(=O)NC(=O)c1ccccc1,2.0
CCc1cc2c(s1)n(Cc1ccc(cc1)-c1ccccc1-c1nc(=O)o[nH]1)c(=O)n(CC(=NOC(C)C)c1ccc(OC)cc1)c2=O,2.0
CC1CC(=O)NN=C1c1ccc2nc(C3CC3)n(Cc3ccc(cc3)-c3ccccc3-c3nnn[nH]3)c2c1,2.0
CCCCc1nc2ccc(NC)cc2c(=O)n1Cc1ccc(cc1)-c1ccccc1-c1nnn[nH]1,2.0
CCCCC(=O)Nc1ccc2nc(CCCC)n(Cc3ccc(cc3)-c3ccccc3-c3nnn[nH]3)c(=O)c2c1,2.0
CCCCc1nn(-c2ccccc2C(F)(F)F)c(=O)n1Cc1ccc(cc1)-c1ccccc1S(=O)(=O)NC(=O)CCOC,2.0
CCCCc1nn(-c2ccccc2Br)c(=O)n1Cc1ccc(cc1)-c1ccccc1-c1nnn[nH]1,2.0
CCCc1nn(-c2cc(NC(=O)c3ccccc3)ccc2Br)c(=O)n1Cc1ccc(cc1F)-c1ccccc1S(=O)(=O)NC(=O)OC(C)(C)C,2.0
CCCCc1[nH]nc(C(O)=O)c1Cc1ccc(cc1)-c1ccccc1-c1nnn[nH]1,2.0
CCCCC(=O)Nc1ccc2nc(CCCC)n(Cc3ccc(cc3)-c3ccccc3-c3nnn[nH]3)c(=O)c2c1,2.0
CCCCc1nc(CN2CCN(CC2)c2ccccn2)c(C(O)=O)n1Cc1ccc(cc1)-c1ccccc1-c1nnn[nH]1,2.0
CCCc1nc(CN2CCN(CC2)c2ccccn2)c(C=O)n1Cc1ccc(cc1)-c1ccccc1-c1nnn[nH]1,2.0
CCCc1nc(CC)c(C(=O)OCc2ccccc2C(=O)c2ccccc2)n1Cc1ccc(cc1)-c1ccccc1-c1nnn[nH]1,2.0
CCCCCN(CCCCC)Cc1nc(CCC)n(Cc2ccc(cc2)-c2ccccc2-c2nnn[nH]2)c1C(O)=O,2.0
CCCCc1ncc(\C=C(/Cc2cccs2)C(O)=O)n1Cc1ccc(cc1)C(O)=O,2.0
CCc1nc2ccc(NC(=O)N3CCOCC3)cc2c(=O)n1Cc1ccc(cc1F)-c1ccccc1S(=O)(=O)NC(=O)OCCC(C)C,2.0
CCCC1=NC2(CCSCC2)C(=O)N1Cc1ccc(cc1)-c1ccccc1-c1nnn[nH]1,2.0
CCCc1nc(CN2CCN(CC2)c2ccccc2OC)c(C(O)=O)n1Cc1ccc(cc1)-c1ccccc1-c1nnn[nH]1,2.0
CCCc1nc(C(=O)N2CCN(CC2)c2ccccn2)c(C(O)=O)n1Cc1ccc(cc1)-c1ccccc1-c1nnn[nH]1,2.0
CCCCN(Cc1nc(CCC)n(Cc2ccc(cc2)-c2ccccc2S(=O)(=O)NC(=O)CCC)c1C(O)=O)C(=O)CCC,2.0
CCCc1nc(CN(Cc2ccccc2)C(=O)Nc2ccccc2)c(C(O)=O)n1Cc1ccc(cc1)-c1ccccc1-c1nnn[nH]1,2.0
CCCc1nc(CN2CCN(C[C@H]2C)c2ccccc2)c(C(O)=O)n1Cc1ccc(cc1)-c1ccccc1-c1nnn[nH]1,2.0
CCCc1nc(CN2CCN(CC2)c2ncccn2)c(C(O)=O)n1Cc1ccc(cc1)-c1ccccc1-c1nnn[nH]1,2.0
CCCc1nc(CN2CCN(CC2)c2ccccc2Cl)c(C(O)=O)n1Cc1ccc(cc1)-c1ccccc1-c1nnn[nH]1,2.0
CCCc1nc(CN2CCC(CC2)c2ccccc2)c(C(O)=O)n1Cc1ccc(cc1)-c1ccccc1-c1nnn[nH]1,2.0
CC1CC(=O)N(CC(=O)N(C)C)N=C1c1ccc2nc(C3CC3)n(Cc3ccc(cc3)-c3ccccc3-c3nn[n-]n3)c2c1,2.0
CCCc1nc2ccc(cc2n1Cc1ccc(cc1)-c1ccccc1-c1nn[n-]n1)C1=NN(CC(=O)N(C)C)C(=O)CC1,2.0
CN(C)C(=O)CN1N=C(c2ccc3nc(C4CC4)n(Cc4ccc(cc4)-c4ccccc4-c4nn[n-]n4)c3c2)C(C)(C)CC1=O,2.0
CN(C)C(=O)CN1N=C(CCC1=O)c1ccc2nc(C3CC3)n(Cc3ccc(cc3)-c3ccccc3-c3nn[n-]n3)c2c1,2.0
CCCCc1nc(C)c(CC(=S)N(CC)CC)c(=O)n1Cc1ccc(cc1)-c1ccccc1-c1noc(=O)[nH]1,2.0
CCCCc1nc(Cl)c(C(O)=O)n1Cc1ccc(cc1)-c1ccccc1-c1nn[nH]n1,2.0
CCCCc1nn(-c2ccccc2Br)c(=O)n1Cc1ccc(cc1)-c1ccccc1-c1nnn[nH]1,2.0
CCCCc1nn(-c2ccccc2Br)c(=O)n1Cc1ccc(cc1)-c1ccccc1-c1nnn[nH]1,2.0
CCCc1nc2c(C)cc(cc2n1Cc1ccc(cc1)-c1ccccc1C(O)=O)-c1nc2ccccc2n1C,2.0
CCCCc1nc(C)c(CC(=O)N2CCC[C@H]2C(=O)OC)c(=O)n1Cc1ccc(cc1)-c1ccccc1-c1nnn[nH]1,2.06
CCCCc1nc(C)c(CC(=O)N2CCC[C@H]2C(N)=O)c(=O)n1Cc1ccc(cc1)-c1ccccc1-c1nnn[nH]1,2.08
CCCCc1nn(C(C)CC)c(=O)n1Cc1ccc(cc1)-c1ccccc1-c1nnn[nH]1,2.1
CCCCc1nc(C)c(CC(=S)N(C)CC(C)C)c(=O)n1Cc1ccc(cc1)-c1ccccc1-c1noc(=O)[nH]1,2.1
CCCCOC(=O)NS(=O)(=O)c1ccc(CCC)cc1-c1ccc(Cn2c(CC)nc3c(C)cc(C)nc23)cc1,2.1
CCCCc1nn(CC(C)(C)C)c(=O)n1Cc1ccc(cc1)-c1ccccc1-c1nnn[nH]1,2.1
CCCCc1nn(CC(C)(C)C)c(=O)n1Cc1ccc(cc1)-c1ccccc1-c1nnn[nH]1,2.1
CCCCOC(=O)NS(=O)(=O)c1ccc(CC(C)C)cc1-c1ccc(Cn2c(CC)nc3c(C)cc(C)nc23)cc1,2.1
CCCc1nc2ccc(cc2c(=O)n1Cc1ccc(cc1)-c1ccccc1-c1nnn[nH]1)N(C)C(=O)OCC(C)C,2.1
CCCCc1nc(c(C(O)=O)n1Cc1ccc(cc1)-c1ccccc1-c1nnn[nH]1)-c1ccccc1,2.1
CCCCc1nc(C(C)C)c(CC(=S)N2CCCC2)c(=O)n1Cc1ccc(cc1)-c1ccccc1-c1noc(=O)[nH]1,2.2
CCCCC1=NC(C(C)C)=C(CC(=S)N2CCCC2)CN1Cc1ccc(cc1)-c1ccccc1-c1noc(=O)[nH]1,2.2
CCc1nc2c(C)cc(C)nc2n1Cc1cc(Cl)c(OC(C(O)=O)c2ccccc2)c(CC=C)c1,2.2
CCCCN(C(=O)c1ccc(OP([O-])([O-])=O)cc1)c1ccc2ncn(Cc3ccc(cc3)-c3ccccc3-c3nnnn3C)c(=O)c2c1,2.2
COCCOCCN(C(=O)c1ccccc1)c1ccc2ncn(Cc3ccc(cc3)-c3ccccc3-c3nnnn3C)c(=O)c2c1,2.2
CCCCc1nn(-c2ccccc2C(F)(F)F)c(=O)n1Cc1ccc(cc1)-c1ccccc1S(=O)(=O)NC(=O)OCC,2.2
CCc1nc2c(C)cc(C)nc2n1Cc1ccc(cc1)-c1ccccc1S(=O)(=O)NC(C)=O,2.2
CCc1nc2ccc(NC(=O)N(C)C(C)C)cc2c(=O)n1Cc1ccc(cc1F)-c1ccccc1S(=O)(=O)NC(=O)COCC(C)C,2.2
CCCCC1=NC2(CCCC2)C(C)(C)C(=O)N1Cc1ccc(cc1)-c1ccccc1-c1nnn[nH]1,2.2
OC(=O)C(F)(F)F.OC(=O)C(F)(F)F.OC(=O)C(F)(F)F.CC[C@H](C)[C@H](NC(=O)[C@H](Cc1ccc(O)cc1)NC(=O)[C@@H](NC(=O)[C@H](CCCN\C(N)=N\C(=O)NCCCCNC(=O)CC)NC(=O)[C@@H](N)CC(O)=O)C(C)C)C(=O)N[C@@H](Cc1cnc[nH]1)C(=O)N1CCC[C@H]1C(=O)N[C@@H](Cc1ccccc1)C(O)=O,2.2
CCCCc1ncc(\C=C2/N(Cc3cccs3)C(=O)NC2=O)n1Cc1ccc(cc1)C(O)=O,2.3
CCc1cc2c(s1)n(Cc1ccc(cc1OC)-c1ccccc1-c1nc(=O)o[nH]1)c(=O)n(CC(=O)c1ccc(OC)cc1)c2=O,2.3
CCc1nc2c(C)cc(C)nc2n1Cc1ccc(cc1)-c1ccsc1-c1nnn[nH]1,2.3
CCOC(=O)CCCN(C(=O)c1ccccc1)c1ccc2ncn(Cc3ccc(cc3)-c3ccccc3-c3nnnn3C)c(=O)c2c1,2.3
CCCCN(C(=O)c1ccc(F)cc1)c1ccc2ncn(Cc3ccc(cc3)-c3ccccc3-c3nnnn3C)c(=O)c2c1,2.3
CCc1nc2ccc(NC(=O)c3ccccn3)cc2c(=O)n1Cc1ccc(cc1F)-c1ccccc1S(=O)(=O)NC(=O)OCCC(C)C,2.3
CCCCc1nn(c(C(O)=O)c1Cc1ccc(cc1)-c1ccccc1-c1nnn[nH]1)-c1cccc(Cl)c1,2.3
CN(C)C(=O)Nc1ccc2nc(C)n(Cc3ccc(cc3F)-c3ccccc3S(=O)(=O)NC(=O)OCCC3CC3)c(=O)c2c1,2.3
CCCc1cc(=O)n(Cc2ccccc2C(=O)OC)c(=O)n1Cc1ccc(cc1)-c1ccccc1-c1nnn[nH]1,2.3
CC(C)CCOC(=O)NS(=O)(=O)c1ccccc1-c1ccc(Cn2c(C)nc3ccc(NC(=O)N(C)C(C)C)cc3c2=O)c(F)c1,2.3
CCCCc1nc(C)c(CC(=O)N(C)C)c(=O)n1Cc1ccc(cc1)-c1ccccc1-c1nnn[nH]1,2.37
CCCc1nc2c(C)cc(cc2n1Cc1ccc(cc1)-c1ccccc1C(O)=O)C(=O)NCc1ccccc1OC,2.4
CCCCCNC(=O)c1ccc(c(Cl)c1)-n1nc(CCCC)n(Cc2ccc(cc2)-c2ccccc2S(=O)(=O)NC(=O)c2ccccc2Cl)c1=O,2.4
CCCCc1nn(-c2ccccc2Cl)c(=O)n1Cc1ccc(cc1)-c1ccccc1-c1nnn[nH]1,2.4
CCCCc1nn(-c2ccccc2Cl)c(=O)n1Cc1ccc(cc1)-c1ccccc1-c1nnn[nH]1,2.4
CCCCN1C(=O)NC(=O)\C1=C/c1cnc(CCCC)n1Cc1ccc(cc1)C(O)=O,2.4
CCCc1nc(CC)c(C=O)n1Cc1ccc(cc1)-c1ccccc1S(=O)(=O)NC(=O)c1ccccc1,2.4
CCCCc1nn(-c2ccccc2Cl)c(=O)n1Cc1ccc(cc1)-c1ccccc1-c1nnn[nH]1,2.4
CCCCc1nn(-c2ccccc2C(F)(F)F)c(=O)n1Cc1ccc(cc1)-c1ccccc1S(=O)(=O)NC(=O)c1cccc(Cl)c1,2.4
CCCCC(=O)N(Cc1ccccc1)c1ccc2ncn(Cc3ccc(cc3)-c3ccccc3-c3nnnn3C)c(=O)c2c1,2.4
CCCCCNC(=O)c1ccc(c(Cl)c1)-n1nc(CCCC)n(Cc2ccc(cc2)-c2ccccc2S(=O)(=O)NC(=O)c2ccccc2Cl)c1=O,2.4
CCCCc1nn(-c2ccccc2Cl)c(=O)n1Cc1ccc(cc1)-c1ccccc1-c1nnn[nH]1,2.4
CCCCC(=O)N(Cc1ccccc1)c1ccc2nc(CCC)n(Cc3ccc(cc3)-c3ccccc3-c3nnn[nH]3)c(=O)c2c1,2.4
CNCC(=O)N[C@@H](CCCN=C(N)N)C(=O)N[C@@H](C(C)C)C(=O)N[C@@H](Cc1ccc(O)cc1)C(=O)N[C@@H](C(C)C)C(=O)N[C@@H](Cc1cnc[nH]1)C(=O)N1CCC[C@H]1C(=O)N[C@@H](C)C(O)=O,2.4
CCCCC(=O)N(Cc1ccccc1)c1ccc2ncn(Cc3ccc(cc3)-c3ccccc3-c3nnnn3C)c(=O)c2c1,2.4
CCCCc1cc(=O)n(Cc2ccccc2C(=O)OC)c(=O)n1Cc1ccc(cc1)-c1ccccc1-c1nnn[nH]1,2.4
CCCCc1nc(C)c(CC(=O)N2CCCCC2)c(=O)n1Cc1ccc(cc1)-c1ccccc1-c1nnn[nH]1,2.46
CCCCc1nn(C)c(=O)n1Cc1ccc(cc1)-n1cccc1-c1nnn[nH]1,2.5
CCCCN1C(=O)NC(=O)\C1=C/c1cnc(CCCC)n1Cc1ccc(cc1)C1(CCCC1)C(=O)OC,2.5
Cn1nnnc1-c1ccccc1-c1ccc(Cn2cnc3ccc(cc3c2=O)N(C(=O)c2ccccc2)c2ccccc2)cc1,2.5
CCCCc1nc2ccc(cc2c(=O)n1Cc1ccc(cc1)-c1ccccc1-c1nnn[nH]1)N(C)C(=O)OCC(C)C,2.5
CCCOC(=O)N(Cc1ccccc1)c1ccc2nc(CCC)n(Cc3ccc(cc3)-c3ccccc3-c3nnn[nH]3)c(=O)c2c1,2.5
CCCCc1nc2ccc(cc2c(=O)n1Cc1ccc(cc1)-c1ccccc1-c1nnn[nH]1)N(C)C(=O)OCC(C)C,2.5
CCCCc1nn(c(C(O)=O)c1Cc1ccc(cc1)-c1ccccc1-c1nnn[nH]1)-c1ccc(OC)cc1[N+]([O-])=O,2.5
CCCCc1nc(C)c(CCC(=O)OCC)c(=O)n1Cc1ccc(cc1)-c1ccccc1-c1nnn[nH]1,2.51
CCCCn1ncc(C(O)=O)c1Nc1ccc(cc1)-c1ccccc1-c1nnn[nH]1,2.6
CCCc1nc2c(C)cc(cc2n1Cc1ccc(cc1)-c1ccccc1-c1nnn[nH]1)C(=O)NCCc1cccc(OC)c1,2.6
CCCCc1ncc(\C=C2\N(Cc3cccs3)C(=O)NC2=O)n1Cc1ccc(cc1)C(O)=O,2.6
CCCc1nc(CC)c(C(=O)OC)n1Cc1ccc(cc1)-c1ccccc1S(=O)(=O)NC(=O)C1CC1,2.6
CCCCc1nn(-c2c(Cl)cccc2Cl)c(=O)n1Cc1ccc(cc1)-c1ccccc1S(=O)(=O)NC(=O)c1ccccc1,2.6
CCCCc1nn(-c2ccccc2C(F)(F)F)c(=O)n1Cc1ccc(cc1)-c1ccccc1S(=O)(=O)NC(=O)NC(C)(C)C,2.6
Cn1nnnc1-c1ccccc1-c1ccc(Cn2cnc3ccc(cc3c2=O)N(CCCCO)C(=O)c2ccccc2)cc1,2.6
CCCCc1nn(-c2c(Cl)cccc2Cl)c(=O)n1Cc1ccc(cc1)-c1ccccc1S(=O)(=O)NC(=O)c1ccccc1,2.6
CCCCc1nn(-c2ccccc2C(F)(F)F)c(=O)n1Cc1ccc(cc1)-c1ccccc1S(=O)(=O)NC(=O)c1cc(Cl)sc1Cl,2.6
CCCCc1nc2ccc(cc2c(=O)n1Cc1ccc(cc1)-c1ccccc1S(=O)(=O)NC(=O)C1CC1)C(C)C,2.6
CCCCc1nc(C)c(CC(O)=O)c(=O)n1Cc1ccc(cc1)-c1ccccc1-c1nnn[nH]1,2.63
CCc1nc2c(C)cc(C)nc2n1Cc1ccc(cc1)-c1ccccc1-c1nnn[nH]1,2.7
CCCSc1nc2c(C)cc(cc2n1Cc1ccc(cc1)-c1ccccc1-c1nnn[nH]1)C(=O)NC[C@@H](C)c1ccccc1,2.7
CCCCN1C(=O)NC(=O)\C1=C/c1cnc(CCCC)n1Cc1ccc(cc1)-c1ccccc1-c1nn[nH]n1,2.7
CCCCc1nn(CC)c(C(O)=O)c1Cc1ccc(cc1)-c1ccccc1-c1nnn[nH]1,2.7
CCCCC(=O)N(Cc1ccc(cc1)-c1ccccc1-c1nnn[nH]1)[C@@H](C(C)C)C(O)=O,2.7
CCCCc1nc(Cl)c(C(O)=O)n1Cc1ccc(cc1)-c1ccccc1-c1noc(=O)[nH]1,2.7
CCCCc1nc(C)c(CC(=O)N2CCSCC2)c(=O)n1Cc1ccc(cc1)-c1ccccc1-c1nnn[nH]1,2.76
CCCc1nc2ccc(cc2c(=O)n1Cc1ccc(cc1)-c1ccccc1S(=O)(=O)NC(=O)C1CC1)C(C)C,2.8
CCCc1cc(Cn2c(CC)nc3c(C)cc(C)nc23)cc(CCC)c1OC(C(O)=O)c1ccc(Cl)cc1,2.8
CCCCc1nc(Cl)c(C(O)=O)n1Cc1ccc(cc1)-c1ccccc1-c1nnn[nH]1,2.8
CCCCCN(C(=O)c1ccncc1)c1ccc2ncn(Cc3ccc(cc3)-c3ccccc3-c3nnnn3C)c(=O)c2c1,2.8
CCCCCN(C(=O)c1cccs1)c1ccc2ncn(Cc3ccc(cc3)-c3ccccc3-c3nnnn3C)c(=O)c2c1,2.8
CCCCc1nn(-c2ccccc2C(F)(F)F)c(=O)n1Cc1ccc(cc1)-c1ccccc1S(=O)(=O)NC(=O)C(c1ccccc1)c1ccccc1,2.8
CCCCc1nn(-c2ccccc2C(F)(F)F)c(=O)n1Cc1ccc(cc1)-c1ccccc1S(=O)(=O)NC(=O)C1CCOC1,2.8
CCCCN1C(=O)NC(=O)\C1=C\c1cnc(CCCC)n1Cc1ccc(cc1)C(O)=O,2.8
CCCCc1nc(Cl)c(C(O)=O)n1Cc1ccc(cc1)-c1ccccc1-c1nnn[nH]1,2.8
CCCCc1nn(c(C(O)=O)c1Cc1ccc(cc1)-c1ccccc1-c1nnn[nH]1)-c1ccccc1,2.9
CCCc1nc2c(C)cc(cc2n1Cc1ccc(cc1)-c1ccccc1C1=NCCN1)-c1nc2ccccc2n1C,2.9
CCCCc1nn(CC2CCCCC2)c(=O)n1Cc1ccc(cc1)-c1ccccc1-c1nnn[nH]1,2.9
CCCCc1nn(CCCC)c(=O)n1Cc1ccc(cc1)-c1ccccc1-c1nnn[nH]1,2.9
CCCCc1ncc(C(O)=O)n1Cc1ccc(cc1)-c1ccccc1-n1cnnn1,2.9
CCCCCCCC(=O)NS(=O)(=O)c1ccccc1-c1ccc(Cn2c(CCCC)nn(-c3ccccc3C(F)(F)F)c2=O)cc1,2.9
CCCCCCCC(=O)NS(=O)(=O)c1ccccc1-c1ccc(Cn2c(CCCC)nn(-c3ccccc3C(F)(F)F)c2=O)cc1,2.9
CCCCc1nn(CC2CCCCC2)c(=O)n1Cc1ccc(cc1)-c1ccccc1-c1nnn[nH]1,2.9
CCCCc1nn(CCCC)c(=O)n1Cc1ccc(cc1)-c1ccccc1-c1nnn[nH]1,2.9
CCCCc1nn(CC2CCCCC2)c(=O)n1Cc1ccc(cc1)-c1ccccc1-c1nnn[nH]1,2.9
[Na+].[Na+].[Br-].CCCCc1c[n+](Cc2ccc(cc2)-c2ccccc2-c2nn[n-]n2)cn1Cc1ccc(cc1)-c1ccccc1-c1nn[n-]n1,2.9
CCCCc1ncc(CN[C@H](Cc2c[nH]c3ccccc23)C(O)=O)n1Cc1ccc(cc1)C(O)=O,2.9
CCCCc1nn(CCCC)c(=O)n1Cc1ccc(cc1)-c1ccccc1-c1nnn[nH]1,2.9
CCCCN1C(=O)N(Cc2ccc(N)cc2)\C(=C/c2cnc(CCCC)n2Cc2ccc(cc2)C(=O)OC)C1=O,3.0
CCCCN(Cc1nc(CCC)n(Cc2ccc(cc2)-c2ccccc2-c2nnn[nH]2)c1C(O)=O)Cc1ccccc1,3.0
CCCc1nc(CN2CCN(CC2)c2ccc(F)cc2)c(C(O)=O)n1Cc1ccc(cc1)-c1ccccc1-c1nnn[nH]1,3.0
CCCC1=NC2(CC2)C(=O)N1Cc1ccc(cc1)-c1ccccc1-c1nnn[nH]1,3.0
CCCC1=NC2(CCCCC2)C(=O)N1Cc1ccc(cc1)-c1ccccc1-c1nnn[nH]1,3.0
CCCC1=NC(C)(C)C(=O)N1Cc1ccc(cc1)-c1ccccc1S(=O)(=O)NC(=O)c1ccccc1,3.0
CCCc1nc2c(C)cc(cc2n1Cc1ccc(cc1)-c1ccccc1C(O)=O)-c1nc2ccccc2n1C,3.0
CCCc1nc(CC)c(C(=O)OCc2ccccc2-c2ccccc2)n1Cc1ccc(cc1F)-c1ccccc1S(=O)(=O)NC(=O)OCCC(C)C,3.0
CCCc1nc(CC)c(C(=O)OCc2ccccc2OCCC(C)C)n1Cc1ccc(cc1F)-c1ccccc1S(=O)(=O)NC(=O)OCCC(C)C,3.0
CCCCc1nc2ccc(cc2c(=O)n1Cc1ccc(cc1)-c1ccccc1S(=O)(=O)NC(=O)c1ccccc1)C(C)C,3.0
CCCc1nc(CC)c(C(=O)OCc2ccccc2-c2ccccc2)n1Cc1ccc(cc1)-c1ccccc1-c1nnn[nH]1,3.0
CCCc1nc(CC)c(C(=O)OCc2ccc(cc2)-c2ccccc2)n1Cc1ccc(cc1)-c1ccccc1-c1nnn[nH]1,3.0
CCCc1nc2c(C)cc(cc2n1Cc1ccc(cc1)-c1ccccc1C(O)=O)-c1nc2ccccc2n1C,3.0
CCCCc1nc2ccc(cc2n1Cc1ccc(cc1)-c1ccccc1-c1nnn[nH]1)N1CCCCS1(=O)=O,3.0
CCCc1nc2c(C)cc(cc2n1Cc1ccc(cc1)-c1ccccc1-c1nnn[nH]1)-c1cn2ccccc2n1,3.0
CCCc1nc2ccc(cc2n1Cc1ccc(cc1)-c1ccccc1C(O)=O)-c1nc2ccccc2n1C,3.0
CCCCc1nc2ccn(Cc3ccccc3C(O)=O)c(=O)c2n1Cc1ccc(cc1)-c1ccccc1-c1nnn[nH]1,3.0
CCCCc1nn(-c2ccccc2C(F)(F)F)c(=O)n1Cc1ccc(cc1)-c1ccccc1S(=O)(=O)NC(=O)c1ccoc1C,3.0
CCCCc1nnc(SCc2ccc(OC)cc2)n1Cc1ccc(NC(=O)c2ccccc2C(O)=O)cc1,3.0
CCCCc1nc2ccc(cc2c(=O)n1Cc1ccc(cc1)-c1ccccc1-c1nnn[nH]1)S(C)(=O)=O,3.0
CCCCc1nc(Cl)c(CO)n1Cc1ccc(cc1)-c1ccccc1-c1nnn[nH]1,3.0
Cc1cc(=O)[nH]nc1-c1ccc2nc(C3CC3)n(Cc3ccc(cc3)-c3ccccc3-c3nnn[nH]3)c2c1,3.0
CCCCc1nnc(SCc2ccc(OC)cc2)n1Cc1ccc(NC(=O)c2ccccc2C(O)=O)cc1,3.0
CCc1nc2ccc(cc2n1Cc1ccc(cc1)-c1ccccc1-c1nn[n-]n1)C1=NN(CC(=O)N(C)C)C(=O)CC1,3.0
CCCc1nc2c(C)cc(cc2n1Cc1ccc(cc1)-c1ccccc1C(O)=O)C(=O)NCCc1ccccc1,3.0
CCCCc1ncc(\C=C2/N(Cc3ccc(Cl)cc3)C(=O)NC2=O)n1Cc1ccc(cc1)C(O)=O,3.0
CCCCc1nn(CCc2ccccc2)c(=O)n1Cc1ccc(cc1)-c1ccccc1-c1nnn[nH]1,3.1
CC(C)CCc1nn(CCc2ccccc2)c(=O)n1Cc1ccc(cc1)-c1ccccc1-c1nnn[nH]1,3.1
CCCCc1nc(Cl)c(CO)n1Cc1ccc(cc1)-c1ccccc1-c1nnn[nH]1,3.2
CCCCc1nn(-c2ccccc2N(C)C)c(=O)n1Cc1ccc(cc1)-c1ccccc1-c1nnn[nH]1,3.2
CCCCc1nn(CC(C)C)c(=O)n1Cc1ccc(cc1)-c1ccccc1-c1nnn[nH]1,3.2
CCCCc1nn(-c2ccccc2N(C)C)c(=O)n1Cc1ccc(cc1)-c1ccccc1-c1nnn[nH]1,3.2
CCCCc1nn(CC(C)C)c(=O)n1Cc1ccc(cc1)-c1ccccc1-c1nnn[nH]1,3.2
CCCCc1nn(CC(C)C)c(=O)n1Cc1ccc(cc1)-c1ccccc1-c1nnn[nH]1,3.2
CCCCc1nn(-c2ccccc2N(C)C)c(=O)n1Cc1ccc(cc1)-c1ccccc1-c1nnn[nH]1,3.2
CCCCc1nn(c(C(O)=O)c1Cc1ccc(cc1)-c1ccccc1-c1nnn[nH]1)-c1cc(Cl)ccc1Cl,3.2
CCCCCN(C(=O)c1ccco1)c1ccc2ncn(Cc3ccc(cc3)-c3ccccc3-c3nnnn3C)c(=O)c2c1,3.2
CCCCc1nn(-c2ccccc2C(F)(F)F)c(=O)n1Cc1ccc(cc1)-c1ccccc1S(=O)(=O)NC(=O)c1cccc(c1)C(F)(F)F,3.3
CCCCc1nnc(SCc2ccccc2C(O)=O)n1Cc1ccc(NC(=O)c2ccccc2C(O)=O)cc1,3.3
CCCc1nc2c(C)cc(C)nc2n1Cc1ccc(cc1)-c1c(C(O)=O)c(N)nc2ccccc12,3.3
CCCCN1C(=O)NC(=O)\C1=C\c1cnc(CCCC)n1Cc1ccc(cc1)S(=O)(=O)NC(F)(F)F,3.3
CCCCN1C(=O)N(CC2CCCCC2)\C(=C/c2cnc(CCCC)n2Cc2ccc(cc2)C(=O)OC)C1=O,3.3
CCCCc1nnc(SCc2ccccc2C(O)=O)n1Cc1ccc(NC(=O)c2ccccc2C(O)=O)cc1,3.3
CCCCc1nn(CC(C)(C)C)c(=O)n1Cc1ccc(cc1)-c1ccccc1S(=O)(=O)NC(=O)c1ccccc1,3.3
CCCc1cc(=O)n(CC=C)c(=O)n1Cc1ccc(cc1)-c1ccccc1-c1nnn[nH]1,3.3
CCCCc1nn(-c2ccccc2C(F)(F)F)c(=O)n1Cc1ccc(cc1)-c1ccccc1S(=O)(=O)NC(=O)C1C(C)(C)C1(C)C,3.3
CCCCc1nn(CC(C)(C)C)c(=O)n1Cc1ccc(cc1)-c1ccccc1S(=O)(=O)NC(=O)c1ccccc1,3.3
CCCC(=O)Nc1cnc2n(Cc3ccc(cc3)-c3ccccc3S(=O)(=O)NC(=O)c3ccc(CCC)cc3)c(CCC)nc2c1C,3.3
CCCCC1=NC(C)(C2CCCC2)C(=O)N1Cc1ccc(cc1)-c1ccccc1C(O)=O,3.3
CCCCc1nc(C)c(CCC(=O)N2CCC[C@H]2C(=O)OC)c(=O)n1Cc1ccc(cc1)-c1ccccc1-c1nnn[nH]1,3.36
CCCCc1ncc(\C=C2\N(Cc3ccccc3)C(=O)NC2=O)n1Cc1ccc(cc1)C(O)=O,3.4
CCCCN1C(=O)N(Cc2cccs2)\C(=C/c2cnc(CCCC)n2Cc2ccc(cc2)C(=O)OC)C1=O,3.4
CCCCC(=O)N(Cc1ccc(cc1)-c1ccccc1-c1nnn[nH]1)[C@@H](C(C)C)C(O)=O,3.4
CCCCc1nc2ccc(cc2c(=O)n1Cc1ccc(cc1)-c1ccccc1-c1nnn[nH]1)N(C)C(=O)OCC(C)C,3.4
CCCc1cc(=O)n(CCNC(C)=O)c(=O)n1Cc1ccc(cc1)-c1ccccc1-c1nnn[nH]1,3.4
Cn1nnnc1-c1ccccc1-c1ccc(Cn2cnc3ccc(cc3c2=O)N(Cc2ccccc2)C(=O)c2ccncc2)cc1,3.4
CCc1nc2c(C)cc(C)nc2n1Cc1ccc(OC(C(O)=O)c2ccccc2C)c(Cl)c1,3.4
CCCCc1cnc(C(O)=O)n1Cc1ccc(cc1)-c1ccccc1-c1nnn[nH]1,3.47
CCCCc1cnc(C(O)=O)n1Cc1ccc(cc1)-c1ccccc1-c1nnn[nH]1,3.47
CCCCN1C(=O)NC(=O)\C1=C\c1cnc(CCCC)n1Cc1ccc(cc1)C(=O)OC,3.5
CCOc1nc2c(C)cc(cc2n1Cc1ccc(cc1)-c1ccccc1-c1nnn[nH]1)C(=O)NC[C@H](C)c1ccccc1,3.5
CC(C)Cc1cc(C)c2nc(C(C)C)n([C@H]3CCc4cc(ccc34)-c3ccccc3-c3nnn[nH]3)c2n1,3.5
CCCCc1nc2ccc(cc2c(=O)n1Cc1ccc(cc1)-c1ccccc1-c1nnn[nH]1)C(C)(O)C[C@H]1CCCN1,3.5
CCCCC(=O)Nc1ccc(Br)c(c1)-n1nc(CC)n(Cc2ccc(cc2F)-c2ccccc2S(=O)(=O)NC(=O)OC(C)(C)C)c1=O,3.5
CCCCc1nc(C)c(CC(=O)N2CCN(C)CC2)c(=O)n1Cc1ccc(cc1)-c1ccccc1-c1nnn[nH]1,3.59
CCCCc1nn(CC(O)c2ccccc2)c(=O)n1Cc1ccc(cc1)-c1ccccc1-c1nnn[nH]1,3.6
CCCc1[nH]nc(C(O)=O)c1Cc1ccc(cc1)-c1ccccc1-c1nnn[nH]1,3.6
CCCCc1nn(-c2ccccc2-c2ccccc2)c(=O)n1Cc1ccc(cc1)-c1ccccc1-c1nnn[nH]1,3.6
CCCc1nc2ccc(cc2c(=O)n1Cc1ccc(cc1)-c1ccccc1S(=O)(=O)NC(=O)c1ccccc1)N(C)C,3.6
CCc1nn(Cc2ccc(cc2)-c2ccccc2-c2nnn[nH]2)c(=NC(=O)c2ccccc2Cl)s1,3.6
CCCCc1nn(-c2ccccc2-c2ccccc2)c(=O)n1Cc1ccc(cc1)-c1ccccc1-c1nnn[nH]1,3.6
CCCCc1nn(-c2ccccc2-c2ccccc2)c(=O)n1Cc1ccc(cc1)-c1ccccc1-c1nnn[nH]1,3.6
CCCc1nc2c(C)cc(cc2n1Cc1ccc(cc1)-c1ccccc1-c1nnn[nH]1)C(=O)NCCc1ccc(OC)c(OC)c1,3.7
CCc1nn(-c2cc(NC(=O)c3ccccc3)ccc2Cl)c(=O)n1Cc1ccc(cc1F)-c1ccccc1S(=O)(=O)NC(=O)OC(C)(C)C,3.7
CCc1nn(-c2cc(NC(=O)c3ccccc3)ccc2Cl)c(=O)n1Cc1ccc(cc1F)-c1ccccc1S(=O)(=O)NC(=O)OC(C)(C)C,3.7
OC(=O)c1c(Cc2ccc(cc2)-c2ccccc2-c2nnn[nH]2)c(CC2CC2)nn1-c1c(Cl)cccc1Cl,3.7
CCc1nn(-c2cc(NC(=O)c3ccccc3)ccc2Cl)c(=O)n1Cc1ccc(cc1F)-c1ccccc1S(=O)(=O)NC(=O)OC(C)(C)C,3.7
CCc1cc2N(Cc3ccc(cc3)-c3ccccc3-c3nnn[nH]3)C(=O)CCc2c(CC)n1,3.8
CCCCc1nn(-c2ccccc2C(F)(F)F)c(=O)n1Cc1ccc(cc1)-c1ccccc1S(=O)(=O)NC(=O)c1ccc(cc1)C(F)(F)F,3.8
CCc1cc2N(Cc3ccc(cc3)-c3ccccc3-c3nnn[nH]3)C(=O)CCc2c(CC)n1,3.8
CCCCOC(=O)NS(=O)(=O)c1ccccc1-c1ccc(Cn2c(CC)nc3ccc(NC(=O)N4CCOCC4)cc3c2=O)c(F)c1,3.8
CCc1nc2c(C)cc(C)nc2n1Cc1ccc(cc1)-c1ccccc1C(O)=O,3.8
CCCCc1nn(-c2ccccc2C(F)(F)F)c(=O)n1Cc1ccc(cc1)-c1ccccc1S(=O)(=O)NC(=O)c1ccoc1,3.9
CCCc1nc2c(C)cc(NC(=O)c3ccccc3)cc2n1Cc1ccc(cc1)-c1ccccc1C(O)=O,3.9
COC(=O)c1ccc(CN(C(=O)c2ccccc2)c2ccc3ncn(Cc4ccc(cc4)-c4ccccc4-c4nnnn4C)c(=O)c3c2)cc1,3.9
CCCc1ccc2c(c1)-c1ccc(Cn3c(CCC)nc4ccc(NCCCCCCCC(=O)NS2(=O)=O)cc4c3=O)cc1,3.9
CCCc1nc2ccc(NC(=O)OCC(C)C)cc2c(=O)n1Cc1ccc(cc1)-c1ccccc1-c1nnn[nH]1,3.9
CCCCc1nn(-c2ccccc2C(F)(F)F)c(=O)n1Cc1ccc(cc1F)-c1cc(CCC)ccc1S(=O)(=O)NC(=O)c1ccccc1Cl,3.9
CCCCc1ncc(\C=C2/N(Cc3ccccc3)C(=O)NC2=O)n1Cc1ccc(cc1)C(O)=O,4.0
CCCCc1nc2ccc(cc2c(=O)n1Cc1ccc(cc1)-c1ccccc1-c1nnn[nH]1)C(C)C,4.0
COC(=O)CN1N=C(C(C)CC1=O)c1ccc2nc(C3CC3)n(Cc3ccc(cc3)-c3ccccc3-c3nnn[nH]3)c2c1,4.0
CCCCc1nc2ccc(CC)cc2c(=O)n1Cc1ccc(cc1)-c1ccccc1-c1nnn[nH]1,4.0
CCCCc1nc2ccc(C)cc2c(=O)n1Cc1ccc(cc1)-c1ccccc1-c1nnn[nH]1,4.0
CCc1cc(OCc2ccc(cc2)-c2ccccc2-c2nnn[nH]2)c(C(=O)c2ccccc2)c(C)n1,4.0
CCN(C(C(O)=O)c1ccccc1)c1ccc(Cn2c(CC)nc3c(C)cc(C)nc23)cc1,4.0
CCCCc1nc2ccc(NC(=O)OCC(C)C)cc2c(=O)n1Cc1ccc(cc1)-c1ccccc1-c1nnn[nH]1,4.0
CCCc1cc(Cn2c(CC)nc3c(C)cc(C)nc23)cc(CCC)c1OC(C(O)=O)c1ccc(C)cc1,4.0
CCCCN(C(=O)c1ccc(O)cc1)c1ccc2ncn(Cc3ccc(cc3)-c3ccccc3-c3nnnn3C)c(=O)c2c1,4.0
CCCCc1nc2ccc(C)cc2c(=O)n1Cc1ccc(cc1)-c1ccccc1-c1nnn[nH]1,4.0
CCCc1nc2c(C)cc(cc2n1Cc1ccc(cc1)-c1ccccc1C(O)=O)-c1cn2ccccc2n1,4.0
CCCCc1nc2ccc(cc2n1Cc1ccc(cc1)-c1ccccc1-c1nnn[nH]1)N1CCCCC1=O,4.0
CCCc1nc2c(C)ccnc2n1Cc1ccc(cc1)-c1ccncc1-c1nnn[nH]1,4.0
CCCCc1nc2ccc(cc2c(=O)n1Cc1ccc(cc1)-c1ccccc1S(=O)(=O)NC(=O)c1ccc(F)cc1)C(C)C,4.0
CCCCOC(=O)NS(=O)(=O)c1ccccc1-c1ccc(Cn2c(CCCC)nc3ccc(NC(=O)N(C)C(C)C)cc3c2=O)cc1,4.0
CCNC(=O)Nc1ccc2nc(CC)n(Cc3ccc(cc3F)-c3ccccc3S(=O)(=O)NC(=O)c3ccccc3F)c(=O)c2c1,4.0
CCCC1=NC(C)(C)C(=O)N1Cc1ccc(cc1)-c1ccccc1-c1nnn[nH]1,4.0
CC1(C)CC(=O)NN=C1c1ccc2nc(C3CC3)n(Cc3ccc(cc3)-c3ccccc3-c3nn[n-]n3)c2c1,4.0
CCCc1nc2c(C)ccnc2n1Cc1ccc(cc1)-c1ccncc1-c1nnn[nH]1,4.0
CCCc1ccc2c(c1)-c1ccc(Cn3c(CCC)nc4ccc(NCCCCCCC(=O)NS2(=O)=O)cc4c3=O)cc1,4.0
CCCCc1nc(C)c(CCC(=O)N2CCSCC2)c(=O)n1Cc1ccc(cc1)-c1ccccc1-c1nnn[nH]1,4.06
CCCCc1nn(-c2ccccc2C)c(=O)n1Cc1ccc(cc1)-c1ccccc1-c1nnn[nH]1,4.1
CCCCc1nnc(SCc2ccc(OC)cc2)n1Cc1ccc(NC(=O)c2ccccc2-c2nnn[nH]2)cc1,4.1
CCCCc1nn(-c2ccccc2C)c(=O)n1Cc1ccc(cc1)-c1ccccc1-c1nnn[nH]1,4.1
CCCCc1nnc(SCc2ccc(OC)cc2)n1Cc1ccc(NC(=O)c2ccccc2-c2nnn[nH]2)cc1,4.1
CCCCc1nn(-c2ccccc2C)c(=O)n1Cc1ccc(cc1)-c1ccccc1-c1nnn[nH]1,4.1
CCCc1nc(CN2CCN(CC2)c2ccccn2)c(C(O)=O)n1Cc1ccc(cc1)-c1ccccc1-c1nnn[nH]1,4.2
CCCc1nc2c(C)cc(C)nc2n1Cc1ccc(cc1)-c1c(C(O)=O)c(N)nc2ccccc12,4.2
CCCCN1C(=O)N(Cc2ccc(s2)C(=O)OC)\C(=C/c2cnc(CCCC)n2Cc2ccc(cc2)C(=O)OC)C1=O,4.2
CCCc1nc(CN2CCN(CC2)c2ccccn2)c(C(O)=O)n1Cc1ccc(cc1)-c1ccccc1-c1nnn[nH]1,4.2
CCCCN1C(=O)NC(=O)\C1=C/c1cnc(CCCC)n1Cc1ccc(cc1)-c1nn[nH]n1,4.2
[Br-].CCCCc1c[n+](Cc2ccc(cc2)-c2ccccc2-c2nn[nH]n2)c(CO)n1Cc1ccc(cc1)-c1ccccc1-c1nn[nH]n1,4.3
CCCCc1nc(Cl)c(C=O)n1Cc1ccc(cc1)-c1ccccc1-c1noc(=O)[nH]1,4.3
CCCc1cc(=O)[nH]c(=O)n1Cc1ccc(cc1)-c1ccccc1-c1nnn[nH]1,4.3
CCCCc1nc2ccc(NC(=O)OCc3ccccc3)cc2c(=O)n1Cc1ccc(cc1)-c1ccccc1-c1nnn[nH]1,4.3
CCCCNC(=O)NS(=O)(=O)c1ccccc1-c1ccc(Cn2c(CCC)nc3c(C)c(NC(=O)CCC)cnc23)cc1,4.3
CCCCC(=O)Nc1ccc(Br)c(c1)-n1nc(CC)n(Cc2ccc(cc2F)-c2ccccc2S(=O)(=O)NC(=O)OC(C)C)c1=O,4.3
CCCCc1nn(-c2ccccc2C(F)(F)F)c(=O)n1Cc1ccc(cc1)-c1ccccc1S(=O)(=O)NC(=O)C1CCCO1,4.3
CCCc1nc(CC)c(C(O)=O)n1Cc1ccc(cc1)-c1ccccc1S(=O)(=O)NC(=O)C1CC1,4.3
CCCc1nc2c(C)cc(cc2n1Cc1ccc(cc1)-c1ccccc1C(O)=O)C(=O)NCc1ccc(OC)cc1,4.3
CCCCc1nc2ccc(cc2c(=O)n1Cc1ccc(cc1)-c1ccccc1S(=O)(=O)NC(=O)CCCCCN)C(C)C,4.4
CCCc1cc(=O)n(CCN2C(=O)c3ccccc3C2=O)c(=O)n1Cc1ccc(cc1)-c1ccccc1-c1nnn[nH]1,4.4
Cn1nnnc1-c1ccccc1-c1ccc(Cn2cnc3ccc(cc3c2=O)N(Cc2ccccn2)C(=O)c2ccncc2)cc1,4.4
CCCCc1nn(CCCCC(=O)OC)c(=O)n1Cc1ccc(cc1)-c1ccccc1-c1nnn[nH]1,4.4
CCCCc1cc(=O)n(C)c(=O)n1Cc1ccc(cc1)-c1ccccc1-c1nnn[nH]1,4.5
CCCCCN(C(=O)c1cccnc1)c1ccc2ncn(Cc3ccc(cc3)-c3ccccc3-c3nnnn3C)c(=O)c2c1,4.5
CCCCc1nc(C)c(CC(=S)N(C)C)c(=O)n1Cc1ccc(cc1)-c1ccccc1-c1nnn[nH]1,4.5
Cn1nnnc1-c1ccccc1-c1ccc(Cn2cnc3ccc(cc3c2=O)N(Cc2ccccc2)C(=O)c2ccccc2)cc1,4.6
CCCCc1nn(Cc2ccccc2)c(=O)n1Cc1ccc(cc1)-c1ccccc1-c1nnn[nH]1,4.6
CCc1nc2c(C)cc(C)nc2n1Cc1ccc(cc1)-c1c(C(O)=O)n(C)c(=O)c2ccccc12,4.6
CCCC(=O)Nc1cnc2n(Cc3ccc(cc3)-c3ccccc3S(=O)(=O)NC(=O)c3ccccc3)c(CCC)nc2c1C,4.6
CCCCc1nn(Cc2ccccc2)c(=O)n1Cc1ccc(cc1)-c1ccccc1-c1nnn[nH]1,4.6
CCCCc1nn(Cc2ccccc2)c(=O)n1Cc1ccc(cc1)-c1ccccc1-c1nnn[nH]1,4.6
CCCCc1nn(Cc2ccccc2)c(=O)n1Cc1ccc(cc1)-c1ccccc1-c1nnn[nH]1,4.6
CCCCc1nc(C)c(CC(=O)OCC)c(=O)n1Cc1ccc(cc1)-c1ccccc1-c1nnn[nH]1,4.63
CCCc1nc(C)c(CC(=O)N(CC)CC)c(=O)n1Cc1ccc(cc1)-c1ccccc1-c1nnn[nH]1,4.69
CCCCc1nc2ccn(CC(=O)N3CCCCC3)c(=O)c2n1Cc1ccc(cc1F)-c1ccccc1S(=O)(=O)NC(=O)OCc1ccccc1,4.7
CCCCc1nn(-c2ccccc2C(F)(F)F)c(=O)n1Cc1ccc(cc1)-c1ccccc1S(=O)(=O)NC#N,4.7
CCCc1nc(C)c(CC(=S)N(C)C)c(=O)n1Cc1ccc(cc1)-c1ccccc1-c1noc(=O)[nH]1,4.7
CCCCN1C(=O)N(Cc2ccsc2)\C(=C/c2cnc(CCCC)n2Cc2ccc(cc2)C(=O)OC)C1=O,4.8
CCCc1nc2c(C)cc(NC(=O)c3ccc(C)cc3)cc2n1Cc1ccc(cc1)-c1ccccc1C(O)=O,4.9
CCCCc1cn([C@@H]2[C@@H](C)CCC[C@H]2C)c(=O)n1Cc1ccc(nc1)-c1ccccc1-c1nnn[nH]1,4.9
CCCc1nc(C(C)O)c(C(O)=O)n1Cc1ccc(cc1)-c1ccccc1-c1nnn[nH]1,4.9
CCCCCN(C(=O)c1ccc(O)cc1)c1ccc2ncn(Cc3ccc(cc3)-c3ccccc3-c3nnnn3C)c(=O)c2c1,4.9
CCCc1nc2ccc(cc2c(=O)n1Cc1ccc(cc1)-c1ccccc1-c1nnn[nH]1)N(Cc1ccccc1)C(=O)OCC(C)C,4.9
CCCCc1nn(C(C)c2ccccc2)c(=O)n1Cc1ccc(cc1)-c1ccccc1-c1nnn[nH]1,4.9
Cn1nnnc1-c1ccccc1-c1ccc(Cn2cnc3ccc(cc3c2=O)N(Cc2ccc(O)cc2)C(=O)c2ccccc2)cc1,4.9
CCCc1nc2ccc(cc2c(=O)n1Cc1ccc(cc1)-c1ccccc1-c1nnn[nH]1)N(Cc1ccccc1)C(=O)OCC(C)C,4.9
CCCCc1ncc(\C=C2\N(CCC(C)C)C(=O)NC2=O)n1Cc1ccc(cc1)C(O)=O,4.9
CCCCN1C(=O)N(Cc2ccc(O)c(O)c2)\C(=C/c2cnc(CCCC)n2Cc2ccc(cc2)C(=O)OC)C1=O,4.9
CCCCc1nn(C(C)c2ccccc2)c(=O)n1Cc1ccc(cc1)-c1ccccc1-c1nnn[nH]1,4.9
CCCCc1nn(C(C)c2ccccc2)c(=O)n1Cc1ccc(cc1)-c1ccccc1-c1nnn[nH]1,4.9
CCCCc1nn(-c2ccc(OC)cc2)c(=O)n1Cc1ccc(cc1)-c1ccccc1-c1nnn[nH]1,5.0
CCc1nc2c(C)cc(C)nc2n1Cc1ccc2n(ccc2c1)C(=O)c1ccccc1-c1nnn[nH]1,5.0
CCc1nc2c(C)cc(C)nc2n1Cc1ccc2n(ccc2c1)C(=O)c1cccc(c1)-c1nnn[nH]1,5.0
CCCCc1nn(CCCC)c(=O)n1Cc1ccc(cc1)-c1ccccc1-c1nnn[nH]1,5.0
CCCCc1nc2ccc(OC)cc2c(=O)n1Cc1ccc(cc1)-c1ccccc1-c1nnn[nH]1,5.0
CCCc1nc(CN2CCN(CC2)c2ccccc2)c(C(O)=O)n1Cc1ccc(cc1)-c1ccccc1-c1nnn[nH]1,5.0
CCCCc1nn(-c2ccc(OC)cc2)c(=O)n1Cc1ccc(cc1)-c1ccccc1-c1nnn[nH]1,5.0
CCCc1nc2c(C)cc(nc2n1Cc1cc(Br)c(O)c(Br)c1)C(=O)OC,5.0
CCCCc1nc2ccc(cc2c(=O)n1Cc1ccc(cc1)-c1ccccc1S(=O)(=O)NC(=O)c1nnn[nH]1)C(C)C,5.0
CCCCc1nn(-c2ccc(OC)cc2)c(=O)n1Cc1ccc(cc1)-c1ccccc1-c1nnn[nH]1,5.0
CCCCc1nc2ccc(cc2c(=O)n1Cc1ccc(cc1)-c1ccccc1-c1nnn[nH]1)-c1ccccn1,5.0
CCCc1nc2c(C)ccnc2n1Cc1ccc(OC(C(O)=O)c2ccccc2C)cc1,5.0
CCCc1nc(CN2CCN(CC2)C(=O)c2ccccc2)c(C(O)=O)n1Cc1ccc(cc1)-c1ccccc1-c1nnn[nH]1,5.0
CCc1cc(OCc2ccc(cc2)-c2ccccc2-c2nnn[nH]2)c2CCCCc2n1,5.0
CCCCc1nn(CCCC)c(=O)n1Cc1ccc(cc1)-c1ccccc1-c1nnn[nH]1,5.0
CCc1cc(OCc2ccc(cc2)-c2ccccc2-c2nnn[nH]2)c2CCCCc2n1,5.0
CCCc1nc2c(C)cc(nc2n1Cc1cc(Br)c(O)c(Br)c1)C(=O)OC,5.0
CCCCc1nc2ccc(cc2c(=O)n1Cc1ccc(cc1)-c1ccccc1-c1nnn[nH]1)N(C)C,5.0
CCCCc1nc2ccc(cc2c(=O)n1Cc1ccc(cc1)-c1ccccc1-c1nnn[nH]1)C(C)C,5.0
CCCCc1nc2ccc(OC)cc2c(=O)n1Cc1ccc(cc1)-c1ccccc1-c1nnn[nH]1,5.0
CCCCc1nn(-c2ccccc2C(F)(F)F)c(=O)n1Cc1ccc(cc1)-c1ccccc1S(=O)(=O)NC(=O)c1ccsc1,5.0
CCCCC1=NC(Cl)C(CO)N1Cc1ccc(cc1)-c1ccccc1-c1nnn[nH]1,5.0
CCCc1nc2ccc(cc2n1Cc1ccc(cc1)-c1ccccc1-c1nnn[nH]1)-c1nc2ccccc2n1C,5.0
CCCc1nc2c(C)cc(cc2n1Cc1ccc(cc1)-c1ccccc1-c1nnn[nH]1)-c1ccccn1,5.0
CCCc1nc2c(C)cc(cc2n1Cc1ccc(cc1)-c1ccccc1-c1nnn[nH]1)C(=O)NC[C@@H](C)c1ccccc1,5.0
CCc1cc(OCc2ccc(cc2)-c2ccccc2-c2nnn[nH]2)c2CCCCc2n1,5.0
CCc1cc(OCc2ccc(cc2)-c2ccccc2-c2nnn[nH]2)c(C(=O)OC)c(CC)n1,5.0
CCc1cc(OCc2ccc(cc2)-c2ccccc2-c2nnn[nH]2)c(C(=O)OC)c(C)n1,5.0
CCc1nc2ccn(Cc3ccccc3C)c(=O)c2n1[C@H]1CCc2cc(ccc12)-c1ccccc1-c1nnn[nH]1,5.1
Cn1nnnc1-c1ccccc1-c1ccc(Cn2cnc3ccc(cc3c2=O)N(Cc2ccccn2)C(=O)c2ccccc2)cc1,5.1
CCCCc1nc2ccc(cc2c(=O)n1Cc1ccc(cc1)-c1ccccc1-c1nnn[nH]1)N(Cc1ccccc1)C(=O)OCC(C)C,5.1
CCCCc1nn(CCCC)c(=O)n1Cc1ccc(cc1)-c1ccccc1-c1nnn[nH]1,5.1
CCCCc1nn(-c2ccccc2C(F)(F)F)c(=O)n1Cc1ccc(cc1)-c1ccccc1S(=O)(=O)Nc1nc2ccccc2o1,5.2
CCCc1cc(c(s1)S(=O)(=O)NC(=O)c1ccccc1)-c1ccc(Cn2c(CC)nc3c(C)cc(C)nc23)cc1,5.2
CCCCC1=NC(C)(C2CCCCC2)C(=O)N1Cc1ccc(cc1)-c1ccccc1-c1nnn[nH]1,5.2
CCc1nc2c(C)cc(Cc3ccccc3)nc2n1[C@H]1CCc2cc(ccc12)-c1ccccc1-c1nnn[nH]1,5.2
CCCCC1=NC(C)(C2CCCCC2)C(=O)N1Cc1ccc(cc1)-c1ccccc1-c1nnn[nH]1,5.2
CCCc1cc(Cn2c(CC)nc3c(C)cc(C)nc23)cc(CCC)c1OC(C(O)=O)c1ccc(Oc2ccccc2)cc1,5.2
CCCCc1nc(C)c(CCC(=O)N2CCOCC2)c(=O)n1Cc1ccc(cc1)-c1ccccc1-c1nnn[nH]1,5.22
CCc1nc2c(C)cc(C)nc2n1Cc1ccc(cc1)N(CC=C)C(C(O)=O)c1ccccc1,5.3
CCc1nc2c(C)cc(C)nc2n1Cc1ccc(cc1)N(CC=C)C(C(O)=O)c1ccccc1,5.3
CCc1nc(c(C(O)=O)n1Cc1ccc(cc1)-c1ccccc1-c1nnn[nH]1)C(C)(C)O,5.3
CCCCc1nc2ccn(Cc3ccccc3C(=O)OCC)c(=O)c2n1Cc1ccc(cc1)-c1ccccc1-c1nnn[nH]1,5.3
CCCCCCN1C(=O)N(Cc2csc(C)n2)\C(=C/c2cnc(CCCC)n2Cc2ccc(cc2)C(=O)OC)C1=O,5.3
CCCN(C(C(O)=O)c1ccccc1)c1ccc(Cn2c(CC)nc3c(C)cc(C)nc23)cc1,5.3
CCCCc1nn(-c2ccccc2C(F)(F)F)c(=O)n1Cc1ccc(cc1)-c1ccccc1S(=O)(=O)NC(=O)CCCC(O)=O,5.5
Cn1nnnc1-c1ccccc1-c1ccc(Cn2cnc3ccc(cc3c2=O)N(Cc2ccncc2)C(=O)c2ccccc2)cc1,5.5
FC(F)(F)CCCc1nn(-c2ccccc2C(F)(F)F)c(=O)n1Cc1ccc(cc1)-c1ccccc1S(=O)(=O)NC(=O)c1ccccc1,5.5
CCCCc1nc(Cl)c(CO)n1Cc1ccc(cc1)-c1ccccc1-c1nn[n-]n1,5.5
CCCCc1nc2ccc(cc2c(=O)n1Cc1ccc(cc1)-c1ccccc1S(=O)(=O)NC(=O)NC(C)C)C(C)C,5.6
CCCCc1nn(-c2ccccc2C(=O)OC)c(=O)n1Cc1ccc(cc1)-c1ccccc1-c1nnn[nH]1,5.6
CCCCc1nc2ccc(cc2c(=O)n1Cc1ccc(cc1)-c1ccccc1S(=O)(=O)NC(=O)C1CC1)N(C)C,5.6
CCCCc1nn(-c2ccccc2C(=O)OC)c(=O)n1Cc1ccc(cc1)-c1ccccc1-c1nnn[nH]1,5.6
CCCCc1nc(CCCC)n(Cc2ccc(cc2)-c2ccccc2-c2nnn[nH]2)n1,5.6
CCCCc1nc(Cl)c(CO)n1Cc1ccc(cc1)-c1ccccc1-c1nnn[nH]1,5.6
CCCCc1nc(C)c(CC(=S)N2CCOCC2)c(=O)n1Cc1ccc(cc1)-c1ccccc1-c1noc(=O)[nH]1,5.6
CCCCc1nn(-c2ccccc2C(=O)OC)c(=O)n1Cc1ccc(cc1)-c1ccccc1-c1nnn[nH]1,5.6
CCCCc1nc(CCCC)n(Cc2ccc(cc2)-c2ccccc2-c2nnn[nH]2)n1,5.6
CCCCCn1nc(CCCC)n(Cc2ccc(cc2)-c2ccccc2-c2nnn[nH]2)c1=O,5.6
CCCCc1nc(Cl)c(CO)n1Cc1ccc(cc1)-c1ccccc1-c1nnn[nH]1,5.62
CCCCCc1nn(-c2ccccc2Cl)c(=O)n1Cc1ccc(cc1)-c1ccccc1-c1nnn[nH]1,5.7
CCCCCc1nn(-c2ccccc2Cl)c(=O)n1Cc1ccc(cc1)-c1ccccc1-c1nnn[nH]1,5.7
CCc1nc2c(C)cc(C)nn2c1Cc1ccc(cc1)-c1ccccc1-c1nnn[nH]1,5.7
CCCCCc1nn(-c2ccccc2Cl)c(=O)n1Cc1ccc(cc1)-c1ccccc1-c1nnn[nH]1,5.7
CCCCc1nn(-c2c(Cl)cccc2Cl)c(=O)n1Cc1ccc(cc1)-c1ccccc1-c1nnn[nH]1,5.8
CCCCc1ncc(C(O)=O)n1Cc1ccc(cc1)-c1ccccc1S(=O)(=O)NC(=O)C1CC1,5.8
CCCCc1nn(-c2cccc(N)c2)c(=O)n1Cc1ccc(cc1)-c1ccccc1S(=O)(=O)NC(=O)c1ccccc1Cl,5.8
CCCCN1C(=O)N(Cc2ccccn2)\C(=C/c2cnc(CCCC)n2Cc2ccc(cc2)C(=O)OC)C1=O,5.8
CCCCc1nn(-c2c(Cl)cccc2Cl)c(=O)n1Cc1ccc(cc1)-c1ccccc1-c1nnn[nH]1,5.8
CCCCc1nn(-c2c(Cl)cccc2Cl)c(=O)n1Cc1ccc(cc1)-c1ccccc1-c1nnn[nH]1,5.8
CCCCc1nn(-c2cccc(N)c2)c(=O)n1Cc1ccc(cc1)-c1ccccc1S(=O)(=O)NC(=O)c1ccccc1Cl,5.8
CC1CC1Cc1nn(-c2ccccc2C(F)(F)F)c(=O)n1Cc1ccc(cc1)-c1ccccc1S(=O)(=O)NC(=O)c1ccccc1,5.8
CCc1ccc(cc1)C(=O)NS(=O)(=O)c1ccccc1-c1ccc(Cn2c(CC)nc3ccc(NC(=O)N(C)C(C)C)cc3c2=O)c(F)c1,5.8
CCCCc1nn(-c2c(Cl)cccc2Cl)c(=O)n1Cc1ccc(cc1)-c1ccccc1-c1nnn[nH]1,5.8
CCCCc1nc(C)c(CCC(=O)N2CCCC2)c(=O)n1Cc1ccc(cc1)-c1ccccc1-c1nnn[nH]1,5.86
CCCCc1nc(Cl)c(CO)n1Cc1ccc(cc1)-c1ccccc1-c1noc(=O)[nH]1,5.9
CCCCc1nc2ccc(cc2c(=O)n1Cc1ccc(cc1)-c1ccccc1S(=O)(=O)NC(=O)Nc1ccccc1)C(C)C,5.9
CCCCc1nn(-c2cc(NC(C)=O)ccc2Cl)c(=O)n1Cc1ccc(cc1F)-c1cc(CCC)ccc1S(=O)(=O)NC(=O)c1ccccc1F,5.9
CCCCc1nn(-c2ccccc2C(F)(F)F)c(=O)n1Cc1ccc(cc1)-c1ccccc1S(=O)(=O)NC(=O)c1c(C)cccc1C,5.9
CCc1nc2c(C)cc(C)nc2n1Cc1ccc(cc1)-c1ccccc1C1=NS(=O)N(N1)c1ccccc1,6.0
CCCCC1=NC2(CCCC2)C(=O)N1Cc1ccc(cc1)-c1ccccc1-c1nnn[nH]1,6.0
CCCCc1nn(Cc2c(F)c(F)c(F)c(F)c2F)c(=O)n1Cc1ccc(cc1)-c1ccccc1-c1nnn[nH]1,6.0
CCCCc1nc(Cl)c(C(O)=O)n1Cc1ccc(cc1)-c1ccccc1-c1nnn[nH]1,6.0
CCCCc1nc(Cl)c(CO)n1Cc1ccc(cc1)-c1ccccc1-c1nnn[nH]1,6.0
CCCCc1nn(Cc2c(F)c(F)c(F)c(F)c2F)c(=O)n1Cc1ccc(cc1)-c1ccccc1-c1nnn[nH]1,6.0
CCCCc1nc2ccc(cc2c(=O)n1Cc1ccc(cc1)-c1ccccc1-c1nnn[nH]1)C(C)(C)OC,6.0
CCCc1nc(CNC(=O)OC(C)(C)C)c(C(O)=O)n1Cc1ccc(cc1)-c1ccccc1-c1nnn[nH]1,6.0
CCCCCC(=O)NS(=O)(=O)c1ccccc1-c1ccc(Cn2c(CCC)nc(CN3CCN(CC3)c3ccccn3)c2C(O)=O)cc1,6.0
CCCc1nc(CC)c(C(O)=O)n1Cc1ccc(cc1)-c1ccccc1-c1nnn[nH]1,6.0
CCc1cc(OCc2ccc(c(c2)C(C)=O)-c2ccccc2-c2nnn[nH]2)c2CCCCc2n1,6.0
CCc1nc2c(C)cc(C)nc2n1Cc1ccc(OC(C(O)=O)c2ccccc2C)cc1,6.0
CCc1nc2c(C)cc(C)nc2n1Cc1cc(I)c(O)c(I)c1,6.0
CCCCc1nc2ccccc2c(=O)n1Cc1ccc(cc1)-c1ccccc1-c1nnn[nH]1,6.0
CCCCc1ncc(C(O)=O)n1Cc1ccc(cc1)-c1ccccc1NS(=O)(=O)NC(=O)c1ccccc1,6.0
Cc1cc(OCc2ccc(cc2)-c2ccccc2-c2nnn[nH]2)c(C(=O)c2ccccc2)c(C)n1,6.0
Cc1cc(OCc2ccc(cc2)-c2ccccc2-c2nnn[nH]2)c(c(C)n1)-c1ccccc1,6.0
CCCCc1nc(Cl)c(C(O)=O)n1Cc1ccc(cc1)-c1ccccc1-c1nnn[nH]1,6.0
CCCCc1nc(Cl)c(C(O)=O)n1Cc1ccc(cc1)-c1ccccc1-c1nnn[nH]1,6.0
Cn1nnnc1-c1ccccc1-c1ccc(Cn2cnc3ccc(cc3c2=O)N(Cc2ccc(O)cc2)C(=O)c2ccccc2)cc1,6.0
CCCCC(=O)N(Cc1ccc(cc1)-c1ccccc1-c1nnn[nH]1)[C@@H](C(C)C)C(N)=O,6.0
CCCc1nc(CC)c(C(O)=O)n1Cc1ccc(cc1)-c1ccccc1-c1nnn[nH]1,6.0
CCCCOC(=O)NS(=O)(=O)c1ccccc1-c1ccc(Cn2c(CCC)nc(CN3CCN(CC3)c3ccccn3)c2C(O)=O)cc1,6.0
CCCc1nc(CN2CCN(CC2)c2ccccn2)c(C(O)=O)n1Cc1ccc(cc1)-c1ccccc1S(=O)(=O)NC(=O)c1ccccc1,6.0
CCOCC(=O)Nc1ccc(Cl)c(c1)-n1nc(CC)n(Cc2ccc(cc2F)-c2ccccc2S(=O)(=O)NC(=O)OC(C)(C)C)c1=O,6.1
CCCCc1nnc(SC(C(=O)OC)c2ccccc2)n1Cc1ccc(NC(=O)c2ccccc2C(O)=O)cc1,6.1
CCCCc1nnc(SC(C(=O)OC)c2ccccc2)n1Cc1ccc(NC(=O)c2ccccc2C(O)=O)cc1,6.1
CCCCN1C(=O)N(\C(=C/c2cnc(CCCC)n2Cc2ccc(cc2)C(=O)OC)C1=O)c1ccccc1,6.1
CCCCc1nc(C)c(CC(=S)N2CCCCCC2)c(=O)n1Cc1ccc(cc1)-c1ccccc1-c1nnn[nH]1,6.11
CCCc1cc2ncnn2c(=O)n1Cc1ccc(cc1)-c1ccccc1-c1nnn[nH]1,6.2
CCCCc1ncc(C(O)=O)n1Cc1ccc(cc1)-c1ccccc1S(=O)(=O)NC(=O)c1ccccc1,6.2
OC(=O)C(F)(F)F.OC(=O)C(F)(F)F.OC(=O)C(F)(F)F.OC(=O)C(F)(F)F.CC[C@H](C)[C@H](NC(=O)[C@H](Cc1ccc(O)cc1)NC(=O)[C@@H](NC(=O)[C@H](CCCN\C(N)=N\C(=O)NCCCCN)NC(=O)[C@@H](N)CC(O)=O)C(C)C)C(=O)N[C@@H](Cc1cnc[nH]1)C(=O)N1CCC[C@H]1C(=O)N[C@@H](Cc1ccccc1)C(O)=O,6.2
CCOc1nc2c(C)cc(cc2n1Cc1ccc(cc1)-c1ccccc1-c1nnn[nH]1)C(=O)NC[C@@H](C)c1ccccc1,6.3
CCCCc1nc2ccc(NC(=O)OCC(C)C)cc2c(=O)n1Cc1ccc(cc1)-c1ccccc1-c1nnn[nH]1,6.4
CCCCCN(C(=O)c1ccc(SC)cc1)c1ccc2ncn(Cc3ccc(cc3)-c3ccccc3-c3nnnn3C)c(=O)c2c1,6.4
CCCCCc1nc2ccc(C)cc2c(=O)n1Cc1ccc(cc1)-c1ccccc1-c1nnn[nH]1,6.4
CCCCN1C(=O)N(CCCC(F)(F)F)\C(=C/c2cnc(CCCC)n2Cc2ccc(cc2)C(=O)OC)C1=O,6.4
CCCCc1cn(CCCC)c(=O)n1Cc1ccc(nc1)-c1ccccc1-c1nnn[nH]1,6.5
CCc1nc2c(C)cc(C)nc2n1Cc1ccc(cc1)-c1ccccc1C1=Nc2cc(Cl)c(cc2S(=O)(=O)N1)S(N)(=O)=O,6.5
CCc1nn(Cc2ccc(cc2)-c2ccccc2-c2nnn[nH]2)c(=NC(=O)C2CC2)s1,6.5
Cn1nnnc1-c1ccccc1-c1ccc(Cn2cnc3ccc(cc3c2=O)N(Cc2ccc(cc2)C(O)=O)C(=O)c2ccccc2)cc1,6.5
CCCCc1nc(CCCC)n(Cc2ccc(cc2)-c2ccccc2-c2nnn[nH]2)n1,6.5
CCCCc1nn(-c2ccccc2OC)c(=O)n1Cc1ccc(cc1)-c1ccccc1-c1nnn[nH]1,6.6
CCCCc1ncc(\C=C2/N(CCC(C)C)C(=O)NC2=O)n1Cc1ccc(cc1)C(O)=O,6.6
CCCCc1nn(-c2ccccc2OC)c(=O)n1Cc1ccc(cc1)-c1ccccc1-c1nnn[nH]1,6.6
CCCCc1nnc(SCc2ccc(cc2)[N+]([O-])=O)n1Cc1ccc(NC(=O)c2ccccc2-c2nnn[nH]2)cc1,6.6
CCCCc1nn(-c2ccccc2OC)c(=O)n1Cc1ccc(cc1)-c1ccccc1-c1nnn[nH]1,6.6
CCCCc1nnc(SCc2ccc(cc2)[N+]([O-])=O)n1Cc1ccc(cc1)-c1ccccc1-c1nnn[nH]1,6.6
CCCCC1=NC(Cl)C(CO)N1Cc1ccc(cc1)-c1ccccc1-c1nnn[nH]1,6.7
Cn1nnnc1-c1ccccc1-c1ccc(Cn2cnc3ccc(cc3c2=O)N(Cc2ccccn2)C(=O)c2ccccc2)cc1,6.7
CCCCc1nn(c(C(=O)OCC)c1Cc1ccc(cc1)-c1ccccc1-c1nnn[nH]1)-c1ccc(Cl)cc1Cl,6.7
CCCCc1nc(Cl)c(CO)n1Cc1ccc(cc1)-c1ccccc1-c1nnn[nH]1,6.7
CCc1nc2c(C)cn(Cc3ccccc3C)c(=O)c2n1[C@H]1CCc2cc(ccc12)-c1ccccc1-c1nnn[nH]1,6.8
CCCCc1nc(CCCC)n(Cc2ccc(cn2)-c2ccccc2-c2nnn[nH]2)n1,6.8
CCCCc1nnc(SCc2ccc(Cl)cc2)n1Cc1ccc(NC(=O)c2ccccc2-c2nnn[nH]2)cc1,6.8
CCCCc1nnc(SCc2ccc(Cl)cc2)n1Cc1ccc(NC(=O)c2ccccc2C(O)=O)cc1,6.8
CCCc1cc(Cn2c(CC)nc3c(C)cc(C)nc23)cc(CCC)c1OC(C(O)=O)c1cccc(c1)-c1ccccc1,6.8
CCc1nc2c(C)cc(CC)nc2n1[C@H]1CCc2cc(ccc12)-c1ccccc1-c1nnn[nH]1,6.8
CCCCc1nnc(SCc2ccc(Cl)cc2)n1Cc1ccc(NC(=O)c2ccccc2C(O)=O)cc1,6.8
CCCCc1nnc(SCc2ccc(Cl)cc2)n1Cc1ccc(NC(=O)c2ccccc2-c2nnn[nH]2)cc1,6.8
CCCCc1nc2cccc(C(O)=O)c2n1Cc1ccc(cc1)-n1cccc1-c1nnn[nH]1,6.9
CCc1nc2c(C)cc(C)nc2n1Cc1ccc(cc1)-c1c(cnc2ccccc12)-c1nnn[nH]1,6.9
CCCCc1nc(CCCC)n(Cc2ccc(nc2)-c2ccccc2-c2nnn[nH]2)n1,6.9
CCCc1nc(CO)c(C(O)=O)n1Cc1ccc(cc1)-c1ccccc1-c1nnn[nH]1,6.9
CCc1nc2c(C)cc(C)nc2n1Cc1ccc(cc1)-c1c(cnc2ccccc12)-c1nnn[nH]1,6.9
CCCCc1nc(CCCC)n(Cc2ccc(nc2)-c2ccccc2-c2nnn[nH]2)n1,6.9
CCc1cc(OCc2ccc(c(Cl)c2)-c2ccccc2-c2nnn[nH]2)c2CCCCc2n1,7.0
CCc1nc2c(C)cn(Cc3ccccc3C#N)c(=O)c2n1[C@H]1CCc2cc(ccc12)-c1ccccc1-c1nnn[nH]1,7.0
CCCCCN(C(=O)c1ccccc1)c1ccc2nc(CCC)n(Cc3ccc(cc3)-c3ccccc3-c3nnn[nH]3)c(=O)c2c1,7.0
CCCCc1nn(C(C)C)c(=O)n1Cc1ccc(cc1)-c1ccccc1S(=O)(=O)NC(=O)c1ccccc1,7.0
CCCCc1nc(Cl)c(C(O)=O)n1Cc1ccc(cc1)-c1ccccc1-n1cnnn1,7.0
CCCCc1nc2ccc(SC)cc2c(=O)n1Cc1ccc(cc1)-c1ccccc1-c1nnn[nH]1,7.0
CCCCc1nnc(SCc2ccccc2)n1Cc1ccc(NC(=O)c2ccccc2-c2nnn[nH]2)cc1,7.1
CCCCN1C(=O)NC(=O)\C1=C\c1cnc(CCCC)n1Cc1ccc(cc1)-c1nn[nH]n1,7.1
CCCCc1ncc(\C=C2/N(Cc3cccs3)C(=O)NC2=O)n1Cc1ccc(cc1)C(=O)OC,7.1
CCCCc1nnc(SCc2ccccc2)n1Cc1ccc(cc1)-c1ccccc1-c1nnn[nH]1,7.1
CCCCCN(C(=O)c1ccc(cc1)S(C)(=O)=O)c1ccc2ncn(Cc3ccc(cc3)-c3ccccc3-c3nnnn3C)c(=O)c2c1,7.2
CCc1nn(Cc2ccc(cc2)-c2ccccc2-c2nnn[nH]2)c(=NC(C)=O)s1,7.2
CCc1nc2ccc(NC(=O)NC(C)C)cc2c(=O)n1Cc1ccc(cc1F)-c1ccccc1S(=O)(=O)NC(=O)OCCC1CC1,7.2
CCCCC1=NC2(CCCCC2)C(=O)N1Cc1ccc(cc1)-c1ccccc1C(O)=O,7.2
CCCCC1=NC(C)(C(C)C)C(=O)N1Cc1ccc(cc1)-c1ccccc1C(O)=O,7.3
CCCCc1ncc(\C=C(/Cc2cccs2)C(O)=O)n1Cc1ccc(cc1)C(O)=O,7.3
CCOc1nc2c(C)cc(cc2n1Cc1ccc(cc1)-c1ccccc1C(O)=O)C(=O)NC[C@H](C)c1ccccc1,7.3
CCCCc1nc2ccc(cc2c(=O)n1Cc1ccc(cc1)-c1ccccc1S(=O)(=O)NC(=O)C1CC1)N(C)C(=O)OCC(C)C,7.4
CCCCc1nnc(n1Cc1ccc(NC(=O)c2ccccc2C(O)=O)cc1)S(=O)Cc1ccc(OC)cc1,7.4
CCCCc1ncc(C(O)=O)n1Cc1ccc(cc1)-c1ccccc1NS(=O)(=O)NC(=O)C1CC1,7.4
CCCCc1nn(CCCOC(=O)N(C)c2ccccc2)c(=O)n1Cc1ccc(cc1)-c1ccccc1-c1nnn[nH]1,7.4
CCCCc1nnc(n1Cc1ccc(NC(=O)c2ccccc2C(O)=O)cc1)S(=O)Cc1ccc(OC)cc1,7.4
CCCCC(=O)N(Cc1ccc(cc1)-c1ccccc1-c1nnn[nH]1)[C@@H](C(C)C)C(O)=O,7.4
CCCCc1nc(Cl)c(C(O)=O)n1Cc1ccc(cc1)-c1ccccc1-c1nnn[nH]1,7.5
Cn1nnnc1-c1ccccc1-c1ccc(Cn2cnc3ccc(cc3c2=O)N(Cc2ccccn2)C(=O)c2ccco2)cc1,7.5
CCCCCc1cc(c(s1)S(=O)(=O)NC(=O)c1ccccc1)-c1ccc(Cn2c(CC)nc3c(C)cc(C)nc23)cc1,7.5
Cn1nnnc1-c1ccccc1-c1ccc(Cn2cnc3ccc(cc3c2=O)N(Cc2ccccn2)C(=O)c2ccco2)cc1,7.5
CCCCC1=NC(C)(C2CCCC2)C(=O)N1Cc1ccc(cc1)-c1ccccc1-c1nnn[nH]1,7.6
CCCCc1nnc(SCc2ccc(C)cc2)n1Cc1ccc(NC(=O)c2ccccc2C(O)=O)cc1,7.6
CCc1nc2c(C)cc(C)nc2n1[C@H]1CCc2cc(ccc12)-c1ccccc1-c1nnn[nH]1,7.6
CCCCc1nnc(SCc2ccc(C)cc2)n1Cc1ccc(NC(=O)c2ccccc2C(O)=O)cc1,7.6
CCCCc1nc2ccc(cc2c(=O)n1Cc1ccc(cc1)-c1ccccc1-c1nnn[nH]1)S(C)(=O)=O,7.6
CCCCc1nn(-c2ccccc2F)c(=O)n1Cc1ccc(cc1)-c1ccccc1-c1nnn[nH]1,7.7
CCCCc1nn(C(C)C)c(=O)n1Cc1ccc(cc1)-c1ccccc1-c1nnn[nH]1,7.7
CCCCc1nn(C(C)C)c(=O)n1Cc1ccc(cc1)-c1ccccc1-c1nnn[nH]1,7.7
CCCCc1nn(-c2ccccc2F)c(=O)n1Cc1ccc(cc1)-c1ccccc1-c1nnn[nH]1,7.7
CCCc1nc2c(C)cc(C)nc2n1Cc1ccc(cc1)-c1c(C(O)=O)c(Cl)nc2ccccc12,7.7
CCCCc1nn(C(C)C)c(=O)n1Cc1ccc(cc1)-c1ccccc1-c1nnn[nH]1,7.7
CCCCc1nn(-c2ccccc2F)c(=O)n1Cc1ccc(cc1)-c1ccccc1-c1nnn[nH]1,7.7
CCCc1nc(c(C(O)=O)n1Cc1ccc(cc1)-c1ccccc1-c1nnn[nH]1)C(C)(C)O,7.7
CCCCc1nn2c(C)c(C)nc2n1Cc1ccc(cc1)-c1ccccc1-c1nnn[nH]1,7.8
CCCCc1nn(CC(=O)c2ccccc2)c(=O)n1Cc1ccc(cc1)-c1ccccc1-c1nnn[nH]1,7.9
CCc1cc(OCc2ccc(c(OC)c2)-c2ccccc2-c2nnn[nH]2)c2CCCCc2n1,8.0
CCCc1cc(Cn2c(CC)nc3c(C)cc(C)nc23)ccc1OC(C(O)=O)c1ccccc1Cl,8.0
CCCCN1C(=O)N(Cc2cscn2)\C(=C/c2cnc(CCCC)n2Cc2ccc(cc2)C(=O)OC)C1=O,8.0
CCCCN1C(=O)N(Cc2csc(C)n2)\C(=C/c2cnc(CCCC)n2Cc2ccc(cc2)C2(CCCC2)C(O)=O)C1=O,8.0
CCCCN(Cc1ccccc1)C(=O)c1ccc(COC(=O)c2c(CC)nc(CCC)n2Cc2ccc(cc2)-c2ccccc2-c2nnn[nH]2)cc1,8.0
CCCC1=NC2(CCOCC2)C(=O)N1Cc1ccc(cc1)-c1ccccc1-c1nnn[nH]1,8.0
CCCCc1nc2ccc(cc2c(=O)n1Cc1ccc(cc1)-c1ccccc1S(=O)(=O)NC(=O)c1cccs1)C(C)C,8.0
CCCCC1=NC(Cl)C(CO)N1Cc1ccc(cc1)-c1ccccc1-c1nnn[nH]1,8.0
CCCc1nc(CN(Cc2ccccc2)C(=O)c2ccccc2)c(C(O)=O)n1Cc1ccc(cc1)-c1ccccc1S(=O)(=O)NC(=O)OCC(C)C,8.0
CCCCc1nc2ccc(NC(=O)N(C)C)cc2n1Cc1ccc(cc1)-c1ccccc1-c1nnn[nH]1,8.0
CCCCc1nn(c(C(=O)OCC)c1Cc1ccc(cc1)-c1ccccc1-c1nnn[nH]1)-c1c(Cl)cccc1Cl,8.0
CCc1cc(OCc2ccc(cc2)-c2ccccc2-c2nnn[nH]2)c2CCCc2n1,8.0
CCc1cc(OCc2ccc(cc2)-c2ccccc2-c2nnn[nH]2)c(C(C)=O)c(C)n1,8.0
CCCc1nc(CC)c(C=O)n1Cc1ccc(cc1)-c1ccccc1-c1nnn[nH]1,8.0
CCCCc1nc2ccc(NCc3ccccc3)cc2c(=O)n1Cc1ccc(cc1)-c1ccccc1-c1nnn[nH]1,8.0
CCc1nc2c(C)cc(C)nc2n1Cc1cc(Br)c(O)c(Br)c1,8.0
CCCc1nc(c(C(O)=O)n1Cc1ccc(cc1)-c1ccccc1-c1nnn[nH]1)C(C)(C)O,8.1
CCc1nc2ccc(NC(=O)N(C)C(C)C)cc2c(=O)n1Cc1ccc(cc1F)-c1ccccc1S(=O)(=O)NC(=O)OCCC1CC1,8.1
CCCc1nc(c(C(O)=O)n1Cc1ccc(cc1)-c1ccccc1-c1nnn[nH]1)C(C)(C)O,8.1
Cc1cc(C)c2nc(C3CC3)n([C@H]3CCc4cc(ccc34)-c3ccccc3-c3nnn[nH]3)c2n1,8.2
CCc1nc2c(C)cc(C)nc2n1Cc1ccc(cc1)N(C)C(C(O)=O)c1ccccc1,8.2
CCCCC1=NC(Cl)C(CO)N1Cc1ccc(cc1)-c1ccccc1-c1nnn[nH]1,8.2
CCCCc1nn(CCC)c(=O)n1Cc1ccc(cc1)-c1ccccc1-c1nnn[nH]1,8.2
CCCCc1nn(CCC)c(=O)n1Cc1ccc(cc1)-c1ccccc1-c1nnn[nH]1,8.2
CCCCc1nn(CCC)c(=O)n1Cc1ccc(cc1)-c1ccccc1-c1nnn[nH]1,8.2
CCCCN1C(=O)N(Cc2ccoc2)\C(=C/c2cnc(CCCC)n2Cc2ccc(cc2)C(=O)OC)C1=O,8.3
CCCCCN(C(=O)c1ccc(OCc2ccccc2)cc1)c1ccc2ncn(Cc3ccc(cc3)-c3ccccc3-c3nnnn3C)c(=O)c2c1,8.4
CCCCN1C(=O)N(Cc2cc(C)on2)\C(=C/c2cnc(CCCC)n2Cc2ccc(cc2)C(=O)OC)C1=O,8.5
CCCCN1C(=O)N(CCCC)\C(=C/c2cnc(CCCC)n2Cc2ccc(cc2)C(=O)OC)C1=O,8.5
CCCCc1nc2ccc(OC)cc2n1Cc1ccc(cc1)-c1ccccc1S(=O)(=O)Nc1onc(C)c1C,8.5
CCc1nc2c(C)cc(C)nc2n1Cc1ccc2n(Cc3ccccc3-c3nnn[nH]3)ccc2c1,8.7
CCCCCCn1nc(CCCC)n(Cc2ccc(cc2)-c2ccccc2-c2nnn[nH]2)c1=O,8.7
CCCCC1=NC2(CCCCCC2)C(=O)N1Cc1ccc(cc1)-c1ccccc1C(O)=O,8.7
CCCCNC(=O)c1ccc(c(c1)-n1nc(CC)n(Cc2ccc(cc2F)-c2ccccc2S(=O)(=O)NC(=O)OC(C)(C)C)c1=O)C(F)(F)F,8.8
CCCCc1nc(Cl)c(C(=O)OC)n1Cc1ccc(cc1)-c1ccccc1S(=O)(=O)NC(=O)c1ccccc1,8.8
CCCc1nc2ccc(NC(=O)NC(C)C)cc2c(=O)n1Cc1ccc(cc1)-c1ccccc1S(=O)(=O)NC(C)=O,8.8
CCCCc1nnc([S+]([O-])Cc2ccc(cc2)[N+]([O-])=O)n1Cc1ccc(NC(=O)c2ccccc2-c2nnn[nH]2)cc1,8.9
CCc1nc2c(C)cc(C)nc2n1Cc1ccc(cc1)-c1c(cnc2ccccc12)-c1nnn[nH]1,8.9
CCCCc1nnc(n1Cc1ccc(cc1)-c1ccccc1-c1nnn[nH]1)S(=O)Cc1ccc(cc1)[N+]([O-])=O,8.9
CCCCC(=O)Nc1ccc2nc(CCCC)n(Cc3ccc(cc3)-c3ccccc3-c3nnn[nH]3)c(=O)c2c1,8.9
CCc1cc(OCc2ccc(cc2F)-c2ccccc2-c2nnn[nH]2)c2CCCCc2n1,9.0
CCCCc1ncc(\C=C2/N(Cc3csc(C)n3)C(=O)N(CCC)C2=O)n1Cc1ccc(cc1)C(=O)OC,9.0
CCCc1nc(CC)c(C(=O)OCc2cccc(c2)C(=O)c2ccccc2)n1Cc1ccc(cc1)-c1ccccc1-c1nnn[nH]1,9.0
CCCC1=NC2(CCCC2)C(=O)N1Cc1ccc(cc1)-c1ccccc1S(=O)(=O)NC(=O)c1ccccc1,9.0
CCCc1nc(CC)c(C(=O)OCc2ccc(cc2)C(=O)c2ccccc2)n1Cc1ccc(cc1)-c1ccccc1-c1nnn[nH]1,9.0
CCCc1nc(CN(Cc2ccccc2)C(=O)OC(C)(C)C)c(C(O)=O)n1Cc1ccc(cc1)-c1ccccc1-c1nnn[nH]1,9.0
CCCCc1nc2ccc(NC(C)=O)cc2c(=O)n1Cc1ccc(cc1)-c1ccccc1-c1nnn[nH]1,9.0
CCCCc1nn(CC(=O)OCC)c(=O)n1Cc1ccc(cc1)-c1ccccc1-c1nnn[nH]1,9.0
CCCc1nc2c(C)cc(C)nc2n1Cc1ccc(cc1)-c1c(C(O)=O)c(C)nc2ccccc12,9.0
CCCc1cc(OCc2ccc(cc2)-c2ccccc2-c2nnn[nH]2)c(C(=O)OC)c(C)n1,9.0
CCCCc1nc2ccc(NC(C)=O)cc2c(=O)n1Cc1ccc(cc1)-c1ccccc1-c1nnn[nH]1,9.0
CCCc1ncc(C(O)=O)n1Cc1ccc(cc1)-c1ccccc1-c1nnn[nH]1,9.1
CCCCn1ncc(C(O)=O)c1Cc1ccc(cc1)-c1ccccc1-c1nnn[nH]1,9.1
CCCCc1nc2ccc(C)cc2n1Cc1ccc(cc1)-c1ccccc1S(=O)(=O)Nc1onc(C)c1C,9.1
CCCc1cc(=O)n(CC(=O)N(C)C)c(=O)n1Cc1ccc(cc1)-c1ccccc1-c1nnn[nH]1,9.3
Cn1nnnc1-c1ccccc1-c1ccc(Cn2cnc3ccc(cc3c2=O)N(Cc2ccccc2)C(=O)c2ccccn2)cc1,9.3
CCCCc1nc(C)c(CCC(O)=O)c(=O)n1Cc1ccc(cc1)-c1ccccc1-c1nnn[nH]1,9.43
CCCc1cc(Cn2c(CC)nc3c(C)cc(C)nc23)ccc1OC(C(O)=O)c1ccccc1OC,9.5
CCCc1nn(-c2ccccc2[N+]([O-])=O)c(=O)n1Cc1ccc(cc1)-c1ccccc1-c1nnn[nH]1,9.5
CCCCc1nc(c(C(O)=O)n1Cc1ccc(cc1)-c1ccccc1-c1nnn[nH]1)C(C)(C)O,9.5
CCCc1nn(-c2ccccc2[N+]([O-])=O)c(=O)n1Cc1ccc(cc1)-c1ccccc1-c1nnn[nH]1,9.5
Cn1nnnc1-c1ccccc1-c1ccc(Cn2cnc3ccc(cc3c2=O)N(CCCC(O)=O)C(=O)c2ccccc2)cc1,9.5
CCCc1nn(-c2ccccc2[N+]([O-])=O)c(=O)n1Cc1ccc(cc1)-c1ccccc1-c1nnn[nH]1,9.5
CCCCc1nn(c(C(=O)OCC)c1Cc1ccc(cc1)-c1ccccc1-c1nnn[nH]1)-c1ccccc1[N+]([O-])=O,9.5
CCCCc1ncc(\C=C2/N(Cc3csc(C)n3)C(=O)N(CSCC)C2=O)n1Cc1ccc(cc1)C(=O)OC,9.6
COC(=O)c1ccc(CN(C(=O)c2ccccc2)c2ccc3ncn(Cc4ccc(cc4)-c4ccccc4-c4nnnn4C)c(=O)c3c2)cc1,9.6
CCCCc1nc(C)c(CCC(=O)N2CCCCC2)c(=O)n1Cc1ccc(cc1)-c1ccccc1-c1nnn[nH]1,9.62
Cn1nnnc1-c1ccccc1-c1ccc(Cn2cnc3ccc(cc3c2=O)N(Cc2ccccn2)C(=O)c2ccncc2)cc1,9.7
CCCCc1nc2cccc(C(=O)OC)c2n1Cc1ccc(cc1)-n1cccc1-c1nnn[nH]1,9.8
CCCCc1nc(Cl)c(CO)n1Cc1ccc(cc1)-c1ccccc1-c1nn[n-]n1,9.8
CCCCc1nn(CCCCCC(=O)OCC)c(=O)n1Cc1ccc(cc1)-c1ccccc1-c1nnn[nH]1,9.8
CCCCc1nc2ccc(Cl)cc2n1Cc1ccc(cc1)-c1ccccc1S(=O)(=O)Nc1onc(C)c1C,9.8
CCCCN1C(=O)N(Cc2ccc(OC)cc2)\C(=C/c2cnc(CCCC)n2Cc2ccc(cc2)C(=O)OC)C1=O,9.8
CCCCN1C(=O)NC(=O)\C1=C/c1cnc(CCCC)n1Cc1ccc(cc1)-c1ccccc1C(=O)OC,9.9
CCCCc1nc2ccccc2n1Cc1ccc(cc1)-c1ccccc1S(=O)(=O)Nc1onc(C)c1C,9.9
CCc1nc2c(C)cc(C)nc2n1Cc1ccc(OC(C(O)=O)c2ccccc2Cl)cc1,10.0
CCCCN1C(=O)N(Cc2ccno2)\C(=C/c2cnc(CCCC)n2Cc2ccc(cc2)C(=O)OC)C1=O,10.0
CCc1nc2c(C)cc(C)nc2n1Cc1ccc(cc1)-c1cc(Cc2ccccc2)sc1S(=O)(=O)NC(=O)c1ccccc1,10.0
CCCCc1nnc(n1Cc1ccc(cc1)-c1ccccc1-c1nnn[nH]1)S(=O)Cc1ccccc1C(O)=O,10.0
CCCCc1nn(C(C)CC)c(=O)n1Cc1ccc(cc1)-c1ccccc1-c1nnn[nH]1,10.0
CCN(C(C(O)=O)c1ccccc1)c1ccc(Cn2c(CC)nc3c(C)cc(C)nc23)cc1C,10.0
CCCCc1nn(CC)c(=O)n1Cc1ccc(cc1)-c1ccccc1-c1nnn[nH]1,10.0
CCCCc1nn(Cc2ccc(cc2)-c2ccccc2-c2nnn[nH]2)c(=O)n1Cc1ccc(cc1)-c1ccccc1-c1nnn[nH]1,10.0
CCc1nc2c(C)cc(C)nc2n1Cc1ccc(cc1)-c1ccccc1C(O)=O,10.0
CCCCC1=NC(Cl)C(CO)N1Cc1ccc(cc1)-c1ccccc1-c1nnn[nH]1,10.0
CCc1nc2ccc(NC(=O)N(C)C(C)C)cc2c(=O)n1Cc1ccc(cc1F)-c1ccccc1S(=O)(=O)NC(=O)OCCC(C)C,10.0
CCCCC1=NC2(CCCC2)C(=O)N1Cc1ccc(cc1)-c1ccccc1C(O)=O,10.0
CCCCc1nc2cccc(F)c2c(=O)n1Cc1ccc(cc1)-c1ccccc1-c1nnn[nH]1,10.0
CCCc1nc2ccc(C)cc2c(=O)n1Cc1ccc(cc1)-c1ccccc1-c1nnn[nH]1,10.0
CCCCc1nc2ccccc2c(=O)n1Cc1ccc(cc1)-c1ccccc1-c1nnn[nH]1,10.0
CCCCc1nc2ccc(cc2n1Cc1ccc(cc1)-c1ccccc1-c1nnn[nH]1)N(C)C(=O)NC1CCCCC1,10.0
CCCc1nc(CN2CCN(CC2)C(=O)C2CC2)c(C(O)=O)n1Cc1ccc(cc1)-c1ccccc1-c1nnn[nH]1,10.0
CCCCN(Cc1ccccc1)C(=O)C#CCOC(=O)c1c(CC)nc(CCC)n1Cc1ccc(cc1)-c1ccccc1-c1nnn[nH]1,10.0
CCCCc1nn(-c2ccccc2C(F)(F)F)c(=O)n1Cc1ccc(cc1)-c1cc(CCC)ccc1S(=O)(=O)NC(=O)OC(C)(C)C,10.0
CCCCN(Cc1ccccc1)C(=O)CCCOC(=O)c1c(CC)nc(CCC)n1Cc1ccc(cc1)-c1ccccc1-c1nnn[nH]1,10.0
CCCc1nc(CN2CCN(CC2)C(=O)C(c2ccccc2)c2ccccc2)c(C(O)=O)n1Cc1ccc(cc1)-c1ccccc1-c1nnn[nH]1,10.0
CCCc1nc(CN2CCN(CC2)c2ccccn2)c(C(O)=O)n1Cc1ccc(cc1)-c1ccccc1S(=O)(=O)NC(=O)C1CC1,10.0
CCCc1nc(CN2CCN(CC2)c2ccccn2)c(CO)n1Cc1ccc(cc1)-c1ccccc1-c1nnn[nH]1,10.0
CCCc1nc(CNC(=O)C(c2ccccc2)c2ccccc2)c(C(O)=O)n1Cc1ccc(cc1)-c1ccccc1-c1nnn[nH]1,10.0
CCCc1nc(CN2CCN(C[C@H]2Cc2ccccc2)c2ccccc2)c(C(O)=O)n1Cc1ccc(cc1)-c1ccccc1-c1nnn[nH]1,10.0
CCc1cc(c(s1)S(=O)(=O)NC(=O)c1ccccc1)-c1ccc(Cn2c(CC)nc3c(C)cc(C)nc23)cc1,10.0
CC[C@H](C)[C@H](NC(=O)[C@H](Cc1ccc(O)cc1)NC(=O)[C@@H](NC(=O)[C@H](CCCNC(N)=N)NC(=O)[C@@H](N)CC(O)=O)C(C)C)C(=O)N[C@@H](Cc1cnc[nH]1)C(=O)N1CCC[C@H]1C(=O)N[C@@H](Cc1ccccc1)C(O)=O,10.0
CCCCc1nn(CC)c(=O)n1Cc1ccc(cc1)-c1ccccc1-c1nnn[nH]1,10.0
CCCCc1nc2ccc(Br)cc2n1Cc1ccc(cc1)-c1ccccc1S(=O)(=O)Nc1onc(C)c1C,10.0
CCCc1nc2c(C)cc(cc2n1Cc1ccc(cc1)-c1ccccc1C(O)=O)C(=O)NCCCN1CCOCC1,10.0
CCCCc1nnc([S+]([O-])Cc2ccccc2C(O)=O)n1Cc1ccc(NC(=O)c2ccccc2-c2nnn[nH]2)cc1,10.0
CCCCc1nn(CC)c(=O)n1Cc1ccc(cc1)-c1ccccc1-c1nnn[nH]1,10.0
CC(C)c1nc2c(C)cc(C)nc2n1[C@H]1CCc2cc(ccc12)-c1ccccc1-c1nnn[nH]1,10.2
CCCCc1nc2ccc(F)cc2n1Cc1ccc(cc1)-c1ccccc1S(=O)(=O)Nc1onc(C)c1C,10.5
CCc1nc2c(C)cc(CC(C)C)nc2n1[C@H]1CCc2cc(ccc12)-c1ccccc1C(O)=O,10.5
CCc1nc2c(C)cc(C)nc2n1Cc1ccc(cc1)-c1ccccc1C1=NS(=O)N(N1)c1ccccc1Br,11.0
CCCCc1ncc(\C=C2/N(Cc3csc(C)n3)C(=O)N(CC)C2=O)n1Cc1ccc(cc1)C(=O)OC,11.0
CCCc1cc(Cn2c(CC)nc3c(C)cc(C)nc23)ccc1OC(C(O)=O)c1ccccc1,11.0
CCCc1cc(Cn2c(CC)nc3c(C)cc(C)nc23)ccc1OC(C(O)=O)c1ccccc1C,11.0
CCCCCN(C(=O)c1ccccc1)c1ccc2nc(CCC)n(Cc3ccc(cc3)-c3ccccc3S(=O)(=O)NC(=O)c3ccccc3)c(=O)c2c1,11.0
CCCc1nc2c(C)cc(nc2n1Cc1cc(Br)c(O)c(Br)c1)C(O)=O,11.0
Cn1nnnc1-c1ccccc1-c1ccc(Cn2cnc3ccc(cc3c2=O)N(Cc2ccccc2)C(=O)c2cccnc2)cc1,11.0
CCCCc1nnc(n1Cc1ccc(cc1)-c1ccccc1-c1nnn[nH]1)S(=O)Cc1ccc(Cl)cc1,11.0
CCCCc1nn(-c2ccccc2Cc2ccccc2)c(=O)n1Cc1ccc(cc1)-c1ccccc1-c1nnn[nH]1,11.0
CCCCc1nn(Cc2ccccc2C)c(=O)n1Cc1ccc(cc1)-c1ccccc1-c1nnn[nH]1,11.0
CCCCc1nn(C(C)C(=O)OC)c(=O)n1Cc1ccc(cc1)-c1ccccc1-c1nnn[nH]1,11.0
CCCCc1nn(Cc2ccccc2C(=O)OC)c(=O)n1Cc1ccc(cc1)-c1ccccc1-c1nnn[nH]1,11.0
CCCCc1nn(CCCc2ccccc2)c(=O)n1Cc1ccc(cc1)-c1ccccc1-c1nnn[nH]1,11.0
CCCc1nc2c(C)cc(C)nc2n1Cc1ccc(cc1)-c1c(cnc2ccccc12)C(O)=O,11.0
CCCCc1nc(Cl)c2[C@H](CC[C@@H](c3ccc(cc3)-c3ccccc3-c3nnn[nH]3)n12)N1C(=O)CCC1=O,11.0
CCCCc1nc(Cl)c(C(O)=O)n1Cc1ccc(cc1)-c1ccccc1-c1nnn[nH]1,11.0
CCCc1nc2ccc(cc2n1Cc1ccc(cc1)-c1ccccc1-c1nnn[nH]1)-c1ccccn1,11.0
CCCc1nc(C)c(C(O)=O)n1Cc1ccc(cc1)-c1ccccc1-c1nnn[nH]1,11.0
CCc1nc2c(C)cc(C)nc2n1Cc1ccc-2c(c1)C(Cc1nnn[nH]1)c1ccccc-21,11.0
Cc1nc(nc2N(Cc3ccc(cc3)-c3ccccc3-c3nnn[nH]3)C(=O)CCc12)C(O)=O,11.0
CCOc1nc2cccc(C(O)=O)c2n1Cc1ccc(cc1)-c1ccccc1-c1nnn[nH]1,11.0
CCc1nc2c(C)cc(C)nc2n1Cc1ccc-2c(c1)C(Cc1nnn[nH]1)c1ccccc-21,11.0
CCCCc1nc2ccc(cc2n1Cc1ccc(cc1)-c1ccccc1S(=O)(=O)Nc1onc(C)c1C)C(F)(F)F,11.0
CCCCc1nc(C(C)C)c(CC(=S)N2CCCC2)c(=O)n1Cc1ccc(cc1)-c1ccccc1-c1noc(=O)[nH]1,11.0
CCCc1nc2c(C)cc(cc2n1Cc1ccc(cc1)-c1ccccc1C(O)=O)C(=O)NCCN1CCOCC1,11.0
CCCCc1nnc(n1Cc1ccc(NC(=O)c2ccccc2-c2nnn[nH]2)cc1)S(=O)Cc1ccc(Cl)cc1,11.0
CCCCc1nn(-c2ccccc2Cc2ccccc2)c(=O)n1Cc1ccc(cc1)-c1ccccc1-c1nnn[nH]1,11.0
CCCCc1nn(-c2ccccc2Cc2ccccc2)c(=O)n1Cc1ccc(cc1)-c1ccccc1-c1nnn[nH]1,11.0
CCCCc1nn(Cc2ccccc2C)c(=O)n1Cc1ccc(cc1)-c1ccccc1-c1nnn[nH]1,11.0
CCCCc1nn(Cc2ccccc2C)c(=O)n1Cc1ccc(cc1)-c1ccccc1-c1nnn[nH]1,11.0
CCCCc1nn(Cc2ccccc2C(=O)OC)c(=O)n1Cc1ccc(cc1)-c1ccccc1-c1nnn[nH]1,11.0
CCCCc1nn(Cc2ccccc2C(=O)OC)c(=O)n1Cc1ccc(cc1)-c1ccccc1-c1nnn[nH]1,11.0
CS(=O)(=O)n1c(c(C(O)=O)c2ccccc12)-c1ccccc1,11.0
CCCCN1C(=O)N(Cc2ccc(cc2)C#N)\C(=C/c2cnc(CCCC)n2Cc2ccc(cc2)C(=O)OC)C1=O,11.0
CCCCN1C(=O)N(C=C(C)C)\C(=C/c2cnc(CCCC)n2Cc2ccc(cc2)C(=O)OC)C1=O,11.0
CCCCOC(=O)NS(=O)(=O)c1ccccc1-c1ccc(Cn2c(CC)nc3cc(NC(=O)CCCC)cnc23)cc1,11.5
CCCCc1nc2ccc(cc2c(=O)n1Cc1ccc(cc1)-c1ccccc1-c1nnn[nH]1)C(F)(F)F,12.0
CCCCc1nc2ccc(I)cc2c(=O)n1Cc1ccc(cc1)-c1ccccc1-c1nnn[nH]1,12.0
CCCCc1nc2ccc(I)cc2c(=O)n1Cc1ccc(cc1)-c1ccccc1-c1nnn[nH]1,12.0
CCCc1nc(CC)c(C=O)n1Cc1ccc(cc1)-c1ccccc1S(=O)(=O)NC(=O)C1CC1,12.0
CCCCc1cc(Cn2c(CC)nc3c(C)cc(C)nc23)ccc1OC(C(O)=O)c1ccccc1,12.0
CCc1nc2c(C)cc(C)nc2n1Cc1ccc(OC(C(O)=O)c2ccccc2)c(CC)c1,12.0
CCCN(C(C(O)=O)c1ccccc1)c1ccc(Cn2c(CC)nc3c(C)cc(C)nc23)cc1C,12.0
CCCCc1nn(Cc2cccc(C)c2)c(=O)n1Cc1ccc(cc1)-c1ccccc1-c1nnn[nH]1,12.0
CCCCc1nn(C(C(=O)OC)c2ccccc2)c(=O)n1Cc1ccc(cc1)-c1ccccc1-c1nnn[nH]1,12.0
CCCCc1nn(CC(=O)c2ccccc2)c(=O)n1Cc1ccc(cc1)-c1ccccc1-c1nnn[nH]1,12.0
CCCCc1nn(C2CCCC2O)c(=O)n1Cc1ccc(cc1)-c1ccccc1-c1nnn[nH]1,12.0
CCCCc1nn(CC(OC)c2ccccc2)c(=O)n1Cc1ccc(cc1)-c1ccccc1-c1nnn[nH]1,12.0
CCCCc1nn(CCCCC(O)=O)c(=O)n1Cc1ccc(cc1)-c1ccccc1-c1nnn[nH]1,12.0
CCCc1nc(CC)c(C(O)=O)n1Cc1ccc(cc1)-c1ccccc1-c1nnn[nH]1,12.0
CCCc1nc2c(C)cc(C)nc2n1Cc1ccc(cc1)-c1c(cnc2ccccc12)-c1nnn[nH]1,12.0
CN(C)C(=O)Nc1ccc2nc(C)n(Cc3ccc(cc3F)-c3ccccc3S(=O)(=O)NC(=O)OCCC3CC3)c(=O)c2c1,12.0
CCNC(=O)Nc1ccc2nc(CC)n(Cc3ccc(cc3F)-c3ccccc3S(=O)(=O)NC(=O)OCCC3CC3)c(=O)c2c1,12.0
CCCCC1=NC(C)(C2CCCCC2)C(=O)N1Cc1ccc(cc1)-c1ccccc1C(O)=O,12.0
CCCCc1ncc(\C=C(/Cc2cccs2)C(O)=O)n1Cc1ccc(C(O)=O)c2ccccc12,12.0
CCCCc1nc2ccc(cc2c(=O)n1Cc1ccc(cc1)-c1ccccc1S(=O)(=O)NC(=O)CCCCCNC(=O)OC(C)(C)C)C(C)C,12.0
CCCc1nc2ccc(cc2c(=O)n1Cc1ccc(cc1)-c1ccccc1S(=O)(=O)NC(=O)C1CC1)N(C)C,12.0
CCCCN1CC2(CN1Cc1ccc(cc1)-c1ccccc1S(=O)(=O)NC(=O)c1ccccc1)C(=O)CCC2=O,12.0
CCCCc1cn(CCCC)c(=O)n1Cc1ccc(cc1)-c1ccccc1-c1nnn[nH]1,12.0
CCCCc1nc2ccc(cc2n1Cc1ccc(cc1)-c1ccccc1S(=O)(=O)Nc1onc(C)c1C)[N+]([O-])=O,12.0
CCCCc1nn(Cc2cccc(C)c2)c(=O)n1Cc1ccc(cc1)-c1ccccc1-c1nnn[nH]1,12.0
CCCCc1nn(Cc2cccc(C)c2)c(=O)n1Cc1ccc(cc1)-c1ccccc1-c1nnn[nH]1,12.0
CCCCc1nn(C(C(=O)OC)c2ccccc2)c(=O)n1Cc1ccc(cc1)-c1ccccc1-c1nnn[nH]1,12.0
CCCCc1nn(C(C(=O)OC)c2ccccc2)c(=O)n1Cc1ccc(cc1)-c1ccccc1-c1nnn[nH]1,12.0
CCCCN1C(=O)N(Cc2ccccc2)\C(=C/c2cnc(CCCC)n2Cc2ccc(cc2)C(=O)OC)C1=O,12.0
OC(=O)c1c(-c2ccccc2)n(C(=O)c2ccccc2)c2ccccc12,12.0
CCCCc1nc2cc(OC)c(OC)cc2c(=O)n1Cc1ccc(cc1)-c1ccccc1-c1nnn[nH]1,13.0
CCCCc1nc(Cl)c(C(=O)OC)n1Cc1ccc(cc1)-c1ccccc1-n1cnnn1,13.0
CCCCc1nn(-c2ccccc2Cl)c(=O)n1Cc1ccc(cc1)-c1ccccc1S(=O)(=O)NC(C)=O,13.0
CCCc1nn(-c2ccccc2C(F)(F)F)c(=O)n1Cc1ccc(cc1)-c1ccccc1S(=O)(=O)NC(=O)c1ccccc1,13.0
CCc1cc(OCc2ccc(cc2)-c2ccccc2-c2nnn[nH]2)c2c(C)cccc2n1,13.0
CCCCc1nn2c(C)c(nc2n1Cc1ccc(cc1)-c1ccccc1-c1nnn[nH]1)-c1ccccc1,13.0
CCCCc1nn(c(C(=O)OCC)c1Cc1ccc(cc1)-c1ccccc1-c1nnn[nH]1)-c1ccccc1C,13.0
CCCc1nc2c(C)cc(cc2n1Cc1ccc(cc1)-c1ccccc1-c1nnn[nH]1)-c1nc2ccccc2n1C,13.0
CCCCc1nn(c(C(=O)OCC)c1Cc1ccc(cc1)-c1ccccc1-c1nnn[nH]1)-c1ccccc1Cl,13.0
CCCc1cc(Cn2c(CC)nc3c(C)cc(C)nc23)ccc1OC(C(=O)NS(=O)(=O)c1ccc(cc1)C(C)C)c1ccc2OCOc2c1,13.0
CCc1nc2c(C)cc(C)nc2n1Cc1ccc(cc1)-c1c(C(O)=O)c(NC)nc2ccccc12,13.0
CCc1nc2c(C)cc(C)nc2n1Cc1ccc(cc1)-c1c(C(O)=O)c(N)nc2ccccc12,13.0
CCCCc1nc2c(C)cc(C)nc2n1Cc1ccc(cc1)-c1c(C(O)=O)c(N)nc2ccccc12,13.0
CCCc1nc2c(C)cc(C)nc2n1Cc1ccc(cc1)-c1c(C(O)=O)c(C)nc2ccccc12,13.0
CCCCc1nc2cc(OC)c(OC)cc2c(=O)n1Cc1ccc(cc1)-c1ccccc1-c1nnn[nH]1,13.0
CCCc1cc(Cn2c(CC)nc3c(C)cc(C)nc23)ccc1OC(C(=O)NS(=O)(=O)c1ccc(cc1)C(C)C)c1ccc2OCOc2c1,13.0
CCc1nc2ccn(Cc3ccccc3)c(=O)c2n1[C@H]1CCc2cc(ccc12)-c1ccccc1-c1nnn[nH]1,13.0
CCCc1cc(Cn2c(CC)nc3c(C)cc(C)nc23)ccc1OC(C(=O)NS(=O)(=O)c1ccc(cc1)C(C)C)c1ccc2CCOc2c1,13.0
CCCCNC(=O)c1cc(C)c2nc(CCC)n(Cc3ccc(cc3)-c3ccccc3C(O)=O)c2c1,13.0
CCCCc1nc(C)c(CCC(=O)N2CC(C)OC(C)C2)c(=O)n1Cc1ccc(cc1)-c1ccccc1-c1nnn[nH]1,13.1
CCCc1nc2c(C)cc(C)nc2n1[C@H]1CCc2cc(ccc12)-c1ccccc1-c1nnn[nH]1,13.3
CCCCc1nnc(SCc2ccccc2C)n1Cc1ccc(NC(=O)c2ccccc2C(O)=O)cc1,14.0
CCCCc1nnc(SCc2ccccc2C(=O)OC)n1Cc1ccc(NC(=O)c2ccccc2C(O)=O)cc1,14.0
CCc1nc2c(C)cc(C)nc2n1Cc1ccc(OC(C(O)=O)c2ccccc2)c(C)c1,14.0
CCCCc1nn(Cc2ccccc2C(O)=O)c(=O)n1Cc1ccc(cc1)-c1ccccc1-c1nnn[nH]1,14.0
O=c1n(CCc2ccccc2)nc(CC2CC2)n1Cc1ccc(cc1)-c1ccccc1-c1nnn[nH]1,14.0
Cc1cc(OCc2ccc(cc2)-c2ccccc2-c2nnn[nH]2)c(Cc2ccccc2)c(C)n1,14.0
CCc1cc(OCc2ccc(cc2)-c2ccccc2-c2nnn[nH]2)c(I)c(CC)n1,14.0
CCCCC1=NC(Cl)C(CO)N1Cc1ccc(cc1)-c1ccccc1-c1nnn[nH]1,14.0
CCCCc1nn(-c2cc(NC(C)=O)ccc2Cl)c(=O)n1Cc1ccc(cc1F)-c1cc(CCC)ccc1S(=O)(=O)NC(=O)OC(C)(C)C,14.0
CCCc1cc(=O)n(CCNC(=O)C(c2ccccc2)c2ccccc2)c(=O)n1Cc1ccc(cc1)-c1ccccc1-c1nnn[nH]1,14.0
CCc1nc2ccn(Cc3ccccc3C#N)c(=O)c2n1[C@H]1CCc2cc(ccc12)-c1ccccc1-c1nnn[nH]1,14.0
CCCc1nn(-c2ccccc2Cl)c(=O)n1Cc1ccc(cc1)-c1ccccc1-c1nnn[nH]1,14.0
CCCc1nn(-c2ccccc2Cl)c(=O)n1Cc1ccc(cc1)-c1ccccc1-c1nnn[nH]1,14.0
CCCc1nn(-c2ccccc2Cl)c(=O)n1Cc1ccc(cc1)-c1ccccc1-c1nnn[nH]1,14.0
CCCCc1nnc(SCc2ccccc2C(=O)OC)n1Cc1ccc(NC(=O)c2ccccc2C(O)=O)cc1,14.0
CCCCN1C(=O)N(Cc2ccc(cc2)C(=O)OC)\C(=C/c2cnc(CCCC)n2Cc2ccc(cc2)C(=O)OC)C1=O,14.0
CCCCc1nnc(SCc2ccccc2C)n1Cc1ccc(NC(=O)c2ccccc2C(O)=O)cc1,14.0
CCCCc1ncc(C(=O)OC)n1Cc1ccc(cc1)-c1ccccc1-n1cnnn1,15.0
CCc1nc2c(C)cc(C)nc2n1Cc1ccc(OC(C(O)=O)c2ccccc2)c(Cl)c1,15.0
CCCCOC(=O)NS(=O)(=O)c1ccccc1-c1ccc(Cn2c(CCC)nc3ccc(cc3c2=O)[N+]([O-])=O)cc1,15.0
CCc1nc2c(C)cc(C)nc2n1Cc1ccc2n(Cc3cc(Cl)c(Cl)cc3C(O)=O)ccc2c1,15.0
CCc1nc2c(C)cc(C)nc2n1Cc1ccc(cc1)N(C)C(c1nnn[nH]1)c1ccccc1,15.0
CCCCc1nnc(SCc2ccccc2)n1Cc1ccc(NC(=O)c2ccccc2C(O)=O)cc1,15.0
CCCCc1nnc(SCc2cccc(c2)C(O)=O)n1Cc1ccc(NC(=O)c2ccccc2C(O)=O)cc1,15.0
CCCCc1nn(-c2cccc(OC)c2)c(=O)n1Cc1ccc(cc1)-c1ccccc1-c1nnn[nH]1,15.0
CCCCc1nn(CC(OCC)c2ccccc2)c(=O)n1Cc1ccc(cc1)-c1ccccc1-c1nnn(C)n1,15.0
CCCCc1nn(CCC)c(=O)n1Cc1ccc(cc1)-c1ccccc1-c1nnn[nH]1,15.0
CCCCc1nc2cc(Cl)ccc2c(=O)n1Cc1ccc(cc1)-c1ccccc1-c1nnn[nH]1,15.0
CCCCc1ncc2[C@H](CC[C@@H](c3ccc(cc3)-c3ccccc3-c3nnn[nH]3)n12)N1C(=O)CCC1=O,15.0
CCCCc1nn(CC2CC2)c(=O)n1Cc1ccc(cc1)-c1ccccc1-c1nnn[nH]1,15.0
CCCCc1nn(-c2cc(NC(C)=O)ccc2Cl)c(=O)n1Cc1ccc(cc1F)-c1cc(CCC)ccc1S(=O)(=O)NC(=O)OCC,15.0
CCc1nc2ccc(NC(=O)N(C)C(C)C)cc2c(=O)n1Cc1ccc(cc1F)-c1ccccc1S(=O)(=O)NC(=O)OCC=C(C)C,15.0
CC(C)CCOC(=O)NS(=O)(=O)c1ccccc1-c1ccc(Cn2c(C)nc3ccc(NC(=O)NC(C)C)cc3c2=O)c(F)c1,15.0
CCCCCN(Cc1ccc(cc1)-c1ccccc1-c1nnn[nH]1)C(=O)N1CCN([C@@H](C1)C(O)=O)C(=O)N(c1ccccc1)c1ccccc1,15.0
CCCCc1nnc(SCc2cccc(c2)C(O)=O)n1Cc1ccc(NC(=O)c2ccccc2C(O)=O)cc1,15.0
CCCCc1nn(-c2cccc(OC)c2)c(=O)n1Cc1ccc(cc1)-c1ccccc1-c1nnn[nH]1,15.0
CCCCc1nn(-c2cccc(OC)c2)c(=O)n1Cc1ccc(cc1)-c1ccccc1-c1nnn[nH]1,15.0
CCCCc1nc(Cl)c(CO)n1Cc1ccc(cc1)-c1ccccc1-c1nnn[nH]1,15.0
CCCCc1nnc(SCc2ccccc2)n1Cc1ccc(NC(=O)c2ccccc2C(O)=O)cc1,15.0
CCCCC1=NC(C)(C(C)C)C(=O)N1Cc1ccc(cc1)-c1ccccc1-c1nnn[nH]1,15.0
CCCCN1C(=O)N(CCc2cccs2)\C(=C/c2cnc(CCCC)n2Cc2ccc(cc2)C(=O)OC)C1=O,15.0
CCCCN1C(=O)N(CCc2ccsc2)\C(=C/c2cnc(CCCC)n2Cc2ccc(cc2)C(=O)OC)C1=O,15.0
CCc1nc2c(C)c(CC)c(C)nc2n1[C@H]1CCc2cc(ccc12)-c1ccccc1-c1nnn[nH]1,15.7
CCCc1nc2c(C)ccnc2n1Cc1ccc(OC(C(O)=O)c2ccccc2Cl)cc1,16.0
CCc1nc2c(C)cc(C)nc2n1Cc1cc(Cl)c(O)c(Cl)c1,16.0
CCc1nc2c(C)cc(C)nc2n1Cc1cc(Cl)c(OC(C(O)=O)c2ccccc2)c(OC)c1,16.0
Cc1cc(OCc2ccc(cc2)-c2ccccc2-c2nnn[nH]2)c2ccccc2n1,16.0
CCCc1nc2ccc(NC(C)=O)cc2c(=O)n1Cc1ccc(cc1)-c1ccccc1S(=O)(=O)NC(C)=O,16.0
CCCCc1nn(CSc2ccccc2)c(=O)n1Cc1ccc(cc1)-c1ccccc1-c1nnn[nH]1,16.0
CCCCc1nn(-c2ccc(C)cc2)c(=O)n1Cc1ccc(cc1)-c1ccccc1-c1nnn[nH]1,16.0
CC(C)CCc1nn(-c2ccccc2Cl)c(=O)n1Cc1ccc(cc1)-c1ccccc1-c1nnn[nH]1,16.0
CCCCc1nn(CC2CC2)c(=O)n1Cc1ccc(cc1)-c1ccccc1-c1nnn[nH]1,16.0
Cc1cc(OCc2ccc(cc2)-c2ccccc2-c2nnn[nH]2)c2ccccc2n1,16.0
CCCCc1nn(Cc2ccccc2)c(=O)n1Cc1ccc(cc1)-c1ccccc1-c1nnn[nH]1,16.0
CCCc1nc2cccc(C(O)=O)c2n1Cc1ccc(cc1)-n1cccc1-c1nnn[nH]1,16.0
CCCCc1nn(CC(=O)OC(C)(C)C)c(=O)n1Cc1ccc(cc1)-c1ccccc1-c1nnn[nH]1,16.0
CCCCc1nn(-c2cc(NC(C)=O)ccc2Cl)c(=O)n1Cc1ccc(cc1F)-c1cc(CCC)ccc1S(=O)(=O)NC(=O)c1ccccc1Cl,16.0
CCCCn1c(=O)cc(CCC)n(Cc2ccc(cc2)-c2ccccc2-c2nnn[nH]2)c1=O,16.0
CCCCc1nc2ccc(cc2c(=O)n1Cc1ccc(cc1)-c1ccccc1-c1nnn[nH]1)[C@@H]1[C@@H]2CON1CCC2,16.0
CCCc1nc2ccccc2n1Cc1ccc(cc1)-c1ccccc1S(=O)(=O)Nc1onc(C)c1C,16.0
CCCCc1nc(Cc2ccc(cc2)-c2ccccc2-c2nnn[nH]2)n(CCCC)n1,16.0
CCCCc1nn(-c2ccc(C)cc2)c(=O)n1Cc1ccc(cc1)-c1ccccc1-c1nnn[nH]1,16.0
CCCCc1nn(-c2ccc(C)cc2)c(=O)n1Cc1ccc(cc1)-c1ccccc1-c1nnn[nH]1,16.0
CCCCc1nc(Cl)c(CO)n1Cc1ccc(cc1)-c1ccccc1-c1nnn[nH]1,16.0
CCCCN1C(=O)NC(=O)\C1=C\c1cnc(CCCC)n1Cc1ccc(cc1)-c1ccccc1C(=O)OC,16.0
CCCCc1nc(Cl)c(CO)n1Cc1ccc(cc1)-c1ccccc1-c1nnn[nH]1,16.2
CCCCc1nc(Cl)c(CO)n1Cc1ccc(cc1)-c1ccccc1-c1nnn[nH]1,16.2
CCc1cc(C)c2nc(C(C)C)n([C@H]3CCc4cc(ccc34)-c3ccccc3-c3nnn[nH]3)c2n1,16.9
CCCCc1nnc(SCc2ccccc2C)n1Cc1ccc(cc1)-c1ccccc1-c1nnn[nH]1,17.0
CCCCNC(=O)c1ccc(Br)c(c1)-n1nc(CC)n(Cc2ccc(cc2F)-c2ccccc2S(=O)(=O)NC(=O)OC(C)(C)C)c1=O,17.0
CCCCc1nn(-c2c(F)c(F)c(F)c(F)c2F)c(=O)n1Cc1ccc(cc1)-c1ccccc1-c1nnn[nH]1,17.0
CCCCc1nn(CC(=O)OC)c(=O)n1Cc1ccc(cc1)-c1ccccc1-c1nnn[nH]1,17.0
CCCCc1nn(CCCCCC(O)=O)c(=O)n1Cc1ccc(cc1)-c1ccccc1-c1nnn[nH]1,17.0
CCc1nc2c(C)cc(C)nc2n1Cc1ccc(cc1)-c1c(cnc2ccccc12)C(O)=O,17.0
CCCc1cc(=O)n(C)c(=O)n1Cc1ccc(cc1)-c1ccccc1-c1nnn[nH]1,17.0
CCCCc1nc2c(n1Cc1ccc(cc1)-c1ccccc1-c1nnn[nH]1)c(=O)[nH][nH]c2=O,17.0
CCCc1nc2c(C)cc(cc2n1Cc1ccc(cc1)-c1ccccc1-c1nnn[nH]1)C(=O)NCC(C)c1ccccc1,17.0
CCCCc1nn(-c2c(F)c(F)c(F)c(F)c2F)c(=O)n1Cc1ccc(cc1)-c1ccccc1-c1nnn[nH]1,17.0
CCCCc1nn(CC(=O)OC)c(=O)n1Cc1ccc(cc1)-c1ccccc1-c1nnn[nH]1,17.0
CCCCc1nn(CC(=O)OC)c(=O)n1Cc1ccc(cc1)-c1ccccc1-c1nnn[nH]1,17.0
CCCCc1nnc(SCc2ccccc2C)n1Cc1ccc(NC(=O)c2ccccc2-c2nnn[nH]2)cc1,17.0
CCCCc1nn(-c2c(F)c(F)c(F)c(F)c2F)c(=O)n1Cc1ccc(cc1)-c1ccccc1-c1nnn[nH]1,17.0
CCCCc1ncc(\C=C2/N(Cc3csc(C)n3)C(=O)N(C)C2=O)n1Cc1ccc(cc1)C(=O)OC,17.0
CCCCN1C(=O)N(Cc2ccc(cc2)[N+]([O-])=O)\C(=C/c2cnc(CCCC)n2Cc2ccc(cc2)C(=O)OC)C1=O,17.0
CCCc1nc2c(C)ccnc2n1Cc1ccc(OC(C(O)=O)c2ccccc2OCC)cc1,18.0
CCCc1nn(-c2ccccc2C(F)(F)F)c(=O)n1Cc1ccc(cc1)-c1ccccc1S(=O)(=O)NC(=O)C1CC1,18.0
CCCCC1=NC(Cl)C(CO)N1Cc1ccc(cc1)-c1ccccc1-c1nnn[nH]1,18.0
CCc1nc2c(C)cc(C)nc2n1Cc1ccc2N(CCc2c1)C(=O)c1c(Cl)ccc(Cl)c1C(O)=O,18.0
CCc1nc2c(C)cc(C)nc2n1Cc1ccc2N(CCc2c1)C(c1nnn[nH]1)c1ccccc1,18.0
CCCCC1=NC(Cl)C(CO)N1Cc1ccc(cc1)-c1ccccc1-c1nnn[nH]1,18.0
CCCCc1nn(-c2cccc(C)c2)c(=O)n1Cc1ccc(cc1)-c1ccccc1-c1nnn[nH]1,18.0
CCCCc1nn(c(C(=O)OCC)c1Cc1ccc(cc1)-c1ccccc1-c1nnn[nH]1)-c1ccccn1,18.0
CCCCc1nn(CCCc2ccccc2)c(=O)n1Cc1ccc(cc1)-c1ccccc1-c1nnn[nH]1,18.0
CCCCC1=NC2(CCN(CC2)C(C)=O)C(=O)N1Cc1ccc(cc1)-c1ccccc1C(O)=O,18.0
CCCCC1=NC(C)(C2CC2)C(=O)N1Cc1ccc(cc1)-c1ccccc1C(O)=O,18.0
CCc1nc2c(C)cc(C)nc2n1Cc1ccc(cc1)-c1ncccc1-c1nnn[nH]1,18.0
CCCCc1nn(CCC2CCCCC2)c(=O)n1Cc1ccc(cc1)-c1ccccc1-c1nnn[nH]1,18.0
CCc1nc2ccc(NC(=O)N3CCOCC3)cc2c(=O)n1Cc1ccc(cc1F)-c1ccccc1S(=O)(=O)NC(=O)OCCC(C)C,18.0
CCCCn1n(Cc2ccc(cc2)-c2ccccc2-c2nnn[nH]2)c2ncccc2c1=O,18.0
CCCCc1nc(Cl)c(CO)n1Cc1ccc(cc1)-c1ccccc1-c1nn[n-]n1,18.0
Cc1ccc(cc1)S(=O)(=O)n1c(c(C(O)=O)c2ccccc12)-c1ccccc1,18.0
CCCCc1nn(-c2cccc(C)c2)c(=O)n1Cc1ccc(cc1)-c1ccccc1-c1nnn[nH]1,18.0
CCCCc1nn(-c2cccc(C)c2)c(=O)n1Cc1ccc(cc1)-c1ccccc1-c1nnn[nH]1,18.0
CCCCN1C(=O)N(Cc2ccc(Br)s2)\C(=C/c2cnc(CCCC)n2Cc2ccc(cc2)C(=O)OC)C1=O,18.0
CCCCN1C(=O)N(Cc2ccc(Cl)cc2)\C(=C/c2cnc(CCCC)n2Cc2ccc(cc2)C(=O)OC)C1=O,18.0
CCCCC1=NC(Cl)C(CO)N1Cc1ccc(cc1)-c1ccccc1-c1nnn[nH]1,19.0
Cn1nnnc1-c1ccccc1-c1ccc(Cn2cnc3ccc(cc3c2=O)N(CC(=O)c2ccco2)C(=O)c2ccccc2)cc1,19.0
CCCc1cc(Cn2c(CC)nc3c(C)cc(C)nc23)cc(CCC)c1OC(C(O)=O)c1ccc(CC)cc1,19.0
CCCc1cc(Cn2c(CC)nc3c(C)cc(C)nc23)cc(CCC)c1OC(C(O)=O)c1ccc(CC)cc1,19.0
CCCCC1=NC(C)(C(=O)N1Cc1ccc(cc1)-c1ccccc1C(O)=O)c1ccccc1,19.0
CCCCc1nc2cccc(C(=O)OCC)c2n1Cc1ccc(cc1)-n1cccc1-c1nnn[nH]1,19.0
CCCCC1=NC(Cl)C(CO)N1Cc1ccc(cc1)-c1ccccc1-c1nnn[nH]1,19.0
CCCCc1nc(Cl)c(CO)n1Cc1ccc(cc1)-c1ccccc1-c1nnn[nH]1,19.0
CCc1nc2ccn(CC(C)C)c(=O)c2n1[C@H]1CCc2cc(ccc12)-c1ccccc1-c1nnn[nH]1,19.0
CCCCC1=NC(Cl)C(CO)N1Cc1ccc(cc1)-c1ccccc1-c1nnn[nH]1,19.0
CCCCN1C(=O)N(Cc2cccc(C)c2)\C(=C/c2cnc(CCCC)n2Cc2ccc(cc2)C(=O)OC)C1=O,19.0
CCCc1nc2c(C)cc(cc2n1Cc1ccc(cc1)-c1ccccc1-c1nnn[nH]1)C(=O)NCc1ccccc1OC,19.7
CCCCc1ncc(C(=O)OC)n1Cc1ccc(cc1)-c1ccccc1NS(=O)(=O)NC(=O)c1ccccc1,20.0
CCc1nc2c(C)cc(C)nc2n1Cc1ccc(OC(C(O)=O)c2ccccc2)c(CC=C)c1,20.0
CCCCCN(Cc1ccccc1)c1ccc2ncn(Cc3ccc(cc3)-c3ccccc3-c3nnnn3C)c(=O)c2c1,20.0
CCc1cc(OCc2ccc(c(c2)C(=O)OC)-c2ccccc2-c2nnn[nH]2)c2CCCCc2n1,20.0
OC(=O)c1ccccc1-c1ccc(cc1)-c1nc2ccccc2c(=O)n1Cc1ccc(cc1)-c1ccccc1-c1nnn[nH]1,20.0
CCc1nc2c(C)cc(C)nc2n1Cc1ccc2n(ccc2c1)C(=O)c1ccccc1C(O)=O,20.0
CCCCc1nnc(SC(C(O)=O)c2ccccc2)n1Cc1ccc(NC(=O)c2ccccc2C(O)=O)cc1,20.0
CCCc1nn(-c2ccccc2Cl)c(=O)n1Cc1ccc(cc1)-c1ccccc1-c1nnn[nH]1,20.0
CCCCc1nn(c(C(=O)OCC)c1Cc1ccc(cc1)-c1ccccc1-c1nnn[nH]1)-c1ccc(OC)cc1,20.0
CCCCc1nn(C(C)C)c(=O)n1Cc1ccc(cc1)-c1ccccc1-c1nnn[nH]1,20.0
CCCc1nn(c(C(=O)OCC)c1Cc1ccc(cc1)-c1ccccc1-c1nnn[nH]1)-c1c(Cl)cccc1Cl,20.0
CCCCC1=NC(C(C)C)(C(C)C)C(=O)N1Cc1ccc(cc1)-c1ccccc1C(O)=O,20.0
CCCCc1ncc(C(O)=O)n1Cc1ccc(NC(=O)[C@H](Cc2ccccc2)n2cccc2C(O)=O)cc1,20.0
CCCc1cc(=O)n(Cc2ccccc2C(=O)OC)c(=O)n1Cc1ccc(cc1)-c1ccccc1-c1nnn[nH]1,20.0
CCCC1=NC(C(=O)N1Cc1ccc(cc1)-c1ccccc1-c1nnn[nH]1)(C(F)(F)F)C(F)(F)F,20.0
CCOC(=O)\C=C1/CC(CC)(CC)CC(=O)N1Cc1ccc(cc1)-c1ccccc1-c1nnn[nH]1,20.0
CCc1nc(CN2CCN(CC2)c2ccccn2)c(C(O)=O)n1Cc1ccc(cc1)-c1ccccc1-c1nnn[nH]1,20.0
CCCc1nc(CN(Cc2ccccc2)C(=O)OCC(C)C)c(C(O)=O)n1Cc1ccc(cc1)-c1ccccc1-c1nnn[nH]1,20.0
CCCc1nc(CN(Cc2ccccc2)C(=O)Cc2ccccc2)c(C(O)=O)n1Cc1ccc(cc1)-c1ccccc1-c1nnn[nH]1,20.0
CCCc1nc(CC)c(C(=O)OCc2ccc(cc2)C(=O)N(c2ccccc2)c2ccccc2)n1Cc1ccc(cc1)-c1ccccc1-c1nnn[nH]1,20.0
CCCc1nc2c(C)cc(cc2n1Cc1ccc(cc1)-c1ccccc1C(O)=O)C(=O)N[C@@H](C)c1ccccc1,20.0
CCc1nc2ccn(CC(=O)OCc3ccccc3)c(=O)c2n1[C@H]1CCc2cc(ccc12)-c1ccccc1-c1nnn[nH]1,20.0
CCCCc1nnc(SC(C(O)=O)c2ccccc2)n1Cc1ccc(NC(=O)c2ccccc2C(O)=O)cc1,20.0
CCCc1nc2c(C)cc(cc2n1Cc1ccc(cc1)-c1ccccc1C(O)=O)C(=O)N1CCCCC1,20.0
CCOC(=O)[C@@H](Cc1ccc(F)cc1)NC(=O)[C@@H](CC1CCCCC1)NC(=O)[C@@H](C)NC(=O)\C=C\c1ccc(O)c(O)c1,20.0
CCCCC1=NC2(CCCC2)C(=O)N1Cc1ccc(cc1)-c1ccccc1-c1nnn[nH]1,20.8
CCCCc1ncc(C(=O)OC)n1Cc1ccc(cc1)-c1ccccc1S(=O)(=O)NC(=O)c1ccccc1,21.0
OC(=O)C(Oc1ccc(Cl)cc1C1CCCCC1)c1ccc(Cl)cc1,21.0
CCCc1nc2c(C)ccnc2n1Cc1ccc(OC(C(O)=O)c2c(Cl)cccc2Cl)cc1,21.0
CCc1nc2c(C)cc(C)nc2n1Cc1cc(Cl)c(OC(C(O)=O)c2ccccc2)c(Cl)c1,21.0
CCCCCN(C(=O)c1ccc(cc1)S(C)=O)c1ccc2ncn(Cc3ccc(cc3)-c3ccccc3-c3nnnn3C)c(=O)c2c1,21.0
CCCCc1nn(-c2ccccc2C(F)(F)F)c(=O)n1Cc1ccc(cc1)-c1ccccc1S(=O)(=O)NC(=O)c1cc(OC)c(OC)c(OC)c1,21.0
CCCCc1nnc(SCc2cccc(OC)c2)n1Cc1ccc(NC(=O)c2ccccc2C(O)=O)cc1,21.0
CCCCc1nn(-c2ccc(F)cc2)c(=O)n1Cc1ccc(cc1)-c1ccccc1-c1nnn[nH]1,21.0
CCCc1nn(-c2ccccc2[N+]([O-])=O)c(=O)n1Cc1ccc(cc1)-c1ccccc1-c1nnn[nH]1,21.0
CCCCc1nn(CC(=O)c2cc(OC)ccc2OC)c(=O)n1Cc1ccc(cc1)-c1ccccc1-c1nnn[nH]1,21.0
CCCCc1nc2ccc(NC(=O)NC3CCCCC3)cc2n1Cc1ccc(cc1)-c1ccccc1-c1nnn[nH]1,21.0
CCCCc1nn(c(C(=O)OCC)c1Cc1ccc(cc1)-c1ccccc1-c1nnn[nH]1)-c1ccccc1C(F)(F)F,21.0
CCCCN(C(=O)c1ccc(OP([O-])([O-])=O)cc1)c1ccc2ncn(Cc3ccc(cc3)-c3ccccc3-c3nnnn3C)c(=O)c2c1,21.0
CCCCc1nnc(SCc2cccc(OC)c2)n1Cc1ccc(NC(=O)c2ccccc2C(O)=O)cc1,21.0
CCCCc1nn(-c2ccc(F)cc2)c(=O)n1Cc1ccc(cc1)-c1ccccc1-c1nnn[nH]1,21.0
CCCCc1nn(-c2ccc(F)cc2)c(=O)n1Cc1ccc(cc1)-c1ccccc1-c1nnn[nH]1,21.0
CCc1nc2c(C)cc(C)nc2n1Cc1cc(I)c(O)c(c1)[N+]([O-])=O,22.0
CCc1cc(OCc2ccc(cc2)-c2ccccc2-c2nnn[nH]2)c2cc(OC)ccc2n1,22.0
CCc1nc2c(C)cc(C)nc2n1Cc1ccc(cc1)N(CC(C)C)C(C(O)=O)c1ccccc1,22.0
CCCCc1nn(-c2ccccc2)c(=O)n1Cc1ccc(cc1)-c1ccccc1-c1nnn[nH]1,22.0
CCCCc1nn(CC)c(=O)n1Cc1ccc(cc1)-c1ccccc1-c1nnn[nH]1,22.0
CCCCc1nn(CC(O)c2cc(OC)ccc2OC)c(=O)n1Cc1ccc(cc1)-c1ccccc1-c1nnn[nH]1,22.0
CCCc1nn(Cc2ccccc2)c(C(=O)OCC)c1Cc1ccc(cc1)-c1ccccc1-c1nnn[nH]1,22.0
CCCCc1nc(Cl)c(CCC(O)=O)n1Cc1ccc(NC(=O)[C@H](Cc2ccccc2)n2cccc2C(O)=O)cc1,22.0
CCCCc1nc(Cl)c(C(O)=O)n1Cc1ccc(cc1)-c1ccccc1-c1nnn[nH]1,22.0
CCCCc1nc2ccc(cc2c(=O)n1Cc1ccc(cc1)-c1ccccc1-c1nnn[nH]1)[C@@]1(C)C[C@H]2CCCCN2O1,22.0
CCCCc1nc(Cl)c(C(O)=O)n1Cc1ccc(cc1)-c1ccccc1-c1nnn[nH]1,22.0
CCCCc1nc2cn[nH]c(=O)c2n1Cc1ccc(cc1)-c1ccccc1C(O)=O,22.0
CCCCN1CC2(CN1Cc1ccc(cc1)-c1ccccc1-c1nnn[nH]1)C(=O)CCC2=O,22.0
CCCCc1nc2ccc(cc2n1Cc1ccc(cc1)-c1ccccc1-c1nnn[nH]1)C1=NNC(=O)CC1C,22.0
CCCCc1nn(-c2ccccc2)c(=O)n1Cc1ccc(cc1)-c1ccccc1-c1nnn[nH]1,22.0
CCCCc1c(C(O)=O)c2ccccc2n1C(=O)c1ccccc1,22.0
OC(=O)c1c(COCc2ccccc2)n(-c2ccc(cc2)S(Cl)(=O)=O)c2ccccc12,22.0
CCCCc1nn(-c2ccccc2)c(=O)n1Cc1ccc(cc1)-c1ccccc1-c1nnn[nH]1,22.0
CCCCN1C(=O)N(Cc2cc(Br)cs2)\C(=C/c2cnc(CCCC)n2Cc2ccc(cc2)C(=O)OC)C1=O,22.0
CCCc1nc2c(C)cc(cc2n1Cc1ccc(cc1)-c1ccccc1-c1nnn[nH]1)C(=O)NCCc1ccc(OC)cc1,22.5
CCCc1nc2ccc3cc2c(=O)n1Cc1ccc(cc1)-c1ccccc1S(=O)(=O)NC(=O)CCCCCN3C(=O)OCc1ccccc1,23.0
CCCCS(=O)(=O)N(Cc1ccccc1)c1ccc2ncn(Cc3ccc(cc3)-c3ccccc3-c3nnnn3C)c(=O)c2c1,23.0
CCCCc1nn(Cc2ccc(cc2)C(=O)OC)c(=O)n1Cc1ccc(cc1)-c1ccccc1-c1nnn[nH]1,23.0
CCCCc1nn(c(=O)n1Cc1ccc(cc1)-c1ccccc1-c1nnn[nH]1)C(C)(C)C,23.0
CCc1nc(C)cc(OCc2ccc(cc2)-c2ccccc2-c2nnn[nH]2)c1C(=O)OC,23.0
CCCCc1nn(c(C(=O)OCC)c1Cc1ccc(cc1)-c1ccccc1-c1nnn[nH]1)-c1ccccc1-c1ccccc1,23.0
Cc1nc(nc2N(Cc3ccc(cc3)-c3ccccc3-c3nnn[nH]3)C(=O)CCc12)C(O)=O,23.0
CCCc1cc(=O)n(CCNC(=O)NC2CCCCC2)c(=O)n1Cc1ccc(cc1)-c1ccccc1-c1nnn[nH]1,23.0
CCCc1nc2c(C)cc(cc2n1Cc1ccc(cc1)-c1ccccc1C(O)=O)C(=O)NC[C@H](C)c1ccccc1,23.0
CCCc1nc2c(C)cc(cc2n1Cc1ccc(cc1)-c1ccccc1C(O)=O)C(=O)NCCc1ccccc1,23.0
CCCCc1nn(Cc2ccc(cc2)C(=O)OC)c(=O)n1Cc1ccc(cc1)-c1ccccc1-c1nnn[nH]1,23.0
CCCCc1nn(Cc2ccc(cc2)C(=O)OC)c(=O)n1Cc1ccc(cc1)-c1ccccc1-c1nnn[nH]1,23.0
CCCCc1cnc(C=O)n1Cc1ccc(cc1)-c1ccccc1-c1nnn[nH]1,23.99
CCc1nc2c(C)cc(C)nc2n1Cc1ccc(cc1)-c1cc(CC(C)C)sc1S(=O)(=O)NC(=O)c1ccccc1,24.0
CCCCc1nnc(SCc2ccc(cc2)C(O)=O)n1Cc1ccc(cc1)-c1ccccc1-c1nnn[nH]1,24.0
CCCCc1nnc(SCc2ccc(Cl)cc2)n1Cc1ccc(cc1)-c1ccccc1-c1nnn[nH]1,24.0
CCCCc1nn(C(C)CO)c(=O)n1Cc1ccc(cc1)-c1ccccc1-c1nnn[nH]1,24.0
CCCCC(=O)Nc1cccc(c1C)-n1nc(CCCC)n(Cc2ccc(cc2)-c2ccccc2S(=O)(=O)NC(=O)c2ccccc2Cl)c1=O,24.0
CCc1nn(-c2cc(NC(=O)c3ccccc3)ccc2Br)c(=O)n1Cc1ccc(cc1F)-c1ccccc1S(=O)(=O)NC(=O)OC(C)(C)C,24.0
CCCCc1nc2ccc(NC(=O)N(C)C)cc2n1Cc1ccc(cc1)-c1ccccc1C(O)=O,24.0
CCCCCC1=NC2(CCCC2)C(=O)N1Cc1ccc(cc1)-c1ccccc1C(O)=O,24.0
CCCCc1nc(Cl)c(CC(O)=O)n1Cc1ccc(NC(=O)[C@H](Cc2cccs2)n2cccc2C(O)=O)cc1,24.0
CCc1cc(Oc2ccc(cc2)-c2ccccc2-c2nnn[nH]2)c2ncccc2n1,24.0
CCCCC(=O)N(Cc1ccc(cc1)-c1ccccc1-c1nnn[nH]1)[C@@H](C)C(O)=O,24.0
CCCCc1cnc(C=O)n1Cc1ccc(cc1)-c1ccccc1-c1nnn[nH]1,24.0
CCCCC(=O)Nc1ccc(C)c(c1)-n1nc(CCCC)n(Cc2ccc(cc2)-c2ccccc2S(=O)(=O)NC(=O)c2ccccc2Cl)c1=O,24.0
CCc1nc2ccn(CC(=O)N(C)C)c(=O)c2n1[C@H]1CCc2cc(ccc12)-c1ccccc1-c1nnn[nH]1,24.0
CCCCc1nnc(SCc2ccc(cc2)C(O)=O)n1Cc1ccc(NC(=O)c2ccccc2-c2nnn[nH]2)cc1,24.0
Cc1ccc(cc1)S(=O)(=O)n1c(CO)c(C(O)=O)c2ccccc12,24.0
CCCCN1C(=O)N(Cc2sccc2C)\C(=C/c2cnc(CCCC)n2Cc2ccc(cc2)C(=O)OC)C1=O,24.0
CCc1nc2c(C)cc(C)nc2n1Cc1ccc(Oc2ccccc2NS(=O)(=O)C(F)(F)C(F)(F)C(F)(F)C(F)(F)F)cc1,25.0
CCc1cc(OCc2ccc(cc2)-c2ccccc2-c2nnn[nH]2)c2CCCCCc2n1,25.0
Cc1cc(OCc2ccc(cc2)-c2ccccc2-c2nnn[nH]2)c(c(C)n1)-c1ccncc1,25.0
CCCCc1nn(CC(=O)C23C[C@H]4C[C@H](C[C@H](C4)C2)C3)c(=O)n1Cc1ccc(cc1)-c1ccccc1-c1nnn[nH]1,25.0
CCCc1nc2ccc(cc2c(=O)n1Cc1ccc(cc1)-c1ccccc1S(=O)(=O)NC(=O)CCCCC(O)=O)C(C)C,25.0
CCCc1cc(=O)n(Cc2ccccc2)c(=O)n1Cc1ccc(cc1)-c1ccccc1-c1nnn[nH]1,25.0
CCCCC1=NC(C)(C(=O)N1Cc1ccc(cc1)-c1ccccc1-c1nnn[nH]1)c1ccccc1,25.0
CCCCN1C(=O)N(CCc2csc(Br)c2)\C(=C/c2cnc(CCCC)n2Cc2ccc(cc2)C(=O)OC)C1=O,25.0
CCCCC1=NC(Cl)C(CO)N1Cc1ccc(cc1)-c1ccccc1-c1nnn[nH]1,26.0
CCc1cc(OCc2ccc(cc2)-c2ccccc2-c2nnn[nH]2)c2cc(OCC(F)(F)F)ccc2n1,26.0
CCc1cc(OCc2ccc(cc2)-c2ccccc2-c2nnn[nH]2)c2cc(OC(C)C)ccc2n1,26.0
CCCCc1nc2ccc(F)cc2c(=O)n1Cc1ccc(cc1)-c1ccccc1-c1nnn[nH]1,26.0
CCCCc1nnc(SCc2cccc(Cl)c2)n1Cc1ccc(NC(=O)c2ccccc2C(O)=O)cc1,26.0
CCCCc1nn(C(C)C(O)=O)c(=O)n1Cc1ccc(cc1)-c1ccccc1-c1nnn[nH]1,26.0
CCCCc1nc2ccc(cc2n1Cc1ccc(cc1)-c1ccccc1C(O)=O)N(C)C(=O)NC1CCCCC1,26.0
CCCCc1nc2ccc(NC(=O)NC3CCCCC3)cc2n1Cc1ccc(cc1)-c1ccccc1C(O)=O,26.0
CCCCc1nc2ccc(F)cc2c(=O)n1Cc1ccc(cc1)-c1ccccc1-c1nnn[nH]1,26.0
CS(=O)(=O)n1c(COCc2ccccc2)c(C(O)=O)c2ccccc12,26.0
CCCCc1nnc(SCc2cccc(Cl)c2)n1Cc1ccc(NC(=O)c2ccccc2C(O)=O)cc1,26.0
CCc1cc(OCc2ccc(c(c2)C(O)=O)-c2ccccc2-c2nnn[nH]2)c2CCCCc2n1,27.0
CCCCc1nc2ccc(O)cc2c(=O)n1Cc1ccc(cc1)-c1ccccc1-c1nnn[nH]1,27.0
CCCCc1nn(-c2ccc(CC)cc2)c(=O)n1Cc1ccc(cc1)-c1ccccc1-c1nnn[nH]1,27.0
CCCCc1nn(Cc2ccc3ccccc3c2)c(=O)n1Cc1ccc(cc1)-c1ccccc1-c1nnn[nH]1,27.0
Clc1ccccc1-n1nc(CC2CC2)n(Cc2ccc(cc2)-c2ccccc2-c2nnn[nH]2)c1=O,27.0
CCCC1=NC2(CCCC2)C(=O)N1Cc1ccc(cc1)-c1ccccc1C(O)=O,27.0
CCCCc1nc(Cl)c(CC(O)=O)n1Cc1ccc(NC(=O)[C@H](Cc2ccccc2)n2cccc2C(O)=O)cc1,27.0
CCCCc1cc(=O)n(Cc2ccccc2C(=O)OC)c(=O)n1Cc1ccc(cc1)-c1ccccc1-c1nnn[nH]1,27.0
CCCCc1nc2ccc(cc2c(=O)n1Cc1ccc(cc1)-c1ccccc1-c1nnn[nH]1)[C@]1(C)C[C@H]2CCCN2O1,27.0
CC(C)CCOC(=O)NS(=O)(=O)c1ccccc1-c1ccc(Cn2c(C)nc3ccc(NC(=O)N(C)C(C)C)cc3c2=O)c(F)c1,27.0
CCc1nc2c(C)cc(C)nc2n1Cc1ccc(cc1)-c1ccccc1-c1nnn[nH]1,27.0
CCCCc1nc2ccc(cc2c(=O)n1Cc1ccc(cc1)-c1ccccc1-c1nn[n-]n1)C1(C)CC2CCCN2O1,27.0
CCCCc1nn(-c2ccc(CC)cc2)c(=O)n1Cc1ccc(cc1)-c1ccccc1-c1nnn[nH]1,27.0
CCCCc1nn(-c2ccc(CC)cc2)c(=O)n1Cc1ccc(cc1)-c1ccccc1-c1nnn[nH]1,27.0
CS(=O)(=O)n1c(CO)c(C(O)=O)c2ccccc12,27.0
CCCc1nc(C)c(CC(O)=O)c(=O)n1Cc1ccc(cc1)-c1ccccc1-c1nnn[nH]1,27.13
CCCCc1nc2ccc(cc2c(=O)n1Cc1ccc(cc1)-c1ccccc1-c1nnn[nH]1)[N+]([O-])=O,28.0
CCc1nn(-c2cc(NC(=O)c3ccccc3)ccc2Cl)c(=O)n1Cc1ccc(cc1F)-c1ccccc1S(=O)(=O)NC(=O)OC(C)(C)C,28.0
CCOc1nc2cccc(C(O)=O)c2n1Cc1ccc(cc1)-c1ccccc1-c1nnn[nH]1,28.0
CCc1nc2c(C)cc(C)nc2n1Cc1ccc(NC(C(O)=O)c2ccccc2C)c(C)c1,28.0
CCCCc1nnc(NCc2ccccc2)n1Cc1ccc(cc1)-c1ccccc1-c1nnn[nH]1,28.0
CCCCc1nnc(n1Cc1ccc(NC(=O)c2ccccc2-c2nnn[nH]2)cc1)S(=O)Cc1ccc(OC)cc1,28.0
CCCCc1nc2ccc(cc2c(=O)n1Cc1ccc(cc1)-c1ccccc1-c1nnn[nH]1)[N+]([O-])=O,28.0
CCCCC1=NC(Cl)C(CO)N1Cc1ccc(cc1)-c1ccccc1-c1nnn[nH]1,28.0
CCCc1nc(C(C)O)c(C(O)=O)n1Cc1ccc(cc1)-c1ccccc1C(O)=O,28.0
CCCc1nc(c(C(O)=O)n1Cc1ccc(cc1)-c1ccccc1C(O)=O)C(C)(C)O,28.0
OC(=O)C(F)(F)F.OC(=O)C(F)(F)F.OC(=O)C(F)(F)F.CC[C@H](C)[C@H](NC(=O)[C@H](Cc1ccc(O)cc1)NC(=O)[C@@H](NC(=O)[C@H](CCCN\C(N)=N\C(=O)NCCCCNC(=O)CCCCC[n+]1cc(ccc1\C=C\c1cc2ccc(cc2oc1=O)N(CC)CC)S([O-])(=O)=O)NC(=O)[C@@H](N)CC(O)=O)C(C)C)C(=O)N[C@@H](Cc1cnc[nH]1)C(=O)N1CCC[C@H]1C(=O)N[C@@H](Cc1ccccc1)C(O)=O,28.0
CCc1nc2ccccc2n1Cc1ccc(cc1)-c1ccccc1S(=O)(=O)Nc1onc(C)c1C,28.0
CCCCc1nnc(NCc2ccccc2)n1Cc1ccc(NC(=O)c2ccccc2-c2nnn[nH]2)cc1,28.0
CCCCc1c(C(O)=O)c2ccccc2n1S(=O)(=O)c1ccc(C)cc1,28.0
CCc1nc2c(C)cc(C)nc2n1Cc1ccc(OC(C(O)=O)c2ccccc2)cc1,29.0
CCc1cc(OCc2ccc(cc2)-c2c(C)cccc2-c2nnn[nH]2)c2CCCCc2n1,29.0
CCCCc1nc2ccc(Cl)cc2c(=O)n1Cc1ccc(cc1)-c1ccccc1-c1nnn[nH]1,29.0
CCc1nc2c(C)cc(C)nc2n1Cc1ccc(cc1)-c1c(C(O)=O)c(nc2ccccc12)N(C)C,29.0
CCCCc1nc2ccc(Cl)cc2c(=O)n1Cc1ccc(cc1)-c1ccccc1-c1nnn[nH]1,29.0
CCCCc1nc(Cl)c(CO)n1Cc1ccc(cc1)-c1ccccc1-c1nnn[nH]1,29.0
CCc1nc2ccn(Cc3ccccc3OC(F)(F)F)c(=O)c2n1[C@H]1CCc2cc(ccc12)-c1ccccc1-c1nnn[nH]1,29.0
CCCCc1c(C(O)=O)c2ccccc2n1S(C)(=O)=O,29.0
CCCCc1nc2ccc(cc2c(=O)n1Cc1ccc(cc1)-c1ccccc1-c1nnn[nH]1)-c1ccc(Cl)cc1,30.0
CCCc1ccc2c(c1)-c1ccc(Cn3c(CCC)nc4ccc(cc4c3=O)N(CCCCCCCC(=O)NS2(=O)=O)C(=O)OCc2ccccc2)cc1,30.0
CCc1cc(OCc2ccc(cc2)-c2ccccc2-c2nnn[nH]2)c2ccccc2n1,30.0
CCCCc1nn2cc(nc2n1Cc1ccc(cc1)-c1ccccc1-c1nnn[nH]1)-c1ccccc1,30.0
CCCCc1nnc(SCc2ccccc2Cl)n1Cc1ccc(NC(=O)c2ccccc2C(O)=O)cc1,30.0
CCCCc1nnc(SCc2cccc(c2)C(=O)OC)n1Cc1ccc(NC(=O)c2ccccc2C(O)=O)cc1,30.0
CCCCC1=NC(Cl)C(CO)N1Cc1ccc(cc1)-c1ccccc1-c1nnn[nH]1,30.0
CCc1nc2c(C)cc(C)nc2n1Cc1ccc(OC(C(O)=O)c2ccccc2)c(c1)C(C)C,30.0
CCCCc1nn(CCCN(Cc2ccccc2)C(=O)OCc2ccccc2)c(=O)n1Cc1ccc(cc1)-c1ccccc1-c1nnn[nH]1,30.0
CCCCc1nn(CC(F)(F)F)c(C(=O)OCC)c1Cc1ccc(cc1)-c1ccccc1-c1nnn[nH]1,30.0
CC(=O)c1c(C)nc(C)cc1OCc1ccc(cc1)-c1ccccc1-c1nnn[nH]1,30.0
CCCCC1=NC(Cl)C(CO)N1Cc1ccc(cc1)-c1ccccc1-c1nnn[nH]1,30.0
CCCCc1nn(CC(OCC(O)=O)c2ccccc2)c(=O)n1Cc1ccc(cc1)-c1ccccc1C1=NNNN1,30.0
CCCCc1nc(c(C(O)=O)n1Cc1ccc(cc1)-c1ccccc1C(O)=O)C(C)(C)O,30.0
CCCCc1nc2ccc(cc2c(=O)n1Cc1ccc(cc1)-c1ccccc1-c1nnn[nH]1)C1CC(=NO1)C(=O)OCC,30.0
CCCCC(=O)N(Cc1ccc(cc1)-c1ccccc1-c1nnn[nH]1)C(Cc1ccc(F)cc1)C(O)=O,30.0
CCc1cc(OCc2ccc(cc2)-c2ccccc2-c2nnn[nH]2)c2ccccc2n1,30.0
CCCCN(CCCC)C(=O)CCCOC(=O)c1c(CC)nc(CCC)n1Cc1ccc(cc1)-c1ccccc1-c1nnn[nH]1,30.0
CCCc1nc(CC)c(C(=O)OCc2cccc(c2)C(=O)N(c2ccccc2)c2ccccc2)n1Cc1ccc(cc1)-c1ccccc1-c1nnn[nH]1,30.0
CCCCc1cnc(CO)n1Cc1ccc(cc1)-c1ccccc1-c1nnn[nH]1,30.0
CCCCc1nnc(SCc2ccccc2Cl)n1Cc1ccc(NC(=O)c2ccccc2C(O)=O)cc1,30.0
CCCCc1nnc(SCc2cccc(c2)C(=O)OC)n1Cc1ccc(NC(=O)c2ccccc2C(O)=O)cc1,30.0
CCCCN1C(=O)N(CCCC)\C(=C/c2cnc(CCCC)n2Cc2ccc(cc2)S(=O)(=O)NC(F)(F)F)C1=O,30.0
CCCCc1cnc(CO)n1Cc1ccc(cc1)-c1ccccc1-c1nnn[nH]1,30.2
CCCc1nc2c(C)cc(cc2n1Cc1ccc(cc1)-c1ccccc1C(O)=O)C(=O)NCc1ccc(OC)c(OC)c1,30.6
CCOC(=O)CCc1c(C)nc(CC)n(Cc2ccc(cc2)-c2ccccc2-c2nnn[nH]2)c1=O,30.74
CCCCc1nc(C)c(CC(=O)N(CC)CC)c(=O)n1Cc1ccc(cc1)-c1ccccc1-c1nnn[nH]1,30.77
CCCc1nc2c(C)cc(cc2n1Cc1ccc(cc1)-c1ccccc1C(O)=O)C(=O)NCCc1cccc(OC)c1,30.8
CCc1cc(OCc2ccc(cc2)-c2ccccc2-c2nnn[nH]2)c2ccccc2n1,31.0
CCc1nc2c(C)cc(C)nc2n1Cc1ccc(cc1)N(CC1CC1)C(C(O)=O)c1ccccc1,31.0
CCCCc1nnc(SCc2ccc(OC)cc2)n1Cc1ccc(cc1)-c1ccccc1-c1nnn[nH]1,31.0
CCc1cc(OCc2ccc(cc2)-c2ccccc2-c2nnn[nH]2)c2ccccc2n1,31.0
CCCCc1nn(-c2cccc(c2)[N+]([O-])=O)c(=O)n1Cc1ccc(cc1)-c1ccccc1S(=O)(=O)NC(=O)c1ccccc1Cl,31.0
CCCCc1ncc(\C=C(/Cc2cccs2)C(O)=O)n1Cc1ccc(C(O)=O)c2ccccc12,31.0
CCCCc1nc2ccc(cc2c(=O)n1Cc1ccc(cc1)-c1ccccc1-c1nnn[nH]1)C(C)(C)OC,31.0
CCCCc1nc2ccc(cc2c(=O)n1Cc1ccc(cc1)-c1ccccc1-c1nn[n-]n1)C(C)(C)OC,31.0
CCCCc1nn(-c2cccc(c2)[N+]([O-])=O)c(=O)n1Cc1ccc(cc1)-c1ccccc1S(=O)(=O)NC(=O)c1ccccc1Cl,31.0
OCc1c(C(O)=O)c2ccccc2n1C(=O)c1ccccc1,31.0
CCCCN1C(=O)N(CCc2ccccc2)\C(=C/c2cnc(CCCC)n2Cc2ccc(cc2)C(=O)OC)C1=O,31.0
CCCCc1ncc(C(=O)OC)n1Cc1ccc(cc1)-c1ccccc1NS(=O)(=O)NC(=O)C1CC1,32.0
CCCc1cc(Cn2c(CC)nc3c(C)cc(C)nc23)cc(CCC)c1Oc1ccccc1C(O)=O,32.0
CCCCc1nnc(SCc2cccc(C)c2)n1Cc1ccc(NC(=O)c2ccccc2C(O)=O)cc1,32.0
CCCCc1nn(Cc2c(F)c(F)c(F)c(F)c2F)c(=O)n1Cc1ccc(cc1)-c1ccccc1-c1nnn[nH]1,32.0
CCCc1nc2cccc(C(=O)OC)c2n1Cc1ccc(cc1)-n1cccc1-c1nnn[nH]1,32.0
CCCCc1nc2ccc(cc2c(=O)n1Cc1ccc(cc1)-c1ccccc1-c1nnn[nH]1)[C@@H]1C[C@H]2CCCN2O1,32.0
CCCCc1nc2ccc(cc2c(=O)n1Cc1ccc(cc1)-c1ccccc1-c1nnn[nH]1)[C@@H]1C[C@@H]2[C@H](O1)ON1C2CCC1(C)C,32.0
COc1nc2cccc(C(O)=O)c2n1Cc1ccc(cc1)-c1ccccc1-c1nnn[nH]1,32.0
Cc1nc(C)c2CCC(=O)N(Cc3ccc(cc3)-c3ccccc3-c3nnn[nH]3)c2n1,32.0
CCCCc1nc(C)c(CC(=S)N2Cc3ccccc3C2)c(=O)n1Cc1ccc(cc1)-c1ccccc1-c1noc(=O)[nH]1,32.0
OC(=O)c1c(COCc2ccccc2)n(C(=O)c2ccccc2)c2ccccc12,32.0
CCCCc1nnc(SCc2cccc(C)c2)n1Cc1ccc(NC(=O)c2ccccc2C(O)=O)cc1,32.0
CCCCC1=NC(C)(C)C(=O)N1Cc1ccc(cc1)-c1ccccc1-c1nnn[nH]1,32.0
Nc1ccc2nc(-c3ccc(cc3)-c3ccccc3C(O)=O)n(Cc3ccc(cc3)-c3ccccc3-c3nnn[nH]3)c(=O)c2c1,33.0
CCCCc1nnc(n1Cc1ccc(NC(=O)c2ccccc2-c2nnn[nH]2)cc1)S(=O)Cc1ccc(Cl)cc1,33.0
CCCCc1nn(-c2ccc(cc2)C(=O)OC)c(=O)n1Cc1ccc(cc1)-c1ccccc1-c1nnn[nH]1,33.0
CCCCc1nn(Cc2cccc3ccccc23)c(=O)n1Cc1ccc(cc1)-c1ccccc1-c1nnn[nH]1,33.0
CCCCc1nc2ccc(cc2n1Cc1ccc(cc1)-c1ccccc1C(O)=O)N(C)S(=O)(=O)CCC,33.0
CCc1nc2c(C)cc(C)nc2n1Cc1ccc(cc1)-c1c(ccc2ccccc12)C(O)=O,33.0
CCCc1nc2c(C)cc(C)nc2n1Cc1ccc(cc1)C1C(C(O)=O)C(C)(O)c2ccccc12,33.0
CCCCc1nc2cccc(C(O)=O)c2n1Cc1ccc(cc1)-n1cccc1C(O)=O,33.0
CCCCc1nc(CCCC)n(Cc2ccc(cc2)-n2cccc2-c2nnn[nH]2)n1,33.0
CCCCOC(=O)NS(=O)(=O)c1ccccc1-c1ccc(Cn2c(CC)nc3ccc(NC(=O)N4CCOCC4)cc3c2=O)c(F)c1,33.0
CCCCc1nn(-c2ccc(cc2)C(=O)OC)c(=O)n1Cc1ccc(cc1)-c1ccccc1-c1nnn[nH]1,33.0
CCCCc1nn(-c2ccc(cc2)C(=O)OC)c(=O)n1Cc1ccc(cc1)-c1ccccc1-c1nnn[nH]1,33.0
CCCc1nc2c(C)ccnc2n1Cc1ccc2SC(Sc2c1)(C(O)=O)c1ccccc1,34.0
CCc1nc2c(C)cc(C)nc2n1Cc1ccc(N(CC=C)C(C(O)=O)c2ccccc2)c(C)c1,34.0
Cc1cc(OCc2ccc(cc2)-c2ccccc2-c2nnn[nH]2)c(I)c(C)n1,34.0
CCCCc1nc2ccc(cc2n1Cc1ccc(cc1)-c1ccccc1C(O)=O)N1CCCCS1(=O)=O,34.0
CCCc1cc(=O)n(CC=C)c(=O)n1Cc1ccc(cc1)-c1ccccc1-c1nnn[nH]1,34.0
CCCc1nc2c(C)ccnc2n1Cc1ccc2SC(Sc2c1)(c1nnn[nH]1)c1ccccc1,35.0
CCCCc1nnc(SCCc2ccccc2)n1Cc1ccc(cc1)-c1ccccc1-c1nnn[nH]1,35.0
CCCCC1=NC(Cl)C(CO)N1Cc1ccc(cc1)-c1ccccc1-c1nnn[nH]1,35.0
CCCCC1=NC(C)(C)C(=O)N1Cc1ccc(cc1)-c1ccccc1C(O)=O,35.0
CCCCc1nn(CCC(C)CC(C)(C)C)c(=O)n1Cc1ccc(cc1)-c1ccccc1-c1nnn[nH]1,35.0
CCCCc1nc2ccc(cc2c(=O)n1Cc1ccc(cc1)-c1ccccc1-c1nnn[nH]1)[C@]1(CO)C[C@H]2CCCN2O1,35.0
CCCCC1=NC(C)(C)C(=O)N1Cc1ccc(cc1)-c1ccccc1C(O)=O,35.0
CCCCc1ncc(\C=C(/Cc2cccs2)C(O)=O)n1Cc1cc(Cl)c(cc1Cl)C(O)=O,35.0
CCCCc1nnc(SCCc2ccccc2)n1Cc1ccc(NC(=O)c2ccccc2-c2nnn[nH]2)cc1,35.0
CCCCN1C(=O)N(Cc2ccc(C)cc2)\C(=C/c2cnc(CCCC)n2Cc2ccc(cc2)C(=O)OC)C1=O,35.0
CCCc1nc2c(C)ccnc2n1Cc1ccc(OC(C(O)=O)c2cccc3ccccc23)cc1,36.0
CCCCc1nnc(SCC2CCCCC2)n1Cc1ccc(cc1)-c1ccccc1-c1nnn[nH]1,36.0
CCCCc1nnc(SCc2ccccc2CO)n1Cc1ccc(cc1)-c1ccccc1-c1nnn[nH]1,36.0
CCCCc1nn(C(CC(=O)OCC)C(=O)c2ccccc2)c(=O)n1Cc1ccc(cc1)-c1ccccc1-c1nnn[nH]1,36.0
CCCCC1=NC(Cl)C(CO)N1Cc1ccc(cc1)-c1ccccc1-c1nnn[nH]1,36.0
CCCCc1nc2c(C)cnc(C(O)=O)c2n1Cc1ccc(cc1)-c1ccccc1-c1nnn[nH]1,36.0
CCCCc1nnc(SCc2ccccc2CO)n1Cc1ccc(NC(=O)c2ccccc2-c2nnn[nH]2)cc1,36.0
CCCCc1ncc(\C=C2/N(Cc3csc(C)n3)C(=O)N(CO)C2=O)n1Cc1ccc(cc1)C(=O)OC,36.0
CCCCc1nnc(SCC2CCCCC2)n1Cc1ccc(NC(=O)c2ccccc2-c2nnn[nH]2)cc1,36.0
CCCCc1nn(CC#N)c(=O)n1Cc1ccc(cc1)-c1ccccc1-c1nnn[nH]1,37.0
CCCCc1nc(Cl)c(C(O)=O)n1Cc1ccc(cc1)-c1ccccc1-c1nnn[nH]1,37.0
CCCCc1nn(c(C(=O)OCC)c1Cc1ccc(cc1)-c1ccccc1-c1nnn[nH]1)-c1c(Cl)cc(Cl)cc1Cl,37.0
CCc1nc(c(C(O)=O)n1Cc1ccc(cc1)-c1ccccc1C(O)=O)C(C)(C)O,37.0
CCCCc1nc(Cl)c(C(O)=O)n1Cc1ccc(cc1)-c1ccccc1-c1nnn[nH]1,37.0
CCc1nn(Cc2ccc(cc2)-c2ccccc2-c2nnn[nH]2)c(=NC(=O)c2ccccc2)s1,37.0
CCc1nc2ccn(Cc3cccc(C)c3)c(=O)c2n1[C@H]1CCc2cc(ccc12)-c1ccccc1-c1nnn[nH]1,37.0
CCCc1nc2c(C)cc(cc2n1Cc1ccc(cc1)-c1ccccc1-c1nnn[nH]1)C(=O)NCCc1ccccc1F,37.6
CCCc1nc2c(C)ccnc2n1Cc1ccc(OC(C(O)=O)c2ccccc2OC)cc1,38.0
CCCCC1=NC2(CCC2)C(=O)N1Cc1ccc(cc1)-c1ccccc1C(O)=O,38.0
Cc1nc(C)c2CCC(=O)N(Cc3ccc(cc3)-c3ccccc3-c3nnn[nH]3)c2n1,38.0
CCCCc1nc2ccc(cc2c(=O)n1Cc1ccc(cc1)-c1ccccc1-c1nnn[nH]1)[C@@H]1C[C@H]2CCCCN2O1,38.0
CCCCc1nc2ccc(cc2c(=O)n1Cc1ccc(cc1)-c1ccccc1-c1nnn[nH]1)[C@H]1OC[C@@H]2ON3[C@@H](CCC3(C)C)[C@H]12,38.0
CCc1nc2ccn(Cc3ccccc3F)c(=O)c2n1[C@H]1CCc2cc(ccc12)-c1ccccc1-c1nnn[nH]1,38.0
CCCCc1nc2ccc(cc2c(=O)n1Cc1ccc(cc1)-c1ccccc1-c1nn[n-]n1)C1(C)CC2CCCN2O1,38.0
CCCCc1nc2ccc(cc2c(=O)n1Cc1ccc(cc1)-c1ccccc1-c1nn[n-]n1)C1(C)CC2CCCN2O1,38.0
CCCCc1nc(C)c(CC(=S)N2CCCCC2)c(=O)n1Cc1ccc(cc1)-c1ccccc1-c1noc(=O)[nH]1,38.0
CCCCc1ncc(C(=O)OC)n1Cc1ccc(cc1)-c1ccccc1S(=O)(=O)NC(=O)C1CC1,39.0
CCCNc1nc2cccc(C(O)=O)c2n1Cc1ccc(cc1)-c1ccccc1-c1nnn[nH]1,39.0
CCCCc1nc2ccc(cc2c(=O)n1Cc1ccc(cc1)-c1ccccc1-c1nnn[nH]1)[C@@H]1C[C@H]2CCC(C)(C)N2O1,39.0
CCCc1nc2c(C)cc(cc2n1Cc1ccc(cc1)-c1ccccc1-c1nnn[nH]1)C(=O)N[C@@H](COC)c1ccccc1,39.0
CCCCn1n(Cc2ccc(cc2)-c2ccccc2-c2nnn[nH]2)c(=O)c2cccnc12,39.0
CCCc1nc2c(C)cc(cc2n1Cc1ccc(cc1)-c1ccccc1C(O)=O)C(=O)Nc1ccc(C)cc1,39.0
COc1ccc2CN([C@@H](Cc2c1OCc1ccccc1)C(O)=O)C(=O)C(c1ccccc1)c1ccccc1,39.0
CCCCC1=NC(Cl)C(CO)N1Cc1ccc(cc1)-c1ccccc1-c1nnn[nH]1,40.0
CC(Oc1cc(C)nc2ccccc12)c1ccc(cc1)-c1ccccc1-c1nnn[nH]1,40.0
CCCCc1nnc(n1Cc1ccc(cc1)-c1ccccc1-c1nnn[nH]1)S(=O)Cc1ccccc1C(=O)OC,40.0
CCCCC1=NC(Cl)C(CO)N1Cc1ccc(cc1)-c1ccccc1-c1nnn[nH]1,40.0
CCCc1cc(=O)n(CCNC(C)=O)c(=O)n1Cc1ccc(cc1)-c1ccccc1-c1nnn[nH]1,40.0
CCOC(=O)\C=C1/CC2(CCCCC2)CC(=O)N1Cc1ccc(cc1)-c1ccccc1-c1nnn[nH]1,40.0
CCCc1nc(CC)c(C(=O)OCC#CC(=O)N(c2ccccc2)c2ccccc2)n1Cc1ccc(cc1)-c1ccccc1-c1nnn[nH]1,40.0
CCCc1nc2c(C)cc(cc2n1Cc1ccc(cc1)-c1ccccc1C(O)=O)C(=O)NC[C@@H](C)c1ccccc1,40.0
CCCCc1nnc([S+]([O-])Cc2ccccc2C(=O)OC)n1Cc1ccc(NC(=O)c2ccccc2-c2nnn[nH]2)cc1,40.0
CCCCc1nc(Cl)c(CO)n1Cc1ccc(cc1)-c1ccccc1-c1nnn[nH]1,40.0
CCCCCCN1C(=O)N(CCCC)C(=O)\C1=C\c1cnc(CCCC)n1Cc1ccc(cc1)C(=O)OC,40.0
CCCCc1nc(c(C(=O)OCC)n1Cc1ccc(cc1)-c1ccccc1-c1nnn[nH]1)-c1ccccc1,41.0
CCCCc1nc2c(C)cc(C)nc2n1Cc1ccc(cc1)-c1c(cnc2ccccc12)C(O)=O,41.0
CCCc1nc2cccc(C(=O)OCC)c2n1Cc1ccc(cc1)-n1cccc1-c1nnn[nH]1,41.0
CCc1nc2ccn(CC3CCCCC3)c(=O)c2n1[C@H]1CCc2cc(ccc12)-c1ccccc1-c1nnn[nH]1,41.0
CCCc1nc2c(C)ccnc2n1Cc1ccc(OC(C(O)=O)c2ccccc2)cc1,42.0
CC(C)c1nc2ccc(cc2c(=O)n1Cc1ccc(cc1)-c1ccccc1-c1nnn[nH]1)N(Cc1ccccc1)C(=O)c1cccs1,42.0
CCCCc1nnc(SCc2ccc(cc2)C(F)(F)F)n1Cc1ccc(NC(=O)c2ccccc2C(O)=O)cc1,42.0
CCCCc1n[nH]c(=O)n1Cc1ccc(cc1)-c1ccccc1-c1nnn[nH]1,42.0
CCNc1nc2cccc(C(O)=O)c2n1Cc1ccc(cc1)-c1ccccc1-c1nc(=O)o[nH]1,42.0
CCCCc1nc2ccc(cc2c(=O)n1Cc1ccc(cc1)-c1ccccc1-c1nnn[nH]1)[C@@H]1[C@H]2[C@H](CCC2=O)ON1C,42.0
CCCCc1nc2ccc(cc2c(=O)n1Cc1ccc(cc1)-c1ccccc1-c1nnn[nH]1)[C@@H]1C[C@H]2CCCCN1O2,42.0
CCCCc1nnc(SCc2ccc(cc2)C(F)(F)F)n1Cc1ccc(NC(=O)c2ccccc2C(O)=O)cc1,42.0
CCCCN1C(=O)N(Cc2nn[nH]n2)\C(=C/c2cnc(CCCC)n2Cc2ccc(cc2)C(=O)OC)C1=O,42.0
CCCCc1nn(-c2cccc(c2)[N+]([O-])=O)c(=O)n1Cc1ccc(cc1)-c1ccccc1-c1nnn[nH]1,43.0
CCCCc1nn(c(=O)n1Cc1ccc(cc1)-c1ccccc1-c1nnn[nH]1)C(C)(C)C(=O)c1ccccc1,43.0
CCCCc1nc2ccc(cc2c(=O)n1Cc1ccc(cc1)-c1ccccc1-c1nnn[nH]1)[C@H]1C[C@H](CO)ON1C,43.0
[Br-].CCCCc1c(Br)[n+](Cc2ccc(cc2)-c2ccccc2-c2nn[nH]n2)c(CO)n1Cc1ccc(cc1)-c1ccccc1-c1nn[nH]n1,43.0
CCCCc1nn(-c2cccc(c2)[N+]([O-])=O)c(=O)n1Cc1ccc(cc1)-c1ccccc1-c1nnn[nH]1,43.0
CCCCc1nn(-c2cccc(c2)[N+]([O-])=O)c(=O)n1Cc1ccc(cc1)-c1ccccc1-c1nnn[nH]1,43.0
CCc1nc2c(C)cc(C)nc2n1Cc1ccc(cc1)-c1cc(sc1S(=O)(=O)NC(=O)c1ccccc1)[Si](C)(C)C,44.0
OCc1nc(CO)c2ccc(=O)n(Cc3ccc(cc3)-c3ccccc3-c3nnn[nH]3)c2n1,44.0
Cc1nc2N(Cc3ccc(cc3)-c3ccccc3-c3nnn[nH]3)C(=O)CCc2c(n1)C(O)=O,44.0
CCCCc1cc(=O)n(C)c(=O)n1Cc1ccc(cc1)-c1ccccc1-c1nnn[nH]1,44.0
OCc1nc(CO)c2ccc(=O)n(Cc3ccc(cc3)-c3ccccc3-c3nnn[nH]3)c2n1,44.0
OCc1nc2N(Cc3ccc(cc3)-c3ccccc3-c3nnn[nH]3)C(=O)CCc2c(n1)C(O)=O,44.0
CCCCc1nc(CCC)c(CCC(=O)OCC)c(=O)n1Cc1ccc(cc1)-c1ccccc1-c1nnn[nH]1,44.49
CCCc1nc2c(C)ccnc2n1Cc1ccc2OC(Oc2c1)(c1nnn[nH]1)c1ccccc1,45.0
CCCCc1nn(CC(OCCC)c2ccccc2)c(=O)n1Cc1ccc(cc1)-c1ccccc1-c1nnn[nH]1,45.0
CCc1nc2ccn(Cc3cccnc3)c(=O)c2n1[C@H]1CCc2cc(ccc12)-c1ccccc1-c1nnn[nH]1,45.0
Cc1noc(NS(=O)(=O)c2ccccc2-c2ccc(Cn3c(C)nc4ccccc34)cc2)c1C,45.0
CCCc1nc(C(C)C)c(C(O)=O)n1Cc1ccc(cc1)-c1ccccc1-c1nnn[nH]1,46.0
CCCCc1nc2ccc(cc2c(=O)n1Cc1ccc(cc1)-c1ccccc1-c1nnn[nH]1)[C@@]1(C[C@H]2CCCN2O1)C(O)=O,46.0
CCc1nc2cccc(C(O)=O)c2n1Cc1ccc(cc1)-c1ccccc1-c1nnn[nH]1,46.0
CCCCC1=NC2(CCOCC2)C(=O)N1Cc1ccc(cc1)-c1ccccc1C(O)=O,47.0
CCCCc1nc2ccc(cc2c(=O)n1Cc1ccc(cc1)-c1ccccc1-c1nnn[nH]1)[C@]1(C)C[C@H]2CCCCN2O1,47.0
CCc1nc2c(C)cc(C)nc2n1Cc1ccc2N(CCc2c1)C(=O)c1ccccc1C(O)=O,48.0
CCCCc1nnc(n1Cc1ccc(cc1)-c1ccccc1-c1nnn[nH]1)S(=O)(=O)Cc1ccc(Cl)cc1,48.0
CCCc1cn2ncc(C(O)=O)c2n1Cc1ccc(cc1)-c1ccccc1-c1nnn[nH]1,48.0
CCCCc1nnc(n1Cc1ccc(NC(=O)c2ccccc2-c2nnn[nH]2)cc1)S(=O)(=O)Cc1ccc(Cl)cc1,48.0
CCCCc1ncc(\C=C2/N(Cc3csc(C)n3)C(=O)N(CCCO)C2=O)n1Cc1ccc(cc1)C(=O)OC,48.0
CCCCc1ncc(\C=C2/N(Cc3csc(C)n3)C(=O)N(COC)C2=O)n1Cc1ccc(cc1)C(=O)OC,48.0
CCCCc1ncc(CN[C@@H](Cc2c[nH]c3ccccc23)C(O)=O)n1Cc1ccc(cc1)C(O)=O,48.3
CCCCc1nnc(SCc2ccc3ccccc3c2)n1Cc1ccc(NC(=O)c2ccccc2C(O)=O)cc1,49.0
CCCCC1=NC2(CCN(CC2)C(=O)c2ccccc2)C(=O)N1Cc1ccc(cc1)-c1ccccc1C(O)=O,49.0
CCCCc1nnc(SCc2ccc3ccccc3c2)n1Cc1ccc(NC(=O)c2ccccc2C(O)=O)cc1,49.0
CCCCc1nc(Cl)c(CO)n1Cc1ccc(cc1)-c1ccccc1-n1cnnn1,50.0
CCCCC1=NC(Cl)C(CO)N1Cc1ccc(cc1)-c1ccccc1-c1nnn[nH]1,50.0
CC(=O)Nc1ccc2nc(-c3ccc(cc3)-c3ccccc3C(O)=O)n(Cc3ccc(cc3)-c3ccccc3-c3nnn[nH]3)c(=O)c2c1,50.0
CCCCC1=NC(Cl)C(CO)N1Cc1ccc(cc1)-c1ccccc1-c1nnn[nH]1,50.0
CCCCc1nnc(n1Cc1ccc(cc1)-c1ccccc1-c1nnn[nH]1)S(=O)Cc1ccc(OC)cc1,50.0
CCc1nc2c(C)cc(C)nc2n1Cc1ccc(OC(C(O)=O)c2ccccc2)c(c1)C(C)(C)C,50.0
CCCCc1nn(COc2ccc(Cl)cc2)c(=O)n1Cc1ccc(cc1)-c1ccccc1-c1nnn[nH]1,50.0
CCCCC1=NC(Cl)C(CO)N1Cc1ccc(cc1)-c1ccccc1-c1nnn[nH]1,50.0
CCc1cc(OCc2ccc(cc2)-c2ccccc2-c2nnn[nH]2)c2CCCCc2n1,50.0
COC(=O)c1c(C)nc(C)cc1OCc1ccc(cc1)-c1ccccc1-c1nnn[nH]1,50.0
CCCCc1nn(Cc2cccc3ccccc23)c(=O)n1Cc1ccc(cc1)-c1ccccc1-c1nnn[nH]1,50.0
CCCc1nc(C(C)=C)c(C(O)=O)n1Cc1ccc(cc1)-c1ccccc1-c1nnn[nH]1,50.0
CCCCc1nn(-c2ccccc2C(O)=O)c(=O)n1Cc1ccc(cc1)-c1ccccc1-c1nnn[nH]1,50.0
CCCCc1nn(C(C(O)=O)c2ccccc2)c(=O)n1Cc1ccc(cc1)-c1ccccc1-c1nnn[nH]1,50.0
CCCCc1nnc(n1Cc1ccc(NC(=O)c2ccccc2-c2nnn[nH]2)cc1)S(=O)Cc1ccc(OC)cc1,50.0
CCc1nc2c(C)cc(C)nc2n1Cc1ccc(Oc2ccccc2NS(=O)(=O)C(F)(F)F)cc1,51.0
CCCc1nc(c(C(O)=O)n1Cc1ccc(cc1)-c1ccccc1C(O)=O)C(C)(O)CC,51.0
CCCCc1nn(C(C(C)C)C(=O)OC)c(=O)n1Cc1ccc(cc1)-c1ccccc1-c1nnn[nH]1,52.0
CCc1nc2c(C)cc(C)nc2n1Cc1ccc(cc1)-c1c(C(O)=O)c2nnnn2c2ccccc12,52.0
CCCCc1nc(CCCC)n(Cc2ccc(cc2)-n2c(Cl)cc(Cl)c2-c2nnn[nH]2)n1,52.0
CCCCC1=NC(CC)(C2CCCCC2)C(=O)N1Cc1ccc(cc1)-c1ccccc1C(O)=O,52.0
CCCc1nc2c(C)cc(cc2n1Cc1ccc(cc1)-c1ccccc1C(O)=O)C(=O)NCc1ccccc1,52.5
CCCCC1=NC2(CCCC2)CC(=O)N1Cc1ccc(cc1)-c1ccccc1C(O)=O,53.0
CCCCc1nc2ccc(cc2c(=O)n1Cc1ccc(cc1)-c1ccccc1-c1nnn[nH]1)[C@H]1OC[C@@H]2[C@H]3CCC(C)(C)N3O[C@H]12,53.0
CCCCCn1n(Cc2ccc(cc2)-c2ccccc2-c2nnn[nH]2)c2ncccc2c1=O,53.0
CCc1cc(OCc2ccc(cc2)-c2ccc(C)cc2-c2nnn[nH]2)c2CCCCc2n1,54.0
CCCCC1=NC(Cl)C(CO)N1Cc1ccc(cc1)-c1ccccc1-c1nnn[nH]1,54.0
CCCCC1=NC(Cl)C(CO)N1Cc1ccc(cc1)-c1ccccc1-c1nnn[nH]1,54.0
CCCc1nc(C)cc(OCc2ccc(cc2)-c2ccccc2-c2nnn[nH]2)c1C(=O)OC,54.0
CCCCC1=NC(Cl)C(CO)N1Cc1ccc(cc1)-c1ccccc1-c1nnn[nH]1,54.0
CCCCc1nc2c(C)cncc2n1Cc1ccc(cc1)-c1ccccc1-c1nnn[nH]1,54.0
CCCCc1nn2cc(C)nc2n1Cc1ccc(cc1)-c1ccccc1-c1nnn[nH]1,55.0
CCCCc1nn2cc(CC)nc2n1Cc1ccc(cc1)-c1ccccc1-c1nnn[nH]1,55.0
CCCCc1nn(c(C(=O)OCC)c1Cc1ccc(cc1)-c1ccccc1-c1nnn[nH]1)-c1cccc(Cl)c1,55.0
CCCc1cc(=O)n(C)c(=O)n1Cc1ccc(cc1)-c1ccccc1-c1nnn[nH]1,55.0
CCCCc1nc2ccc(cc2c(=O)n1Cc1ccc(cc1)-c1ccccc1-c1nnn[nH]1)[C@@]1(C)C[C@H]2CCCN2O1,55.0
CCCCN1C(=O)N(Cc2c[nH]cn2)\C(=C/c2cnc(CCCC)n2Cc2ccc(cc2)C(=O)OC)C1=O,55.0
CCCc1nc2c(C)ccnc2n1Cc1ccc2OC(Oc2c1)(C(O)=O)c1ccccc1,56.0
CCCCc1nc2ccn(CC(O)=O)c(=O)c2n1Cc1ccc(cc1)-c1ccccc1-c1nnn[nH]1,56.0
CCCc1nn(c(C(=O)OCC)c1Cc1ccc(cc1)-c1ccccc1-c1nnn[nH]1)-c1ccccc1C(F)(F)F,56.0
CCCCC1=NC(CC)(CC)C(=O)N1Cc1ccc(cc1)-c1ccccc1C(O)=O,56.0
CCCCC1=NC(CC)(CC)C(=O)N1Cc1ccc(cc1)-c1ccccc1C(O)=O,56.0
CCCCc1nc2ccc(cc2c(=O)n1Cc1ccc(cc1)-c1ccccc1-c1nnn[nH]1)[C@@]1(C[C@H]2CCCN2O1)c1ccccc1,56.0
CCCCc1nc2ccc(cc2c(=O)n1Cc1ccc(cc1)-c1ccccc1-c1nnn[nH]1)C1=NN2CCCCC2C1,56.0
CCc1nc2c(C)cc(C)nc2n1Cc1ccc(cc1)-c1ccccc1N1NC(=NS1=O)c1ccccc1,57.0
CCCc1nc2c(C)ccnc2n1Cc1ccc(OC(C(O)=O)c2ccccc2[N+]([O-])=O)cc1,57.0
CCCCc1nnc(C(=O)NCc2ccccc2)n1Cc1ccc(cc1)-c1ccccc1-c1nnn[nH]1,57.0
CCCCc1nc2ccc(cc2c(=O)n1Cc1ccc(cc1)-c1ccccc1-c1nnn[nH]1)[C@@]1(C[C@H]2CCCN2O1)C(=O)N(C)C,57.0
CCOc1nc2c(C)cc(cc2n1Cc1ccc(cc1)-c1ccccc1C(O)=O)C(=O)NC[C@@H](C)c1ccccc1,57.0
CCCCc1nnc(C(=O)NCc2ccccc2)n1Cc1ccc(NC(=O)c2ccccc2-c2nnn[nH]2)cc1,57.0
CCCc1nc2c(C)cc(cc2n1Cc1ccc(cc1)-c1ccccc1C(O)=O)C(=O)NCCc1ccc(OC)c(OC)c1,57.6
CCCc1nc(CO)c(C(O)=O)n1Cc1ccc(cc1)-c1ccccc1C(O)=O,58.0
CCCc1nc(CO)c(C(O)=O)n1Cc1ccc(cc1)-c1ccccc1C(O)=O,58.0
CCCCc1nc2ccc(cc2c(=O)n1Cc1ccc(cc1)-c1ccccc1-c1nnn[nH]1)[C@@]1(CC)C[C@H]2CCCN2O1,58.0
CCCc1nc2c(C)cc(cc2n1Cc1ccc(cc1)-c1ccccc1C(O)=O)C(=O)N[C@H](COC)c1ccccc1,58.0
CCCCc1nn(-c2ccccc2)c(=O)n1Cc1ccc(cc1)-c1ccccc1-c1nnn[nH]1,59.0
CCCCC1=NC2(CCN(CC2)C(=O)CC(O)=O)C(=O)N1Cc1ccc(cc1)-c1ccccc1C(O)=O,59.0
CCNC(=O)Nc1ccc2nc(CC)n(Cc3ccc(cc3F)-c3ccccc3S(=O)(=O)NC(=O)c3ccccc3F)c(=O)c2c1,59.0
CCCc1nc2c(C)ccnc2n1Cc1ccc(OC(C(O)=O)c2cccc(Cl)c2)cc1,60.0
CCCc1nc2c(C)ccnc2n1Cc1ccc(cc1)-c1cccnc1-c1nnn[nH]1,60.0
CCCCc1nnc(Sc2ccccc2)n1Cc1ccc(NC(=O)c2ccccc2C(O)=O)cc1,60.0
CCc1cc(OCc2ccc(cc2)-c2ccccc2-c2nnn[nH]2)c2c(cccc2n1)C#N,60.0
CCCCc1nnc(SCc2ccccc2C#N)n1Cc1ccc(NC(=O)c2ccccc2C(O)=O)cc1,60.0
CCCCc1n[nH]c(=O)n1Cc1ccc(cc1)-c1ccccc1-c1nnn[nH]1,60.0
CCCCc1nn(CCCN(C)C(=O)OCc2ccccc2)c(=O)n1Cc1ccc(cc1)-c1ccccc1-c1nnn[nH]1,60.0
CCCCC1=NC2(Cc3ccccc3C2)C(=O)N1Cc1ccc(cc1)-c1ccccc1C(O)=O,60.0
CCCc1nc2c(C)ccnc2n1Cc1ccc(cc1)-c1cccnc1-c1nnn[nH]1,60.0
CCCc1ncc(C(O)=O)n1Cc1ccc(cc1)-c1ccccc1C(O)=O,60.0
CCCCc1nc2c(C)cc(C)nc2n1Cc1ccc(NC(=O)[C@H](Cc2ccccc2)n2cccc2C(O)=O)cc1,60.0
CCCCC(=O)N(Cc1ccc(cc1)-c1ccccc1-c1nnn[nH]1)[C@@H](C(C)C)C(=O)OC,60.0
CCOC(=O)\C=C1/N(Cc2ccc(cc2)-c2ccccc2-c2nnn[nH]2)C(=O)CC1(C)CC,60.0
CCOC(=O)\C=C1/N(Cc2ccc(cc2)-c2ccccc2-c2nnn[nH]2)C(=O)CC11CCCCCC1,60.0
CCCCC(=O)N(Cc1ccc(cc1)-c1ccccc1-c1nnn[nH]1)[C@@H](CC1CCCCC1)C(O)=O,60.0
CCCCc1n[nH]c(=O)n1Cc1ccc(cc1)-c1ccccc1-c1nnn[nH]1,60.0
CCCCc1n[nH]c(=O)n1Cc1ccc(cc1)-c1ccccc1-c1nnn[nH]1,60.0
CCCCc1nnc(Sc2ccccc2)n1Cc1ccc(NC(=O)c2ccccc2C(O)=O)cc1,60.0
CCCCc1nnc(SCc2ccccc2C#N)n1Cc1ccc(NC(=O)c2ccccc2C(O)=O)cc1,60.0
CCCCc1nc2ccc(cc2c(=O)n1Cc1ccc(cc1)-c1ccccc1-c1nnn[nH]1)C1(C[C@H]2CCCN2O1)C(=O)N1CCCCC1,61.0
CCCCc1nc2ccc(cc2c(=O)n1Cc1ccc(cc1)-c1ccccc1-c1nnn[nH]1)[C@@H]1C[C@H](CO)ON1C,61.0
CCCSc1nc2c(C)cc(cc2n1Cc1ccc(cc1)-c1ccccc1C(O)=O)C(=O)NC[C@H](C)c1ccccc1,61.0
CCCCc1nc(Cl)c(CO)n1Cc1ccc(cc1)-c1ccccc1-c1nnn[nH]1,61.12
CCc1nc2c(C)cc(C)nc2n1Cc1ccc(OC(C(O)=O)c2ccccc2)c(c1)C(C)=O,62.0
CCCCC1=NC2(C3CC4CC(C3)CC2C4)C(=O)N1Cc1ccc(cc1)-c1ccccc1C(O)=O,62.0
CCCc1cc2ncnn2c(=O)n1Cc1ccc(cc1)-c1ccccc1-c1nnn[nH]1,62.0
CCNc1nc2cccc(C(O)=O)c2n1Cc1ccc(cc1)-c1ccccc1-c1nnn[nH]1,62.0
CCCCc1nnc(OCCc2ccccc2)n1Cc1ccc(cc1)-c1ccccc1-c1nnn[nH]1,63.0
CCCCc1cn(Cc2ccc(cc2)-c2ccccc2-c2nnn[nH]2)c(CCCC)n1,63.0
CCc1nc2ccn(Cc3c(C)noc3C)c(=O)c2n1[C@H]1CCc2cc(ccc12)-c1ccccc1-c1nnn[nH]1,63.0
CCCCc1nnc(OCCc2ccccc2)n1Cc1ccc(NC(=O)c2ccccc2-c2nnn[nH]2)cc1,63.0
CCc1nc2ccn(Cc3ccccn3)c(=O)c2n1[C@H]1CCc2cc(ccc12)-c1ccccc1-c1nnn[nH]1,64.0
CCCc1nc2c(C)ccnc2n1Cc1ccc(OC(C(O)=O)c2ccccc2)cc1,65.0
CCCCc1nc2ccc(cc2c(=O)n1Cc1ccc(cc1)-c1ccccc1-c1nnn[nH]1)[C@@H]1C[C@@]2(C)CCCCN2O1,65.0
CCCCc1nc2ccc(cc2c(=O)n1Cc1ccc(cc1)-c1ccccc1-c1nnn[nH]1)[C@]1(C)C[C@H]2CCC(C)(C)N2O1,65.0
CCCCc1nc(CO)c(C(O)=O)n1Cc1ccc(cc1)-c1ccccc1C(O)=O,65.0
CCc1nc2ccc(NC(=O)N(C)C(C)C)cc2c(=O)n1Cc1ccc(cc1F)-c1ccccc1S(=O)(=O)NC(=O)COCC(C)C,65.0
CCc1cc(OCc2ccc(cc2)-c2ccccc2-c2nnn[nH]2)c2cc(ccc2n1)C(=O)OC,66.0
CCN(C(C(O)=O)c1cccc(C)c1)c1ccc(Cn2c(CC)nc3c(C)cc(C)nc23)cc1,66.0
CCCCC1=NC2(CCC(C)CC2)C(=O)N1Cc1ccc(cc1)-c1ccccc1C(O)=O,66.0
CCCNc1nc2ccccc2c(-c2ccc(Cn3c(CC)nc4c(C)cc(C)nc34)cc2)c1C(O)=O,66.0
CCOc1nc2cccc(C(=O)OC)c2n1Cc1ccc(cc1)-c1ccccc1-c1nnn[nH]1,66.0
CCc1cc(OCc2ccc(cc2)-c2cc(OC)ccc2-c2nnn[nH]2)c2CCCCc2n1,67.0
CCc1nc2ccn(Cc3cccc(F)c3)c(=O)c2n1[C@H]1CCc2cc(ccc12)-c1ccccc1-c1nnn[nH]1,67.0
CCCCc1nn(C(C(O)=O)c2ccccc2)c(=O)n1Cc1ccc(cc1)-c1ccccc1-c1nnn[nH]1,68.0
CCCCc1nc2ccc(cc2c(=O)n1Cc1ccc(cc1)-c1ccccc1-c1nnn[nH]1)[C@H]1[C@H]2[C@H](COC2=O)ON1C,68.0
CCCCc1nn(C(C(O)=O)c2ccccc2)c(=O)n1Cc1ccc(cc1)-c1ccccc1-c1nnn[nH]1,68.0
CCCCc1nn(C(C(O)=O)c2ccccc2)c(=O)n1Cc1ccc(cc1)-c1ccccc1-c1nnn[nH]1,68.0
CCc1nc2c(C)cc(C)nn2c1Cc1ccc(OC(C(O)=O)c2ccccc2)cc1,69.0
CCCCc1nn(-c2ccc(Cl)cc2)c(=O)n1Cc1ccc(cc1)-c1ccccc1-c1nnn[nH]1,69.0
CCCCc1nc2ccc(cc2c(=O)n1Cc1ccc(cc1)-c1ccccc1-c1nnn[nH]1)C1(C[C@H]2CCCN2O1)C(=O)N1CCCC1,69.0
CCCCc1nc2ccc(cc2c(=O)n1Cc1ccc(cc1)-c1ccccc1-c1nnn[nH]1)[C@H]1ON2CCCC2C1C(=O)OCC,69.0
CCCCc1nn(-c2ccc(Cl)cc2)c(=O)n1Cc1ccc(cc1)-c1ccccc1-c1nnn[nH]1,69.0
CCCCc1nn(-c2ccc(Cl)cc2)c(=O)n1Cc1ccc(cc1)-c1ccccc1-c1nnn[nH]1,69.0
CCc1cc(OCc2ccc(cc2)-c2ccccc2-c2nnn[nH]2)c2cc(OCCF)ccc2n1,70.0
CCc1nc2c(C)cc(C)nc2n1Cc1ccc(N(C)C(C(O)=O)c2ccccc2)c(C)c1,70.0
CCCCc1nnc(SCCc2ccccc2)n1Cc1ccc(NC(=O)c2ccccc2C(O)=O)cc1,70.0
CCCCc1nn(C)c(=O)n1Cc1ccc(cc1)-c1ccccc1-c1nnn[nH]1,70.0
CCCCc1nn(C(C(C)C)C(O)=O)c(=O)n1Cc1ccc(cc1)-c1ccccc1-c1nnn[nH]1,70.0
CCCCc1nc2ccc(cc2c(=O)n1Cc1ccc(cc1)-c1ccccc1-c1nnn[nH]1)[C@@]1(C)C[C@H]2CCC(C)(C)N2O1,70.0
CCCCc1nc2ccc(cc2c(=O)n1Cc1ccc(cc1)-c1ccccc1-c1nnn[nH]1)C1CC(=NO1)c1ccc(C)cc1,70.0
CCCc1nc2c(C)cc(cc2n1Cc1ccc(cc1)-c1ccccc1C(O)=O)C(=O)N[C@@H](COC)c1ccccc1,70.0
CCCCn1n(Cc2ccc(cc2)-c2ccccc2-c2nnn[nH]2)c2ncc(F)cc2c1=O,70.0
CCCCc1nnc(SCCc2ccccc2)n1Cc1ccc(NC(=O)c2ccccc2C(O)=O)cc1,70.0
CCCCc1nn(C)c(=O)n1Cc1ccc(cc1)-c1ccccc1-c1nnn[nH]1,70.0
CCCCc1nn(C)c(=O)n1Cc1ccc(cc1)-c1ccccc1-c1nnn[nH]1,70.0
CCCCc1nc(C)c(CC(=S)N2CC[C@@H]3CCCC[C@@H]23)c(=O)n1Cc1ccc(cc1)-c1ccccc1-c1noc(=O)[nH]1,70.0
CCCCc1ncc(\C=C2/N(Cc3csc(C)n3)C(=O)N(CCCC(F)(F)F)C2=O)n1Cc1ccc(cc1)C(=O)OC,70.0
CCCCC1=NCC2(CCCC2)C(=O)N1Cc1ccc(cc1)-c1ccccc1C(O)=O,71.0
CCCCc1nnc(SCC(C)C)n1Cc1ccc(cc1)-c1ccccc1-c1nnn[nH]1,72.0
CCc1nc2ccc(cc2c(=O)n1Cc1ccc(cc1)-c1ccccc1-c1nnn[nH]1)N(Cc1ccccc1)C(=O)c1ccccc1,72.0
CCCCc1nc(CCCC)n(Cc2ccc(cc2)-n2c(F)ccc2-c2nnn[nH]2)n1,72.0
CCCCc1nnc(SCC(C)C)n1Cc1ccc(NC(=O)c2ccccc2-c2nnn[nH]2)cc1,72.0
CCc1nc2c(C)cc(C)nc2n1Cc1ccc(cc1)-c1c(C(O)=O)c(OC)nc2ccccc12,74.0
CCCSc1nnc(CCc2ccccc2)n1Cc1ccc(NC(=O)c2ccccc2C(O)=O)cc1,75.0
CCCSc1nnc(CCc2ccccc2)n1Cc1ccc(NC(=O)c2ccccc2C(O)=O)cc1,75.0
CCCCc1nn(CC(F)(F)F)c(=O)n1Cc1ccc(cc1)-c1ccccc1-c1nnn[nH]1,76.0
CCOC(=O)c1c(Cc2ccc(cc2)-c2ccccc2-c2nnn[nH]2)c(CC2CC2)nn1-c1c(Cl)cccc1Cl,76.0
CCCc1nn(CC(F)(F)F)c(C(=O)OCC)c1Cc1ccc(cc1)-c1ccccc1-c1nnn[nH]1,76.0
CCCCc1nc2ccc(cc2c(=O)n1Cc1ccc(cc1)-c1ccccc1-c1nnn[nH]1)[C@@H]1C[C@@H]2[C@@H](ON=C2c2ccccc2)O1,76.0
CCCCn1n(Cc2ccc(cc2)-c2ccccc2-c2nnn[nH]2)c2ncc(Cl)cc2c1=O,76.0
CCCc1nc2c(C)ccnc2n1Cc1ccc(OC(c2nnn[nH]2)c2ccccc2)cc1,77.0
CCCCc1nc2ccc(cc2c(=O)n1Cc1ccc(cc1)-c1ccccc1-c1nn[n-]n1)C1(C)CC2CCCN2O1,77.0
CCCCc1nn(-c2ccccc2C(F)(F)F)c(=O)n1Cc1ccc(cc1)-c1ccccc1S(=O)(=O)Nc1ccc(cc1)[N+]([O-])=O,78.0
CCCc1nc2c(C)cc(cc2n1Cc1ccc(cc1)-c1ccccc1-c1nnn[nH]1)C(=O)NCCc1cc(OC)ccc1OC,78.0
CCCc1nc2c(C)cc(cc2n1Cc1ccc(cc1)-c1ccccc1-c1nnn[nH]1)C(=O)NCc1cccc(OC)c1,78.3
CCc1nc2ccc(cc2c(=O)n1Cc1ccc(cc1)-c1ccccc1-c1nnn[nH]1)N(CC=C(C)C)C(=O)c1ccccc1,79.0
CCCCc1nn(-c2ccccn2)c(=O)n1Cc1ccc(cc1)-c1ccccc1-c1nnn[nH]1,79.0
CCCCc1nc2ccc(cc2c(=O)n1Cc1ccc(cc1)-c1ccccc1-c1nnn[nH]1)[C@@]1(C[C@H]2CCCN2O1)C(=O)OC,79.0
CCCCc1nc2ccc(cc2c(=O)n1Cc1ccc(cc1)-c1ccccc1-c1nnn[nH]1)[C@H]1[C@H]2[C@H](CCC2=O)ON1Cc1ccccc1,79.0
CCCCc1nn(-c2ccccn2)c(=O)n1Cc1ccc(cc1)-c1ccccc1-c1nnn[nH]1,79.0
CCCCc1nn(-c2ccccn2)c(=O)n1Cc1ccc(cc1)-c1ccccc1-c1nnn[nH]1,79.0
CCCCCCOc1ccccc1C(Oc1ccc(Cn2c(CCC)nc3c(C)ccnc23)cc1)C(O)=O,80.0
CCCCc1nn(-c2ccc(cc2)[N+]([O-])=O)c(=O)n1Cc1ccc(cc1)-c1ccccc1-c1nnn[nH]1,80.0
CCCCC1=NC2(CCCC2)C(=S)N1Cc1ccc(cc1)-c1ccccc1C(O)=O,80.0
CCCCC1=NC(C2CC2)(C2CC2)C(=O)N1Cc1ccc(cc1)-c1ccccc1C(O)=O,80.0
CCC(C)N(C(C(O)=O)c1ccccc1)c1ccc(Cn2c(CC)nc3c(C)cc(C)nc23)cc1,80.0
CCCCc1nc(Cl)c(C(O)=O)n1Cc1ccc(NC(=O)[C@H](Cc2ccccc2)n2cccc2C(O)=O)cc1,80.0
CCCCC1=NC(C2CC2)(C2CC2)C(=O)N1Cc1ccc(cc1)-c1ccccc1C(O)=O,80.0
CCCCc1nn(-c2ccc(cc2)[N+]([O-])=O)c(=O)n1Cc1ccc(cc1)-c1ccccc1-c1nnn[nH]1,80.0
CCCCc1nn(-c2ccc(cc2)[N+]([O-])=O)c(=O)n1Cc1ccc(cc1)-c1ccccc1-c1nnn[nH]1,80.0
CCCCc1nc2ccc(cc2n1Cc1ccc(cc1)-c1ccccc1C(O)=O)N1CCCCC1=O,81.0
CCCCc1nn(c(C(=O)OCC)c1Cc1ccc(cc1)-c1ccccc1-c1nnn[nH]1)-c1ccccc1,81.0
CCCCn1n(Cc2ccc(cc2)-c2ccccc2-c2nnn[nH]2)c2nc(C)ccc2c1=O,81.0
CCc1nc2c(C)cc(C)nc2n1Cc1ccc2N(CCc2c1)C(C(O)=O)c1ccccc1,82.0
CCc1nc2c(C)cc(C)nc2n1Cc1ccc(N(CC=C)C(C(O)=O)c2ccccc2C)c(C)c1,82.0
CCc1nc2ccn(Cc3cccc(c3)C(F)(F)F)c(=O)c2n1[C@H]1CCc2cc(ccc12)-c1ccccc1-c1nnn[nH]1,82.0
CC(C)c1nc2cccc(C(O)=O)c2n1Cc1ccc(cc1)-c1ccccc1-c1nnn[nH]1,82.0
CCc1nc2c(C)cc(C)nn2c1Cc1ccc(cc1)-c1ccccc1C(O)=O,83.0
CCCCc1cc(=O)n2nc(nc2n1Cc1ccc(cc1)-c1ccccc1-c1nnn[nH]1)-c1ccccc1,83.0
CCCCc1nc2ccc(cc2c(=O)n1Cc1ccc(cc1)-c1ccccc1-c1nnn[nH]1)[C@]1(CC)C[C@H]2CCCN2O1,83.0
OC(=O)c1cccc2nc(C3CC3)n(Cc3ccc(cc3)-c3ccccc3-c3nnn[nH]3)c12,84.0
CCc1nc2ccc(NC(=O)c3ccccn3)cc2c(=O)n1Cc1ccc(cc1F)-c1ccccc1S(=O)(=O)NC(=O)OCCC(C)C,85.0
COCc1c(C)nc(C)cc1OCc1ccc(cc1)-c1ccccc1-c1nnn[nH]1,86.0
CCCCC(=O)Nc1ccc2nc(CCCC)n(Cc3ccc(cc3)-c3ccccc3C(O)=O)c2c1,86.0
CCc1nc2c(C)cc(C)nc2n1Cc1ccc(cc1)-c1cc(CN2CCOCC2)sc1S(=O)(=O)NC(=O)c1ccccc1,87.0
CCCSc1nc2c(C)cc(cc2n1Cc1ccc(cc1)-c1ccccc1C(O)=O)C(=O)NC[C@@H](C)c1ccccc1,87.0
CCN(C(C(O)=O)c1cc(F)ccc1F)c1ccc(Cn2c(CC)nc3c(C)cc(C)nc23)cc1,88.0
CCCCc1nc(CCCC)n(Cc2ccc(cc2)-n2c(ccc2C(F)(F)F)-c2nnn[nH]2)n1,88.0
CCCCc1nnc(C(=O)N(C)Cc2ccccc2)n1Cc1ccc(cc1)-c1ccccc1-c1nnn[nH]1,89.0
CCCCc1nnc(C(=O)N(C)Cc2ccccc2)n1Cc1ccc(NC(=O)c2ccccc2-c2nnn[nH]2)cc1,89.0
CCCCc1nnc(SCc2ccccc2C(=O)OC)n1Cc1ccc(cc1)-c1ccccc1-c1nnn[nH]1,90.0
CCCCc1ncc(\C=C(/Cc2ccc(OC)s2)C(O)=O)n1Cc1ccccc1Cl,90.0
CCCCc1nn(c(C(=O)OCC)c1Cc1ccc(cc1)-c1ccccc1-c1nnn[nH]1)-c1cccc(Cl)c1Cl,90.0
CCCC1(CC)CC(=O)N(Cc2ccc(cc2)-c2ccccc2-c2nnn[nH]2)\C(C1)=C\C(=O)OCC,90.0
CCCCn1n(Cc2ccc(cc2)-c2ccccc2-c2nnn[nH]2)c(=O)c2ccc(C)nc12,90.0
CCCCc1nn(C)c(=O)n1Cc1ccc(cc1)-c1ccccc1-c1nnn[nH]1,90.0
CCCCc1nnc(SCc2ccccc2C(=O)OC)n1Cc1ccc(NC(=O)c2ccccc2-c2nnn[nH]2)cc1,90.0
CCCCc1nn(CC(O)=O)c(=O)n1Cc1ccc(cc1)-c1ccccc1-c1nnn[nH]1,91.0
CCCc1nc2c(C)cc(cc2n1Cc1ccc(cc1)-c1ccccc1C(O)=O)C(=O)N[C@H](C)c1ccccc1,91.0
Cc1ccc2nc(-c3ccc(cc3)-c3ccccc3C(O)=O)n(Cc3ccc(cc3)-c3ccccc3-c3nnn[nH]3)c(=O)c2c1,92.0
CCc1nc2c(C)cc(C)nc2n1Cc1ccc2n(ccc2c1)C(=O)c1ccccc1NC(O)=O,92.0
CCCc1nc2cccc(C(O)=O)c2n1Cc1ccc(cc1)-n1cccc1C(O)=O,92.0
CCCCc1nc(Cl)c(C(O)=O)n1Cc1ccc(cc1)-c1ccccc1C(O)=O,92.0
CCCCc1nc2ccc(C)cc2c(=O)n1Cc1ccc(cc1)-c1ccccc1C(O)=O,92.0
Cc1noc(NS(=O)(=O)c2ccccc2-c2ccc(Cn3cnc4ccccc34)cc2)c1C,92.0
CCCCc1nc2ccccc2n1Cc1ccc(OC(C(O)=O)c2ccccc2)cc1,93.0
CCc1cc(OCc2ccc(cc2)-c2ccc(Cl)cc2-c2nnn[nH]2)c2CCCCc2n1,93.0
CCCCN(C(C(O)=O)c1ccccc1)c1ccc(Cn2c(CC)nc3c(C)cc(C)nc23)cc1,94.0
CCCCCc1nnc(SCc2ccc(Cl)cc2)n1Cc1ccc(cc1)-c1ccccc1-c1nnn[nH]1,94.0
CCCCc1nnc(SCc2cccc(OC)c2)n1Cc1ccc(cc1)-c1ccccc1-c1nnn[nH]1,94.0
CCCCc1nc2ccc(cc2c(=O)n1Cc1ccc(cc1)-c1ccccc1-c1nnn[nH]1)[C@@H]1[C@H]2[C@H](COC2=O)ON1Cc1ccccc1,94.0
CCCc1nc2c(C)cc(cc2n1Cc1ccc(cc1)-c1ccccc1C(O)=O)C(=O)NC[C@H](O)c1ccccc1,94.0
CCc1nc2ccn(Cc3ccccc3C(F)(F)F)c(=O)c2n1[C@H]1CCc2cc(ccc12)-c1ccccc1-c1nnn[nH]1,94.0
CCCCc1nnc(SCc2cccc(OC)c2)n1Cc1ccc(NC(=O)c2ccccc2-c2nnn[nH]2)cc1,94.0
CCCCCc1nnc(SCc2ccc(Cl)cc2)n1Cc1ccc(NC(=O)c2ccccc2-c2nnn[nH]2)cc1,94.0
CCc1nc2c(C)cc(C)nc2n1Cc1ccc(OC(C(O)=O)c2ccccc2)c(Cc2ccccc2)c1,95.0
CCCCc1nn(C(C)C(=O)NC)c(=O)n1Cc1ccc(cc1)-c1ccccc1-c1nnn[nH]1,95.0
[O-][N+](=O)c1ccccc1-n1nc(C2CC2)n(Cc2ccc(cc2)-c2ccccc2-c2nnn[nH]2)c1=O,95.0
CCCCc1nc(CCCC)n(Cc2ccc(cc2)-c2ccccc2C(O)=O)n1,95.0
CCCCc1n(Cc2ccc(cc2)-c2ccccc2-c2nnn[nH]2)c(=O)c2ccc[nH]c12,95.0
CCCCc1nc(Cl)c(CO)n1Cc1ccc(cc1)-c1ccccc1-c1nnn[nH]1,95.0
CCCCc1nc2ccccc2n1Cc1ccc(cc1)-c1ccccc1-c1nnn[nH]1,96.0
CCc1nc2c(C)cc(C)nc2n1C1CCc2cc(ccc12)-c1ccccc1-c1nnn[nH]1,96.0
CCCc1nc2c(C)cc(cc2n1Cc1ccc(cc1)-c1ccccc1-c1nnn[nH]1)C(=O)NCc1ccc(OC)c(OC)c1,96.8
CCCc1nnc(SCc2ccc(Cl)cc2)n1Cc1ccc(cc1)-c1ccccc1-c1nnn[nH]1,98.0
CCCCc1nc(CCCC)n(Cc2ccc(cc2)-c2ncccc2-c2nnn[nH]2)n1,98.0
CCCCc1nc2ccc(cc2c(=O)n1Cc1ccc(cc1)-c1ccccc1-c1nnn[nH]1)[C@H]1[C@H]2[C@H](CCC2=O)ON1C,98.0
CCCCc1nc2ccc(cc2c(=O)n1Cc1ccc(cc1)-c1ccccc1-c1nnn[nH]1)[C@H]1[C@@H]2CCC[C@@H]2ON1C,98.0
CCCc1nnc(SCc2ccc(Cl)cc2)n1Cc1ccc(NC(=O)c2ccccc2-c2nnn[nH]2)cc1,98.0
CCCCc1nn(C2CC2)c(=O)n1Cc1ccc(cc1)-c1ccccc1-c1nnn[nH]1,100.0
CCCCc1nn(-c2ccccc2N)c(=O)n1Cc1ccc(cc1)-c1ccccc1-c1nnn[nH]1,100.0
CCc1nc2c(C)cc(C)nc2n1Cc1ccc(NC(C(O)=O)c2ccccc2)c(C)c1,100.0
CCCCc1nnc(Sc2ccccc2)n1Cc1ccc(cc1)-c1ccccc1-c1nnn[nH]1,100.0
CCCc1nc(CC)c(C(O)=O)n1Cc1ccc(cc1)-c1ccccc1C(O)=O,100.0
CCCc1nc(C(O)=O)c(C(O)=O)n1Cc1ccc(cc1)-c1ccccc1-c1nnn[nH]1,100.0
CCCCc1nn(c(C(=O)OCC)c1Cc1ccc(cc1)-c1ccccc1-c1nnn[nH]1)-c1ccc(Cl)cc1,100.0
CCOC(=O)\C=C1/N(Cc2ccc(cc2)-c2ccccc2-c2nnn[nH]2)C(=O)CC1(CC)CC,100.0
CCCc1nc(CN(CC(O)=O)C(=O)C(c2ccccc2)c2ccccc2)c(C(O)=O)n1Cc1ccc(cc1)-c1ccccc1-c1nnn[nH]1,100.0
CCCc1cc(=O)[nH]c(=O)n1Cc1ccc(cc1)-c1ccccc1-c1nnn[nH]1,100.0
CC1=NC(C(=O)N1Cc1ccc(cc1)-c1ccccc1-c1nnn[nH]1)(c1ccccc1)c1ccccc1,100.0
CCOC(=O)\C=C1/N(Cc2ccc(cc2)-c2ccccc2-c2nnn[nH]2)C(=O)CC1(CC)CC,100.0
CCCCc1nn(-c2ccccc2N)c(=O)n1Cc1ccc(cc1)-c1ccccc1-c1nnn[nH]1,100.0
CCCCc1nn(-c2ccccc2N)c(=O)n1Cc1ccc(cc1)-c1ccccc1-c1nnn[nH]1,100.0
CCCCc1nnc(Sc2ccccc2)n1Cc1ccc(NC(=O)c2ccccc2-c2nnn[nH]2)cc1,100.0
CCCCc1nn(CCCC)c(=O)n1Cc1ccc(cc1)-c1ccccc1C(O)=O,101.0
CCCCc1nc2ccc(cc2c(=O)n1Cc1ccc(cc1)-c1ccccc1-c1nnn[nH]1)C1=NN2CCCC2C1,102.0
CCCc1nc2c(C)cc(cc2n1Cc1ccc(cc1)-c1ccccc1C(O)=O)C(=O)NC[C@@H](O)c1ccccc1,104.0
CCCCN1C(=O)N(Cc2ccc3ccccc3c2)\C(=C/c2cnc(CCCC)n2Cc2ccc(cc2)C(=O)OC)C1=O,104.0
CCCCc1nn(c(C(=O)OCC)c1Cc1ccc(cc1)-c1ccccc1-c1nnn[nH]1)-c1cc(Cl)ccc1Cl,105.0
CCCCc1nc2ccc(cc2c(=O)n1Cc1ccc(cc1)-c1ccccc1-c1nnn[nH]1)[C@@H]1C[C@@H]2[C@@H](ON=C2c2ccc(C)cc2)O1,105.0
CCCCc1nc2ccc(cc2c(=O)n1Cc1ccc(cc1)-c1ccccc1-c1nnn[nH]1)C1CCC2CCCC2O1,105.0
CCCc1nc2c(C)cc(C)nc2n1Cc1ccc(cc1)-c1c(cnc2ccccc12)C(=O)NS(=O)(=O)c1ccc(cc1)[N+]([O-])=O,106.0
CCCc1nc2c(C)cc(cc2n1Cc1ccc(cc1)-c1ccccc1C(O)=O)C(=O)NCCc1ccccc1F,106.0
CCCc1nc2c(C)cc(cc2n1Cc1ccc(cc1)-c1ccccc1-c1nnn[nH]1)C(=O)NC[C@@H](O)c1ccccc1,107.0
CCCn1n(Cc2ccc(cc2)-c2ccccc2-c2nnn[nH]2)c2ncccc2c1=O,108.0
CCCCC1=NC2(CCN(Cc3ccccc3)CC2)C(=O)N1Cc1ccc(cc1)-c1ccccc1C(O)=O,110.0
CCCCc1nn(Cc2cccc(c2)C(=O)OC)c(=O)n1Cc1ccc(cc1)-c1ccccc1-c1nnn[nH]1,110.0
CCCCc1nnc(SCc2ccccc2Cl)n1Cc1ccc(cc1)-c1ccccc1-c1nnn[nH]1,110.0
CCCc1nc(C)c(C(O)=O)n1Cc1ccc(cc1)-c1ccccc1C(O)=O,110.0
CCCc1nc(c(C(O)=O)n1Cc1ccc(cc1)-c1ccccc1C(O)=O)C(O)(CC)CC,110.0
CCCCc1nc(CCCC)n(Cc2ccc(cc2)-c2cccnc2-c2nnn[nH]2)n1,110.0
CCCCc1nc2ccc(cc2c(=O)n1Cc1ccc(cc1)-c1ccccc1-c1nnn[nH]1)C1NN=C2[C@H]1C(=O)N(C)C2=O,110.0
CCOc1nc2cccc(C(O)=O)c2n1Cc1ccc(cc1)-c1ccccc1-c1nnn[nH]1,110.0
CCCCc1nn(-c2ccccc2C(F)(F)F)c(=O)n1Cc1ccc(cc1F)-c1cc(CCC)ccc1S(=O)(=O)NC(=O)c1ccccc1Cl,110.0
CCOc1nc2cccc(C(O)=O)c2n1Cc1ccc(cc1)-c1ccccc1-c1nnn[nH]1,110.0
CCOc1nc2cccc(C(O)=O)c2n1Cc1ccc(cc1)-c1ccccc1-c1nnn[nH]1,110.0
CCOc1nc2cccc(C(O)=O)c2n1Cc1ccc(cc1)-c1ccccc1-c1nnn[nH]1,110.0
CCCCc1nn(Cc2cccc(c2)C(=O)OC)c(=O)n1Cc1ccc(cc1)-c1ccccc1-c1nnn[nH]1,110.0
CCCCc1nn(Cc2cccc(c2)C(=O)OC)c(=O)n1Cc1ccc(cc1)-c1ccccc1-c1nnn[nH]1,110.0
CCCCc1nnc(SCc2ccccc2Cl)n1Cc1ccc(NC(=O)c2ccccc2-c2nnn[nH]2)cc1,110.0
CCCCn1nc(OCc2ccc(cc2)-c2ccccc2-c2nnn[nH]2)c2cccnc2c1=O,114.0
CCCCc1nn(-c2ccccc2C(O)=O)c(=O)n1Cc1ccc(cc1)-c1ccccc1-c1nnn[nH]1,115.0
CCCCc1nn(-c2ccccc2C(O)=O)c(=O)n1Cc1ccc(cc1)-c1ccccc1-c1nnn[nH]1,115.0
CCCc1nc2c(C)cc(cc2n1Cc1ccc(cc1)-c1ccccc1C(O)=O)C(=O)NCCCc1ccccc1,115.0
CCCCc1nn(-c2ccccc2C(O)=O)c(=O)n1Cc1ccc(cc1)-c1ccccc1-c1nnn[nH]1,115.0
CCCc1nc2c(C)ccnc2n1Cc1ccc(cc1)-c1ncccc1-c1nnn[nH]1,116.0
CCCc1nc2c(C)ccnc2n1Cc1ccc(cc1)-c1ncccc1-c1nnn[nH]1,116.0
CCCCc1c(Br)nc(CO)n1Cc1ccc(cc1)-c1ccccc1-c1nnn[nH]1,117.0
CCCCN1C(=O)N(Cc2cccc(Cl)c2)\C(=C/c2cnc(CCCC)n2Cc2ccc(cc2)C(=O)OC)C1=O,117.0
CCCCc1c(Br)nc(CO)n1Cc1ccc(cc1)-c1ccccc1-c1nnn[nH]1,117.49
CCCc1nc2c(C)cc(cc2n1Cc1ccc(cc1)-c1ccccc1-c1nnn[nH]1)C(=O)NCc1ccc(OC)cc1,118.5
CCc1nc2c(C)cc(C)nc2n1Cc1ccc(OC(C(O)=O)c2ccccc2)c(c1)C(=O)c1ccccc1,120.0
CCCc1nnc(SCc2ccccc2)n1Cc1ccc(NC(=O)c2ccccc2C(O)=O)cc1,120.0
CCCCc1nnc(SCc2ccc(cc2)C(=O)OC)n1Cc1ccc(cc1)-c1ccccc1-c1nnn[nH]1,120.0
CCc1cc(OCc2ccc(cc2)-c2ccccc2-c2nnn[nH]2)c2c(Cl)cccc2n1,120.0
CCCCc1nc2ccc(NS(=O)(=O)C(F)(F)F)cc2c(=O)n1Cc1ccc(cc1)-c1ccccc1-c1nnn[nH]1,120.0
CCc1nc2c(C)cc(C)nc2n1Cc1ccc(cc1)-c1ccccc1C1=Nc2ccccc2S(=O)(=O)N1,120.0
CCCCc1nn(-c2cccc(Cl)c2)c(=O)n1Cc1ccc(cc1)-c1ccccc1-c1nnn[nH]1,120.0
Cc1cc(OCc2ccc(cc2)-c2ccccc2-c2nnn[nH]2)c(CO)c(C)n1,120.0
CCc1nc2c(C)cc(C)nc2n1Cc1ccc2n(Cc3c(Cl)cccc3C#N)ccc2c1,120.0
CCCCC1=NC(Cl)C(CO)N1Cc1ccc(cc1)-c1ccccc1-c1nnn[nH]1,120.0
CCOC(=O)\C=C1/CC(C)(CC(=O)N1Cc1ccc(cc1)-c1ccccc1-c1nnn[nH]1)C(C)C,120.0
CCCC1(C)CC(=O)N(Cc2ccc(cc2)-c2ccccc2-c2nnn[nH]2)\C(C1)=C\C(=O)OCC,120.0
CCCCc1ncc2C=CCC(c3ccc(cc3)-c3ccccc3-c3nnn[nH]3)n12,120.0
CCCCC1=NC(Cl)C(CO)N1Cc1ccc(cc1)-c1ccccc1-c1nnn[nH]1,120.0
CSc1nc2cccc(C(O)=O)c2n1Cc1ccc(cc1)-c1ccccc1-c1nnn[nH]1,120.0
CCCCC1=NC(Cl)C(CO)N1Cc1ccc(cc1)-c1ccccc1-c1nnn[nH]1,120.0
CCCSc1nc2cccc(C(O)=O)c2n1Cc1ccc(cc1)-c1ccccc1-c1nnn[nH]1,120.0
CCCCc1nn(-c2cccc(Cl)c2)c(=O)n1Cc1ccc(cc1)-c1ccccc1-c1nnn[nH]1,120.0
CCCCc1nn(-c2cccc(Cl)c2)c(=O)n1Cc1ccc(cc1)-c1ccccc1-c1nnn[nH]1,120.0
CCCCc1nnc(SCc2ccc(cc2)C(=O)OC)n1Cc1ccc(NC(=O)c2ccccc2-c2nnn[nH]2)cc1,120.0
CCCCn1n(Cc2ccc(cc2)-c2ccccc2-c2nnn[nH]2)c2nc(NC)ccc2c1=O,124.0
CC(C)CCn1n(Cc2ccc(cc2)-c2ccccc2-c2nnn[nH]2)c2ncccc2c1=O,124.0
OC(=O)\C=C\c1ccc(O)c(O)c1,125.0
CCCc1nc2c(C)cc(cc2n1Cc1ccc(cc1)-c1ccccc1-c1nnn[nH]1)C(=O)N[C@H](CO)c1ccccc1,129.0
CCCCc1nnc(SCc2ccccc2[N+]([O-])=O)n1Cc1ccc(cc1)-c1ccccc1-c1nnn[nH]1,130.0
O=c1n(CCc2ccccc2)nc(C2CC2)n1Cc1ccc(cc1)-c1ccccc1-c1nnn[nH]1,130.0
Cc1cc(OCc2ccc(cc2)-c2ccccc2-c2nnn[nH]2)c(C)c(C)n1,130.0
CCCCc1nc(Cl)c(C(O)=O)n1Cc1ccc(cc1)-c1ccccc1C(O)=O,130.0
CCCCc1[nH]nc(C(=O)OCC)c1Cc1ccc(cc1)-c1ccccc1-c1nnn[nH]1,130.0
CCCCc1nc(Cl)c(C(O)=O)n1Cc1ccc(cc1)-c1ccccc1C(O)=O,130.0
CCCCc1nnc(SCc2ccccc2[N+]([O-])=O)n1Cc1ccc(NC(=O)c2ccccc2-c2nnn[nH]2)cc1,130.0
CCCCc1nc2ccc(cc2c(=O)n1Cc1ccc(cc1)-c1ccccc1-c1nnn[nH]1)C1CCC2CCCCC2O1,132.0
CC[C@H](C)[C@H](NC(=O)[C@H](Cc1ccc(O)cc1)NC(=O)[C@@H](NC(=O)[C@@H](N)CCCNC(N)=N)C(C)C)C(=O)N1Cc2cc(O)ccc2C[C@H]1C(=O)N1CCC[C@H]1C(=O)N[C@@H](Cc1ccccc1)C(O)=O,134.0
CCCCc1nnc(NCc2ccc(Cl)cc2)n1Cc1ccc(cc1)-c1ccccc1-c1nnn[nH]1,140.0
CCOc1cc(Cn2c(CC)nc3c(C)cc(C)nc23)ccc1OC(C(O)=O)c1ccccc1,140.0
CCc1cc(OCc2ccc(cc2)-c2ccccc2-c2nnn[nH]2)c2ccc(C)cc2n1,140.0
CCc1cc(OCc2ccc(cc2)-c2ccccc2-c2nnn[nH]2)c2cccc(Cl)c2n1,140.0
CCc1cc(OCc2ccc(cc2)-c2ccc(OC)cc2-c2nnn[nH]2)c2CCCCc2n1,140.0
CCCCc1nc(Cl)c(CC(O)=O)n1Cc1ccc(NC(=O)[C@H](Cc2ccccc2)n2cccc2C)cc1,140.0
CCCCC1=NC2(CCN(CC2)C(=O)C(F)(F)F)C(=O)N1Cc1ccc(cc1)-c1ccccc1C(O)=O,140.0
CCCCc1nc(Cl)c(CC(=O)OC)n1Cc1ccc(NC(=O)c2ccccc2C(O)=O)cc1,140.0
CCCCc1nc(Cl)c(CC(O)=O)n1Cc1ccc(NC(=O)[C@H](Cc2ccccc2)n2ccc(C(=O)OCC)c2C)cc1,140.0
CCc1nc2cccc(C(=O)OC)c2n1Cc1ccc(cc1)-n1cccc1-c1nnn[nH]1,140.0
CCOC(=O)\C=C1/N(Cc2ccc(cc2)-c2ccccc2-c2nnn[nH]2)C(=O)CC11CCCCC1,140.0
CCCCc1nc2ccc(cc2c(=O)n1Cc1ccc(cc1)-c1ccccc1-c1nnn[nH]1)C1(C)CC(=NO1)C(=O)OCC,140.0
CCCCc1nc(Cl)c(COC(=O)CCC(=O)Oc2cc(ccc2O)-c2oc3cc(O)cc(O)c3c(=O)c2O)n1Cc1ccc(cc1)-c1ccccc1-c1nnn[nH]1,140.0
CCCCc1nc(Cl)c(COC(=O)CCC(=O)Oc2ccc(cc2O)-c2oc3cc(O)cc(O)c3c(=O)c2O)n1Cc1ccc(cc1)-c1ccccc1-c1nnn[nH]1,140.0
CCCCc1nnc(NCc2ccc(Cl)cc2)n1Cc1ccc(NC(=O)c2ccccc2-c2nnn[nH]2)cc1,140.0
CCCn1nc(OCc2ccc(cc2)-c2ccccc2-c2nnn[nH]2)c2cccnc12,146.0
CCCCc1nc(CCCC)n(Cc2ccc(cc2)-c2cnccc2-c2nnn[nH]2)n1,150.0
CCCCC1=NC(Cl)C(CO)N1Cc1ccc(cc1)-c1ccccc1-c1nnn[nH]1,150.0
CCCCc1nc2ccc(cc2c(=O)n1Cc1ccc(cc1)-c1ccccc1-c1nnn[nH]1)[C@@H]1[C@H]2[C@H](COC2=O)ON1C,150.0
CCc1nc(CO)c(C(O)=O)n1Cc1ccc(cc1)-c1ccccc1C(O)=O,150.0
CCCc1nc2c(C)cc(cc2n1Cc1ccc(cc1)-c1ccccc1C(O)=O)-c1nc2ccccc2n1C,150.0
CCCCc1nc(Cl)c(CO)n1Cc1ccc(cc1)-c1ccccc1-c1nn[n-]n1,150.0
CSCc1nc2cccc(C(O)=O)c2n1Cc1ccc(cc1)-c1ccccc1-c1nnn[nH]1,150.0
CCCCC1=NC2(CCCC2)C(=O)N1Cc1ccc(cc1)-c1ccccc1-c1nnnn1C,150.0
CCCCc1nn(-c2ccccc2C(F)(F)F)c(=O)n1Cc1ccc(cc1)-c1cc(CCC)ccc1S(=O)(=O)NC(=O)OC(C)(C)C,150.0
CCCCC1=NC(C)(CC2CCCCC2)C(=O)N1Cc1ccc(cc1)-c1ccccc1C(O)=O,150.0
CCCCC1=NC(CCC)(CCC)C(=O)N1Cc1ccc(cc1)-c1ccccc1C(O)=O,150.0
CCCCc1nc2ccc(cc2c(=O)n1Cc1ccc(cc1)-c1ccccc1-c1nnn[nH]1)[C@H]1C2CCCC2ON1C,154.0
CCCc1n(Cc2ccc(cc2)-c2ccccc2-c2nnn[nH]2)c(=O)c2ccc[nH]c12,154.0
CCCCC1=NC2(CCCCC2)C(=O)N1Cc1ccc(cc1)-c1ccccc1C(O)=O,155.0
CCCc1nc2c(C)cc(cc2n1Cc1ccc(cc1)-c1ccccc1-c1nnn[nH]1)C(=O)N[C@H](COC)c1ccccc1,157.0
CCCc1nc2c(C)cc(CN(C)C)cc2n1Cc1ccc(cc1)-c1ccccc1C(O)=O,158.0
CCCCN1C(=O)N(Cc2ccc(cc2)C(F)(F)F)\C(=C/c2cnc(CCCC)n2Cc2ccc(cc2)C(=O)OC)C1=O,159.0
CCc1cc(OCc2ccc(cc2)-c2ccccc2-c2nnn[nH]2)c2ccc(Cl)cc2n1,160.0
CCc1nc2cccc(C(O)=O)c2n1Cc1ccc(cc1)-n1cccc1C(O)=O,160.0
CCCCc1nc2cccc(NC(=O)NC3CCCCC3)c2n1Cc1ccc(cc1)-c1ccccc1C(O)=O,160.0
CCCCC1=NC(Cl)C(CO)N1Cc1ccc(cc1)-c1ccccc1-c1nnn[nH]1,160.0
CCCCC1=NC(Cl)C(CO)N1Cc1ccc(cc1)-c1ccccc1-c1nnn[nH]1,160.0
CCCCc1nc2ccc(cc2n1Cc1ccc(cc1)-c1ccccc1C(O)=O)N1CCCCC1,160.0
CCc1nc2c(C)cc(C)nc2n1Cc1ccc2n(Cc3cccc(c3C(O)=O)[N+]([O-])=O)ccc2c1,160.0
CCCc1[nH]nc(C(=O)OCC)c1Cc1ccc(cc1)-c1ccccc1-c1nnn[nH]1,160.0
CCc1nc2ccc(cc2c(=O)n1Cc1ccc(cc1)-c1ccccc1-c1nnn[nH]1)N(Cc1ccccc1)C(=O)OCC(C)C,160.0
CCc1nc2c(C)cc(C)nc2n1Cc1ccc(Oc2ccccc2-c2nnn[nH]2)cc1,160.0
CCCc1nc2c(C)cc(cc2n1Cc1ccc(cc1)-c1ccccc1-c1nnn[nH]1)C(=O)NC[C@H](O)c1ccccc1,161.0
CCCCc1nc2cc(ccc2n1Cc1ccc(cc1)-c1ccccc1-c1nnn[nH]1)C1=NNC(=O)CC1C,161.0
CCCCn1n(Cc2ccc(cc2)-c2ccccc2-c2nnn[nH]2)c2nc(Cl)ccc2c1=O,168.0
CCCCCCCCn1nc(CCCC)n(Cc2ccc(cc2)-c2ccccc2-c2nnn[nH]2)c1=O,170.0
CCc1nc2c(C)cc(C)nc2n1Cc1ccc2N(Cc3cc(Cl)c(Cl)cc3C(O)=O)CCc2c1,170.0
CCc1nc2c(C)cc(C)nc2n1Cc1ccc2N(CCc2c1)C(C(=O)OC)c1ccccc1,170.0
CCc1nc2ccc(cc2c(=O)n1Cc1ccc(cc1)-c1ccccc1-c1nnn[nH]1)N(Cc1ccccc1)C(=O)c1ccncc1,170.0
CCc1cc(OCc2ccc(cc2)-c2ccccc2C(O)=O)c2ccccc2n1,170.0
CCCCc1nn2c(c(C)nc2n1Cc1ccc(cc1)-c1ccccc1-c1nnn[nH]1)-c1ccccc1,170.0
CCc1nc2c(C)cc(C)nc2n1Cc1ccc(OC(C(O)=O)c2ccccc2)c(OC)c1,170.0
CCCc1nc2cccc(C(O)=O)c2n1Cc1ccc(cc1)-c1ccccc1-c1nnn[nH]1,170.0
CNc1nc2cccc(C(O)=O)c2n1Cc1ccc(cc1)-c1ccccc1-c1nnn[nH]1,170.0
CCSc1nc2cccc(C(O)=O)c2n1Cc1ccc(cc1)-c1ccccc1-c1nnn[nH]1,170.0
CC[C@H](C)[C@H](NC(=O)[C@H](Cc1ccc(O)cc1)NC(=O)[C@@H](NC(=O)[C@H](CCCNC(N)=N)NC(=O)[C@@H](N)CC(O)=O)C(C)C)C(=O)N1Cc2ccc(O)cc2C[C@H]1C(=O)N1CCC[C@H]1C(=O)N[C@@H](Cc1ccccc1)C(O)=O,174.0
CCCCc1nc2ccc(cc2c(=O)n1Cc1ccc(cc1)-c1ccccc1-c1nnn[nH]1)[C@H]1[C@H]2[C@H](COC2=O)ON1Cc1ccccc1,177.0
CCCCC1(CC)CC(=O)N(Cc2ccc(cc2)-c2ccccc2-c2nnn[nH]2)\C(C1)=C\C(=O)OCC,180.0
CCCCc1nc2ccc(cc2c(=O)n1Cc1ccc(cc1)-c1ccccc1-c1nnn[nH]1)[C@H]1C2CCCCCCC2ON1C,180.0
Cc1cc(OCc2ccc(cc2)-c2ccccc2C(O)=O)c2ccccc2n1,180.0
CCCCc1nc2ccc(cc2c(=O)n1Cc1ccc(cc1)-c1ccccc1-c1nnn[nH]1)C1CC(=NO1)c1cc(C)co1,180.0
CCCCc1nc(Cl)c(CO)n1Cc1ccc(NC(=O)[C@H](Cc2ccccc2)n2cccc2C(O)=O)cc1,180.0
CCc1nc2ccc(cc2c(=O)n1Cc1ccc(cc1)-c1ccccc1S(=O)(=O)NC(=O)c1ccccc1)N(Cc1ccccc1)C(=O)c1ccccc1,180.0
CCCCc1nc(Cl)c(C(O)=O)n1Cc1ccc(NC(=O)[C@H](Cc2cccs2)n2cccc2C(O)=O)cc1,180.0
CCCCc1nn(CC(OCC(=O)OCC)c2ccccc2)c(=O)n1Cc1ccc(cc1)-c1ccccc1-c1nnn[nH]1,180.0
CCCCc1nc2ccc(NC(C)=O)cc2n1Cc1ccc(cc1)-c1ccccc1C(O)=O,180.0
CCCCc1nnc(SCC(=O)c2ccccc2)n1Cc1ccc(NC(=O)c2ccccc2C(O)=O)cc1,190.0
CCCCC1=NC2(CCCC2)C(=O)N1Cc1ccc(cc1)-c1ccccc1C(O)=O,190.0
CCOc1nc2cccc(C(O)=O)c2n1Cc1ccc(cc1)-c1ccccc1C(O)=O,190.0
Cc1nc2cccc(C(O)=O)c2n1Cc1ccc(cc1)-c1ccccc1-c1nnn[nH]1,190.0
CCCCc1nnc(SCC(=O)c2ccccc2)n1Cc1ccc(NC(=O)c2ccccc2C(O)=O)cc1,190.0
Cc1cc(OCc2ccc(cc2)-c2ccccc2-c2nnn[nH]2)c(C=O)c(C)n1,190.0
CCCCC1NC2(CCCC2)C(=O)N1Cc1ccc(cc1)-c1ccccc1C(O)=O,190.0
CCCOc1nc2cccc(C(O)=O)c2n1Cc1ccc(cc1)-c1ccccc1-c1nnn[nH]1,190.0
CCCCc1nc(CCCC)n2C(CC=Cc12)c1ccc(cc1)-c1ccccc1-c1nnn[nH]1,190.0
CCCc1nc2c(C)cc(cc2n1Cc1ccc(cc1)-c1ccccc1C(O)=O)C(=O)NCCc1ccc(F)cc1,198.0
CCCCN1C(=O)N(Cc2c(C)noc2C)\C(=C/c2cnc(CCCC)n2Cc2ccc(cc2)C(=O)OC)C1=O,198.0
CN(Cc1cn(nc1-c1ccc(Cl)cc1)-c1ccccc1)C(=O)CCC(O)=O,199.0
CCCCc1nc(CO)c(Cl)n1Cc1ccc2cc(ccc2c1)-c1nnn[nH]1,200.0
CCc1nc2ccc(cc2c(=O)n1Cc1ccc(cc1)-c1ccccc1-c1nnn[nH]1)N(Cc1ccccc1)C(=O)c1cccs1,200.0
CCc1nc2c(C)cc(C)nc2n1Cc1ccc(cc1)N(CC=C)C(C(O)=O)c1cc(F)ccc1F,200.0
CCc1nc2c(C)cc(C)nc2n1Cc1ccc(NC(C(O)=O)c2ccccc2)cc1,200.0
CCCc1nc(c(C(=O)OCC)n1Cc1ccc(cc1)-c1ccccc1-c1nnn[nH]1)C(C)(C)O,200.0
CCOC(=O)\C=C1/CC(C)CC(=O)N1Cc1ccc(cc1)-c1ccccc1-c1nnn[nH]1,200.0
CCCCc1nc2ccccc2c(=O)n1Cc1ccc(cc1)-c1ccccc1C(O)=O,200.0
COC(=O)c1cccc2nc(C)n(Cc3ccc(cc3)-n3cccc3-c3nnn[nH]3)c12,200.0
CCCCC(=O)N(Cc1ccc(cc1)-c1ccccc1-c1nnn[nH]1)[C@H](C)C(O)=O,200.0
CN(Cc1cn(nc1-c1ccc(Cl)cc1)-c1ccccc1)C(=O)CCC(O)=O,200.0
CCOc1nc2cccc(C(=O)OC(C)OC(=O)OC3CCCCC3)c2n1Cc1ccc(cc1)-c1ccccc1-c1nnn[nH]1,200.0
CCc1nc2c(C)c(C)c(C)nc2n1[C@H]1CCc2cc(ccc12)-c1ccccc1-c1nnn[nH]1,202.0
CCCc1nc2c(C)cc(cc2n1Cc1ccc(cc1)-c1ccccc1-c1nnn[nH]1)C(=O)NCCc1ccc(F)cc1,209.0
CCCCc1nc(Cl)c(CCC(=O)OC)n1Cc1ccc(NC(=O)[C@H](Cc2ccccc2)n2cccc2C(=O)OC)cc1,210.0
CCCCc1nc(Cl)c(CO)n1Cc1ccc(NC(=O)[C@H](Cc2ccccc2)n2cccc2C(=O)OC)cc1,210.0
CCCCc1nc(Cl)c(CC(O)=O)n1Cc1ccc(NC(=O)[C@H](Cc2ccccc2)n2cccc2)cc1,210.0
CCC1(CC)CC(=O)N(Cc2ccc(cc2)-c2ccccc2-c2nnn[nH]2)\C(C1)=C\C(=O)OC,210.0
CCCc1nc2c(C)cc(cc2n1Cc1ccc(cc1)-c1ccccc1C(O)=O)C(=O)NCCc1ccc(OC)cc1,214.0
CCCc1nc2c(C)cc(cc2n1Cc1ccc(cc1)-c1ccccc1C(O)=O)C(=O)N[C@H](CO)c1ccccc1,214.0
CCc1nc2c(C)cc(C)nc2n1Cc1ccc(cc1)-c1c(CC(O)=O)c(Cl)nc2ccccc12,215.0
CCCCc1nn2c(cnc2n1Cc1ccc(cc1)-c1ccccc1-c1nnn[nH]1)-c1ccccc1,220.0
CCCCC1=NC2(CCN(CC2)C(=O)C(N)CCCNC(N)=N)C(=O)N1Cc1ccc(cc1)-c1ccccc1C(O)=O,220.0
CCc1cc(OCc2ccc(cc2)-c2ccccc2-c2nnn[nH]2)c2ccc(OC)cc2n1,220.0
CCc1nc2c(C)cc(C)nc2n1Cc1ccc2n(Cc3ccccc3C(O)=O)ccc2c1,230.0
CCCCC1=NC(C)(CC(C)CC(C)C)C(=O)N1Cc1ccc(cc1)-c1ccccc1C(O)=O,230.0
CCCCc1nc(Cl)c(CO)n1Cc1ccc(cc1)-c1ccccc1C(O)=O,230.0
CCCc1nc2c(C)ccnc2n1Cc1ccc(OC(C(O)=O)c2ccccc2C(O)=O)cc1,235.0
CCCCc1nc2c(C)cc(C)nc2n1C1CCc2cc(ccc12)-c1ccccc1-c1nnn[nH]1,238.0
CCCc1nc2ccc(cc2n1Cc1ccc(cc1)-c1ccccc1-c1nnn[nH]1)-c1nc2ccccc2o1,240.0
CCc1nc2c(C)cc(C)nc2n1Cc1ccc2n(ccc2c1)C(=O)c1ccccc1,240.0
CCCCc1nc(Cl)c(CC(O)=O)n1Cc1ccc(NC(=O)[C@H](Cc2ccccc2)n2ccc(c2)C(=O)OCC)cc1,240.0
CCCCN1C(=O)N(Cc2c[nH]c(C)n2)\C(=C/c2cnc(CCCC)n2Cc2ccc(cc2)C(=O)OC)C1=O,245.0
CCCCc1cnc(CO)n1Cc1ccc(cc1)-c1ccccc1C(O)=O,245.0
CCCCc1cnc(CO)n1Cc1ccc(cc1)-c1ccccc1C(O)=O,245.47
CCc1nc2c(C)cc(C)nc2n1Cc1ccc2n(ccc2c1)C(=O)c1ccccc1C#N,250.0
CCCOc1nc2ccccn2c(=O)c1Cc1ccc(cc1)-c1ccccc1-c1nnn[nH]1,250.0
Clc1ccccc1-n1nc(C2CC2)n(Cc2ccc(cc2)-c2ccccc2-c2nnn[nH]2)c1=O,250.0
CCCCC1=NC2(CCN(CC2)C(=O)C(N)CS)C(=O)N1Cc1ccc(cc1)-c1ccccc1C(O)=O,250.0
CCCCc1nc2cccc(CC(=O)OCC)c2n1Cc1ccc(cc1)-c1ccccc1-c1nn[nH]n1,250.0
CCCCc1nc(CCCC)n(Cc2ccc(cc2)-c2ccncc2-c2nnn[nH]2)n1,250.0
Cc1nc2cccc(C(O)=O)c2n1Cc1ccc(cc1)-n1cccc1C(O)=O,250.0
CCOC(=O)\C=C1/CC(C)(CC)CC(=O)N1Cc1ccc(cc1)-c1ccccc1-c1nnn[nH]1,250.0
CCCCc1nn(-c2ccccc2C(F)(F)F)c(=O)n1Cc1cc(Br)c(O)c(Br)c1,250.0
CCOC(=O)\C=C1/CC(C)(CC)CC(=O)N1Cc1ccc(cc1)-c1ccccc1-c1nnn[nH]1,250.0
CCOC(=O)\C=C1/N(Cc2ccc(cc2)-c2ccccc2-c2nnn[nH]2)C(=O)CC11CCCC1,250.0
CCOC(=O)\C=C1/CC(C)(CC)CC(=O)N1Cc1ccc(cc1)-c1ccccc1-c1nnn[nH]1,250.0
COCc1nc2cccc(C(O)=O)c2n1Cc1ccc(cc1)-c1ccccc1-c1nnn[nH]1,250.0
CCc1nc2ccn(Cc3ccncc3)c(=O)c2n1[C@H]1CCc2cc(ccc12)-c1ccccc1-c1nnn[nH]1,250.0
CCCCn1nc(OCc2ccc(cc2)-c2ccccc2-c2nnn[nH]2)c2cccnc12,254.0
CCCCn1n(Cc2ccc(cc2)-c2ccccc2-c2nnn[nH]2)c2nc(OC)ccc2c1=O,258.0
CNc1nc2cccc(C(O)=O)c2n1Cc1ccc(cc1)-c1ccccc1-c1nc(=O)o[nH]1,260.0
CCCCC1=NC2(CC2)C(=O)N1Cc1ccc(cc1)-c1ccccc1C(O)=O,260.0
CCCCC1=NC2(CCC(CC2)c2ccccc2)C(=O)N1Cc1ccc(cc1)-c1ccccc1C(O)=O,260.0
CCCCc1nc2ccc(C)cc2c(=O)n1Cc1ccc(OC(C(O)=O)c2ccccc2)cc1,260.0
CCCCN1C(=O)N(Cc2cccc[n+]2[O-])\C(=C/c2cnc(CCCC)n2Cc2ccc(cc2)C(=O)OC)C1=O,260.0
CCCc1nc2c(C)cc(C)nc2n1Cc1ccc(cc1)-c1c(C(O)=O)c(=O)[nH]c2ccccc12,261.0
CCCCc1nc(CCCC)n(Cc2ccc(cc2)-n2cccc2C(O)=O)n1,270.0
Cc1cc(CCc2ccc(cc2)-c2ccccc2-c2nnn[nH]2)c2ccccc2n1,270.0
CCCc1nc(C(C)=C)c(C(O)=O)n1Cc1ccc(cc1)-c1ccccc1C(O)=O,270.0
CCCCC(=O)N(Cc1ccc(cc1)-c1ccccc1-c1nnn[nH]1)[C@H](CO)C(C)C,270.0
CCCCc1nn(CC(OCc2ccccc2)c2ccccc2)c(=O)n1Cc1ccc(cc1)-c1ccccc1-c1nnn[nH]1,280.0
CCCCc1nn(Cc2ccc3ccccc3c2)c(=O)n1Cc1ccc(cc1)-c1ccccc1-c1nnn[nH]1,280.0
CCCCc1nc(C(N)=O)c(C(N)=O)n1Cc1ccc(cc1)-n1cccc1-c1nnn[nH]1,290.0
CCCCc1nn(C\C=C\c2ccccc2)c(=O)n1Cc1ccc(cc1)-c1ccccc1-c1nnn[nH]1,290.0
CCCc1nc2c(C)cc(cc2n1Cc1ccc(cc1)-c1ccccc1C1=NCCN1)-c1nc2ccccc2n1C,290.0
CCCn1n(Cc2ccc(cc2)-c2ccccc2-c2nnn[nH]2)c2nc(C)ccc2c1=O,291.0
CCCc1nc2c(C)cc(cc2n1Cc1ccc(cc1)-c1ccccc1-c1nnn[nH]1)C(=O)N[C@@H](CO)c1ccccc1,293.0
CCCCc1ncc(CNCC(O)=O)n1Cc1ccc(cc1)C(O)=O,298.0
Cc1cc(OCc2ccc(cc2)-c2ccccc2-c2nnn[nH]2)cc(C)n1,300.0
CCCCc1nnc(SC(CC)C(=O)OC)n1Cc1ccc(NC(=O)c2ccccc2C(O)=O)cc1,300.0
CCCCc1ncc(\C=C(/Cc2cc(OC)cs2)C(O)=O)n1Cc1ccccc1Cl,300.0
CCCCc1nc(Cl)c(CO)n1Cc1ccc(cc1)-c1ccccc1C(O)=O,300.0
CCCCC(=O)N(Cc1ccc(cc1)-c1ccccc1-c1nnn[nH]1)[C@H](C(C)C)C(O)=O,300.0
CCCC1=NC(C(=O)N1Cc1ccc(cc1)-c1ccccc1-c1nnn[nH]1)(c1ccccc1)c1ccccc1,300.0
CCCCC1=NC(Cl)C(CO)N1Cc1ccc(cc1)-c1ccccc1-c1nnn[nH]1,300.0
CCSCc1nc2cccc(C(O)=O)c2n1Cc1ccc(cc1)-c1ccccc1-c1nnn[nH]1,300.0
CCCCc1nnc(SC(CC)C(=O)OC)n1Cc1ccc(NC(=O)c2ccccc2C(O)=O)cc1,300.0
CCCCc1nc(Cl)c(C(O)=O)n1Cc1ccc(cc1)C1=C(CCC1)c1nnn[nH]1,310.0
Cc1cc(OCc2ccc(cc2)-c2ccccc2-c2nnn[nH]2)c2cccc(C)c2n1,310.0
CCc1nc2cccc(C(O)=O)c2n1Cc1ccc(cc1)-c1ccccc1-c1nc(=O)o[nH]1,310.0
CCCCc1nnc(SC)n1Cc1ccc(cc1)-c1ccccc1-c1nnn[nH]1,310.0
CCCCc1nnc(SC)n1Cc1ccc(NC(=O)c2ccccc2-c2nnn[nH]2)cc1,310.0
CCCSc1nnc(CCCc2ccccc2)n1Cc1ccc(NC(=O)c2ccccc2C(O)=O)cc1,320.0
CCC1(C)CC(=O)N(Cc2ccc(cc2)-c2ccccc2-c2nnn[nH]2)\C(C1)=C\C(=O)OC,320.0
CCCc1nc(C(O)=O)c(C(O)=O)n1Cc1ccc(cc1)-c1ccccc1C(O)=O,320.0
CCCCc1nc2cccc(C(=O)OC)c2n1Cc1ccc(cc1)-c1ccccc1-c1nn[nH]n1,320.0
CCCSc1nnc(Cc2ccccc2)n1Cc1ccc(NC(=O)c2ccccc2C(O)=O)cc1,320.0
CCCc1nc(C(O)=O)c(C(O)=O)n1Cc1ccc(cc1)-c1ccccc1C(O)=O,320.0
CCc1nc2c(C)cc(C)nc2n1Cc1ccc2n(Cc3ccccc3C#N)ccc2c1,320.0
CCCc1nc2c(C)ccnc2n1Cc1ccc(OC(C2CCCCC2)C(O)=O)cc1,325.0
CCCc1nc2c(C)cc(cc2n1Cc1ccc(cc1)-c1ccccc1C(O)=O)C(=O)NCc1cccc(OC)c1,326.0
CCc1nc2c(C)cc(C)nc2n1Cc1ccc(cc1)C1=C2C=CC=CC2N(C)C(=O)C1C(O)=O,326.0
CCCCc1ncc(\C=C(/Cc2ccsc2)C(O)=O)n1Cc1ccccc1Cl,330.0
CCCCC1=NC(Cl)C(CO)N1Cc1ccc(cc1)-c1ccccc1-c1nnn[nH]1,330.0
CCCCc1nc2cccc(C)c2n1Cc1ccc(cc1)-c1ccccc1-c1nn[nH]n1,330.0
CCCCC1=NC(Cl)C(CO)N1Cc1ccc(cc1)-c1ccccc1-c1nnn[nH]1,330.0
CCCC1(CCC)CC(=O)N(Cc2ccc(cc2)-c2ccccc2-c2nnn[nH]2)\C(C1)=C\C(=O)OCC,330.0
CCCCc1nc2c(C)cc(C)nc2n1Cc1ccc(NC(=O)[C@H](Cc2ccccc2)n2cccc2C(=O)OC)cc1,330.0
CCCCc1nnc(SCC(=O)OC)n1Cc1ccc(NC(=O)c2ccccc2C(O)=O)cc1,330.0
CCc1nc2c(C)cc(C)nc2n1Cc1cc(CC=C)c(O)c(c1)[N+]([O-])=O,330.0
CCCCc1nnc(SCC(=O)OC)n1Cc1ccc(NC(=O)c2ccccc2C(O)=O)cc1,330.0
CCCCC1=NC(Cl)C(CO)N1Cc1ccc(cc1)-c1ccccc1-c1nnn[nH]1,330.0
[Br-].CCCCc1c[n+](Cc2ccc(cc2)-c2ccccc2C(O)=O)cn1Cc1ccc(cc1)-c1ccccc1C(O)=O,331.0
CCCCc1nc(c(C(O)=O)n1Cc1ccc(NC(=O)[C@H](Cc2ccccc2)n2cccc2C(O)=O)cc1)-n1cccc1,340.0
CCCCc1nc2ccc(C)c(C(O)=O)c2n1Cc1ccc(cc1)-c1ccccc1-c1nn[nH]n1,340.0
CCCc1nc2c(C)cc(cc2n1Cc1ccc(cc1)-c1ccccc1-c1nnn[nH]1)C(=S)NC[C@@H](C)c1ccccc1,343.0
CCc1nc2ccn(CC(O)=O)c(=O)c2n1[C@H]1CCc2cc(ccc12)-c1ccccc1-c1nnn[nH]1,348.0
CCCCc1nnc(C(=O)N(C)c2ccccc2)n1Cc1ccc(NC(=O)c2ccccc2-c2nnn[nH]2)cc1,350.0
CCCCc1nnc(C(=O)N(C)c2ccccc2)n1Cc1ccc(cc1)-c1ccccc1-c1nnn[nH]1,350.0
CCCCc1nc(Cl)c(CO)n1Cc1ccc(cc1)-c1ccccc1-c1nnn[nH]1,350.0
CCCCc1nc(Cl)c(CO)n1Cc1ccc(cc1)-c1ccccc1C(O)=O,350.0
CCCCC1=NC2(CCCCCCCCCC2)C(=O)N1Cc1ccc(cc1)-c1ccccc1C(O)=O,350.0
CCc1nc2c(C)cc(C)nc2n1Cc1ccc2N(CCc2c1)C(C#N)c1ccccc1,350.0
COc1nc2cccc(C(O)=O)c2n1Cc1ccc(cc1)-c1ccccc1-c1nc(=O)o[nH]1,360.0
CCCc1nc(C(C)C)c(C(O)=O)n1Cc1ccc(cc1)-c1ccccc1C(O)=O,360.0
CCc1cc(OCc2ccc(cc2)-c2ccccc2-c2nnn[nH]2)c2cc(ccc2n1)C#N,360.0
CCCc1nc2c(C)cc(cc2n1Cc1ccc(cc1)-c1ccccc1-c1nnn[nH]1)C(=S)NC[C@H](C)c1ccccc1,366.0
Cc1cc(Sc2ccc(cc2)-c2ccccc2-c2nnn[nH]2)c2ccccc2n1,370.0
CCCCc1nc(Cl)c(CC(O)=O)n1Cc1ccc(NC(=O)[C@H](Cc2ccccc2)n2c(C)ccc2C)cc1,370.0
CCCCc1nc2cc(C)ccc2c(=O)n1Cc1ccc(cc1)-c1ccccc1C(O)=O,370.0
CCCCc1nnc(OCc2ccccc2)n1Cc1ccc(cc1)-c1ccccc1-c1nnn[nH]1,370.0
Cc1cc(SCc2ccc(cc2)-c2ccccc2-c2nnn[nH]2)c2ccccc2n1,370.0
CCCCc1nc2cccc(C)c2c(=O)n1Cc1ccc(cc1)-c1ccccc1C(O)=O,370.0
CCCCc1nnc(OCc2ccccc2)n1Cc1ccc(NC(=O)c2ccccc2-c2nnn[nH]2)cc1,370.0
CCCCc1nc2cc3ccccc3cc2c(=O)n1Cc1ccc(cc1)-c1ccccc1C(O)=O,380.0
CCCSc1nnc(Cc2ccccc2)n1Cc1ccc(NC(=O)c2ccccc2C(O)=O)cc1,380.0
CCN(C(C(O)=O)c1ccccc1Cl)c1ccc(Cn2c(CC)nc3c(C)cc(C)nc23)cc1,380.0
CCCCCNc1ccc2nc(CCCC)n(Cc3ccc(cc3)-c3ccccc3C(O)=O)c2c1,390.0
CCCCC1NC(C)(C)C(=O)N1Cc1ccc(cc1)-c1ccccc1-c1nnn[nH]1,390.0
CCCCc1nc(Cl)c(C(O)=O)n1Cc1ccc(cc1)C1=C(CCCCC1)c1nnn[nH]1,390.0
CCOc1nc2ccccc2n1Cc1ccc(cc1)-c1ccccc1-c1nnn[nH]1,390.0
CSc1nc2cccc(C(O)=O)c2n1Cc1ccc(cc1)-c1ccccc1-c1nc(=O)o[nH]1,390.0
CCCCc1nc(Cl)c(C(O)=O)n1Cc1ccc(cc1)C1=C(CCCC1)c1nnn[nH]1,400.0
CCCCc1ncc(\C=C(/Cc2ccc(cc2)[N+]([O-])=O)C(O)=O)n1Cc1ccccc1Cl,400.0
CCCCc1nnc(n1Cc1ccc(cc1)-c1ccccc1-c1nnn[nH]1)S(C)(=O)=O,400.0
CCCCc1nc2ccccc2n1Cc1ccc(cc1)-c1ccccc1C(O)=O,400.0
CCCCc1nnc(n1Cc1ccc(NC(=O)c2ccccc2-c2nnn[nH]2)cc1)S(C)(=O)=O,400.0
OC(=O)c1ccccc1-c1ccc(CN2C(=NC3(CCCC3)C2=O)C2CCCC2)cc1,410.0
CCCCc1nc2ccc(C)cc2c(=O)n1Cc1cc(Br)c(O)c(Br)c1,410.0
CCc1nc2ccc(cc2c(=O)n1Cc1ccc(cc1)-c1ccccc1-c1nnn[nH]1)N(Cc1ccccc1Cl)C(=O)c1ccccc1,410.0
CCCCc1nc2ccc(cc2c(=O)n1Cc1ccc(cc1)-c1ccccc1-c1nnn[nH]1)C1CC(=NO1)c1cc(C)cs1,410.0
CCCc1nc2c(C)cc(cc2n1Cc1ccc(cc1)-c1ccccc1-c1nnn[nH]1)C(=O)NCc1ccccc1,410.0
[Br-].CCCCc1n(Cc2ccc(cc2)-c2ccccc2-c2nn[nH]n2)c(CO)c[n+]1Cc1ccc(cc1)-c1ccccc1-c1nn[nH]n1,417.0
CCCc1nc2cccc(C(O)=O)c2n1Cc1ccc(cc1)-c1ccccc1-c1nc(=O)o[nH]1,420.0
CCOc1nc2cccc(C(O)=O)c2n1Cc1ccc(cc1)-c1ccccc1-c1nc(=O)o[nH]1,420.0
CCCCc1nc(Cl)c(CC(=O)OC)n1Cc1ccc(NC(=O)c2ccccc2C(O)=O)cc1,420.0
CCCCC1=NC(Cl)C(CO)N1Cc1ccc(cc1)-c1ccccc1-c1nnn[nH]1,420.0
CCCCC1=NC(Cl)C(CO)N1Cc1ccc(cc1)-c1ccccc1-c1nnn[nH]1,425.0
CCCCn1n(Cc2ccc(cc2)-c2ccccc2-c2nnn[nH]2)c2nc(Cl)c(F)cc2c1=O,427.0
CCCCc1nc(Cl)c(CO)n1Cc1ccc(cc1)-c1ccccc1C(O)=O,430.0
CCCCC1=NC2(CCCC2)C(=O)N1Cc1ccc(cc1)-c1ccccc1C#N,440.0
CCCCc1nc2cc(Cl)cc(C(=O)OC)c2n1Cc1ccc(cc1)-c1ccccc1-c1nn[nH]n1,440.0
CCCCc1ncc(\C=C(/Cc2cccs2)C(O)=O)n1Cc1ccccc1Cl,440.0
CCc1nc2c(C)cc(C)nc2n1Cc1ccc(Oc2ccccc2C(O)=O)cc1,440.0
CCCCc1nc2ccc(cc2n1Cc1ccc(cc1)-c1ccccc1-c1nn[nH]n1)C(=O)OC,440.0
CCOCc1nc2cccc(C(O)=O)c2n1Cc1ccc(cc1)-c1ccccc1-c1nnn[nH]1,440.0
CCSc1nc2cccc(C(=O)OC)c2n1Cc1ccc(cc1)-c1ccccc1-c1nnn[nH]1,440.0
CCCCc1ncc(\C=C(/Cc2cccs2)C(O)=O)n1Cc1ccccc1,440.0
CCCCc1c(I)nc(CO)n1Cc1ccc(cc1)-c1ccccc1-c1nnn[nH]1,446.0
CCCCc1c(I)nc(CO)n1Cc1ccc(cc1)-c1ccccc1-c1nnn[nH]1,446.68
CCCCc1nc2cccc(CO)c2n1Cc1ccc(cc1)-c1ccccc1-c1nn[nH]n1,450.0
CCc1cc(OCc2ccc(cc2)-c2ccccc2-c2nnn[nH]2)c2ccc(cc2n1)C#N,460.0
CCCCc1nc2cc(NC(C)=O)ccc2n1Cc1ccc(cc1)-c1ccccc1C(O)=O,460.0
CCCCn1n(Cc2ccc(cc2)-c2ccccc2-c2nnn[nH]2)c(=O)c2ccc(Cl)nc12,461.0
CCCCC1(C)CC(=O)N(Cc2ccc(cc2)-c2ccccc2-c2nnn[nH]2)\C(C1)=C\C(=O)OCC,470.0
Cc1ccc2nc(C)cc(OCc3ccc(cc3)-c3ccccc3-c3nnn[nH]3)c2c1,470.0
CCCCc1nc2cccc(C)c2n1Cc1ccc(cc1)-c1ccccc1C(O)=O,480.0
CCSc1nc2cccc(C(O)=O)c2n1Cc1ccc(cc1)-c1ccccc1-c1nc(=O)o[nH]1,480.0
CCCCc1nnc(SCCO)n1Cc1ccc(NC(=O)c2ccccc2C(O)=O)cc1,480.0
CCCCc1nnc(SCCO)n1Cc1ccc(NC(=O)c2ccccc2C(O)=O)cc1,480.0
CCCCC1=NC2(CCN(CC2)C(=O)c2ccccc2C(O)=O)C(=O)N1Cc1ccc(cc1)-c1ccccc1C(O)=O,480.0
CCCCc1nc(CCCC)n(Cc2ccc(cc2)-n2cc(cc2-c2nnn[nH]2)[N+]([O-])=O)n1,480.0
CCSc1nc2c(C)cc(cc2n1Cc1ccc(cc1)-c1ccccc1C(O)=O)C(=O)NC[C@H](C)c1ccccc1,487.0
CCCCc1nn(Cc2ccccc2C(O)=O)c(=O)n1Cc1ccc(cc1)-c1ccccc1-c1nnn[nH]1,490.0
CCCCc1nc(Cl)c(CO)n1Cc1ccc(cc1)-c1ccccc1C(O)=O,490.0
CCCCc1nn(Cc2ccccc2C(O)=O)c(=O)n1Cc1ccc(cc1)-c1ccccc1-c1nnn[nH]1,490.0
CCCCc1nn(Cc2ccccc2C(O)=O)c(=O)n1Cc1ccc(cc1)-c1ccccc1-c1nnn[nH]1,490.0
COC(=O)c1cccc2nc(OC)n(Cc3ccc(cc3)-c3ccccc3-c3nnn[nH]3)c12,490.0
CCCCc1nc(Cl)c(CO)n1Cc1ccc(cc1)-c1ccccc1C(O)=O,490.0
CCCN(CCC)c1nc2ccccc2c(-c2ccc(Cn3c(CC)nc4c(C)cc(C)nc34)cc2)c1C(O)=O,492.0
CCCc1nc2c(C)cc(cc2n1Cc1ccc(cc1)-c1ccccc1C(O)=O)C(=O)N[C@@H](CO)c1ccccc1,496.0
CCCCc1nn(-c2ccccc2C(F)(F)F)c(=O)n1Cc1ccc(cc1)-c1ccccc1S(=O)(=O)NC(=O)c1ccccc1,500.0
CCCCc1nc(Cl)c(CC(=O)OC)n1Cc1ccc(NC(=O)[C@H](Cc2ccccc2)n2cccc2C(=O)OC)cc1,500.0
CCCCn1[nH]c(CCC)c(Cc2ccc(cc2)-c2ccccc2-c2nnn[nH]2)c1=O,500.0
CCSc1nc2c(C)sc(C(O)=O)c2n1Cc1ccc(cc1)-c1ccccc1-c1nnn[nH]1,500.0
CCCCc1nc2ccc(cc2c(=O)n1Cc1ccc(cc1)-c1ccccc1-c1nnn[nH]1)C1CC(=NO1)C(O)=O,500.0
[Br-].CCCCc1c[n+](Cc2ccc(cc2)-c2ccccc2C(O)=O)c(CO)n1Cc1ccc(cc1)-c1ccccc1C(O)=O,501.0
CCSc1nc2c(C)cc(cc2n1Cc1ccc(cc1)-c1ccccc1-c1nnn[nH]1)C(=O)NC[C@H](C)c1ccccc1,503.0
CCCCc1cc(=O)n2nc(nc2n1Cc1ccc(cc1)-c1ccccc1-c1nnn[nH]1)-c1ccccc1,520.0
CCCc1nc2c(C)ccnc2n1Cc1ccc(OC(C(O)=O)c2ccc(Cl)cc2)cc1,530.0
CCCCc1nnc(SCC(=O)OC)n1Cc1ccc(cc1)-c1ccccc1C(O)=O,540.0
CCCCc1nc2cccc(C(=O)NC(C)C)c2n1Cc1ccc(cc1)-c1ccccc1-c1nn[nH]n1,540.0
CCOC(=O)\C=C1/CC2(CCCC2)CC(=O)N1Cc1ccc(cc1)-c1ccccc1-c1nnn[nH]1,540.0
CCCCc1nc2ccc(N)cc2n1Cc1ccc(cc1)-c1ccccc1C(O)=O,540.0
CCCCc1nc2cccc(C(O)=O)c2n1Cc1ccc(cc1)-c1ccccc1-c1nnn[nH]1,550.0
CCc1nc2c(C)cc(C)nc2n1Cc1ccc(cc1)-c1ccccc1C1Nc2cc(Cl)c(cc2S(=O)(=O)N1)S(N)(=O)=O,550.0
CCCCc1nc2cccc(C(O)=O)c2n1Cc1ccc(cc1)-c1ccccc1-c1nnn[nH]1,550.0
CCCCc1nc2cccc(C(O)=O)c2n1Cc1ccc(cc1)-c1ccccc1-c1nnn[nH]1,550.0
CCCCCc1nc2cccc(C(O)=O)c2n1Cc1ccc(cc1)-c1ccccc1-c1nnn[nH]1,560.0
CCCc1nc(CC)c(C(=O)OCc2ccccc2C(=O)c2ccccc2)n1Cc1ccc(cc1F)-c1ccccc1S(=O)(=O)NC(=O)OCCC(C)C,570.0
CCCCc1nn(-c2ccccc2Cl)c(=O)n1Cc1ccc(NC(=O)c2ccccc2C(O)=O)cc1,570.0
CCc1nc2c(C)cc(C)nc2n1Cc1ccc(cc1)-c1c(CC(O)=O)cnc2ccccc12,576.0
COCCc1nc2cccc(C(O)=O)c2n1Cc1ccc(cc1)-c1ccccc1-c1nnn[nH]1,580.0
OC(=O)c1cccc2nc(OCC(F)(F)F)n(Cc3ccc(cc3)-c3ccccc3-c3nnn[nH]3)c12,580.0
CCCC[C@@H](C(=O)Nc1ccc(Cn2c(CCCC)nc(Cl)c2CO)cc1)n1cccc1C(=O)OC,590.0
Cc1nc2ccc(cc2c(=O)n1Cc1ccc(cc1)-c1ccccc1-c1nnn[nH]1)N(Cc1ccccc1)C(=O)c1ccccc1,590.0
CCc1nc2cc[nH]c(=O)c2n1[C@H]1CCc2cc(ccc12)-c1ccccc1-c1nnn[nH]1,593.0
CCCCn1n(Cc2ccc(cc2)-c2ccccc2-c2nnn[nH]2)c2ccccc2c1=O,598.0
CCCCc1nc(Cl)c(CO)n1Cc1ccc2cc(ccc2c1)-c1nnn[nH]1,600.0
CCCc1cc(OCc2ccc(cc2)-c2ccccc2C(O)=O)c2ccccc2n1,600.0
CCCc1nc(c(C(=O)OCC)n1Cc1ccc(cc1)-c1ccccc1C(O)=O)C(C)(C)O,600.0
CCCCC(=O)N(CC(O)=O)Cc1ccc(cc1)-c1ccccc1-c1nnn[nH]1,600.0
CCCCn1n(Cc2ccc(cc2)-c2ccccc2-c2nnn[nH]2)c2nc(ccc2c1=O)N1CCOCC1,600.0
CCCCc1nc2cccc(COC)c2n1Cc1ccc(cc1)-c1ccccc1-c1nn[nH]n1,600.0
CSc1nc2c(C)cc(cc2n1Cc1ccc(cc1)-c1ccccc1C(O)=O)C(=O)NC[C@H](C)c1ccccc1,609.0
CCc1nc2c(C)cc(C)nc2n1Cc1ccc2n(Cc3ccccc3C(=O)OC)ccc2c1,620.0
CSCCc1nc2cccc(C(O)=O)c2n1Cc1ccc(cc1)-c1ccccc1-c1nnn[nH]1,620.0
CCCCc1nc2cccc(C(O)=O)c2n1Cc1ccc(cc1)-c1ccccc1-c1nc(=O)o[nH]1,620.0
CCSc1nc2c(C)cc(cc2n1Cc1ccc(cc1)-c1ccccc1-c1nnn[nH]1)C(=O)NC[C@@H](C)c1ccccc1,622.0
CCCCc1c(Cl)nc(CO)n1Cc1ccc(cc1)-c1ccccc1-c1nnn[nH]1,630.96
CCCCc1c(Cl)nc(CO)n1Cc1ccc(cc1)-c1ccccc1-c1nnn[nH]1,634.0
CCCCNc1nc2cccc(C(O)=O)c2n1Cc1ccc(cc1)-c1ccccc1-c1nnn[nH]1,650.0
CCCCc1nc2cccc(C(O)=O)c2n1Cc1ccc(cc1)-c1ccccc1C(O)=O,660.0
CCCCC1=NC2(CCCC2)C(=O)N1Cc1ccc(cc1)-c1ccccc1-c1nnn(C)n1,660.0
CCc1nc2c(C)cc(C)nc2n1[C@@H]1CCc2cc(ccc12)-c1ccccc1-c1nnn[nH]1,661.0
CCc1nc2c(C)cc(C)nc2n1Cc1ccc2N(CCc2c1)C(=O)c1ccccc1C#N,670.0
CCCCc1nc(Cl)c(C(O)=O)n1Cc1ccc(NC(=O)[C@H](Cc2cccs2)n2cccc2)cc1,670.0
CSc1nc2c(C)cc(cc2n1Cc1ccc(cc1)-c1ccccc1-c1nnn[nH]1)C(=O)NC[C@H](C)c1ccccc1,671.0
CCCCCC1(C)CC(=O)N(Cc2ccc(cc2)-c2ccccc2-c2nnn[nH]2)\C(C1)=C\C(=O)OCC,680.0
CCCc1nc2c(C)cc(cc2n1Cc1ccc(cc1)-c1ccccc1-c1ncc(Cl)[nH]1)-c1nc2ccccc2n1C,680.0
CCCCc1nn(Cc2ccc(cc2)-c2ccccc2C#N)c(=O)n1Cc1ccc(cc1)-c1ccccc1-c1nnn[nH]1,680.0
CSc1nc2c(C)cc(cc2n1Cc1ccc(cc1)-c1ccccc1-c1nnn[nH]1)C(=O)NC[C@@H](C)c1ccccc1,699.0
CCCCc1ncc(\C=C(/Cc2ccc(C)s2)C(O)=O)n1Cc1ccccc1Cl,700.0
[Br-].CCCCc1c(Br)[n+](Cc2ccc(cc2)-c2ccccc2-c2nn[nH]n2)cn1Cc1ccc(cc1)-c1ccccc1-c1nn[nH]n1,708.0
CCCCc1nnc(SCC(=O)NC)n1Cc1ccc(NC(=O)c2ccccc2C(O)=O)cc1,720.0
CCCCc1nnc(SCC(=O)NC)n1Cc1ccc(NC(=O)c2ccccc2C(O)=O)cc1,720.0
CCCCc1ncc(\C=C(/Cc2sccc2C)C(O)=O)n1Cc1ccccc1Cl,730.0
CCCCC1=NC2(CCN(CC2)C(=O)C(N)C(C)CC)C(=O)N1Cc1ccc(cc1)-c1ccccc1C(O)=O,730.0
CCCc1nc2c(C)cc(cc2n1Cc1ccc(cc1)-c1ccccc1C(O)=O)C(=S)NC[C@@H](C)c1ccccc1,738.0
CCCCc1nc2cc(ccc2n1Cc1ccc(cc1)-c1ccccc1-c1nn[nH]n1)C(=O)OC,740.0
CCc1nc2c(CC(C)C)cc(C)nc2n1[C@H]1CCc2cc(ccc12)-c1ccccc1-c1nnn[nH]1,748.0
CCCCc1nnc(SCC(O)=O)n1Cc1ccc(NC(=O)c2ccccc2C(O)=O)cc1,770.0
CCCCc1nnc(SCC(O)=O)n1Cc1ccc(NC(=O)c2ccccc2C(O)=O)cc1,770.0
CCc1nc2c(C)cc(C)nc2n1Cc1ccc2N(CCc2c1)C(=O)c1ccccc1-c1nnn[nH]1,780.0
CCCCc1nnc(NCc2ccc(OC)cc2)n1Cc1ccc(cc1)-c1ccccc1-c1nnn[nH]1,780.0
CCc1nc2c(C)cc(C)nc2n1Cc1cc(Br)c(O)c(c1)C(=O)OC,780.0
CCCCc1nnc(NCc2ccc(OC)cc2)n1Cc1ccc(NC(=O)c2ccccc2-c2nnn[nH]2)cc1,780.0
CCSc1nc2c(C)cc(cc2n1Cc1ccc(cc1)-c1ccccc1C(O)=O)C(=O)NC[C@@H](C)c1ccccc1,788.0
CCCOc1nc2cccc(C(O)=O)c2n1Cc1ccc(cc1)-c1ccccc1-c1nc(=O)o[nH]1,790.0
CCCCC1=NC2(CCN(CC2)C(=O)C(N)CC(O)=O)C(=O)N1Cc1ccc(cc1)-c1ccccc1C(O)=O,800.0
CCCCc1nc2cc(NC(=O)NC3CCCCC3)ccc2n1Cc1ccc(cc1)-c1ccccc1C(O)=O,800.0
CCCCc1nc(Cl)c(CC(=O)OC)n1Cc1ccc(NC(=O)[C@H](Cc2cccs2)n2cccc2C(=O)OC)cc1,800.0
CNCc1nc2cccc(C(O)=O)c2n1Cc1ccc(cc1)-c1ccccc1-c1nnn[nH]1,800.0
CCc1nc2c(C)cc(C)nc2n1Cc1ccc(cc1)-c1ncccc1C(O)=O,819.0
CCCCc1nn(-c2ccccc2Cl)c(=O)n1Cc1ccc(cc1)-c1ccccc1S(N)(=O)=O,820.0
CCCCc1nc2cc(N)ccc2n1Cc1ccc(cc1)-c1ccccc1C(O)=O,820.0
Cc1nc2ccc(cc2c(=O)n1Cc1ccc(cc1)-c1ccccc1-c1nnn[nH]1)N(Cc1ccccc1Cl)C(=O)c1ccccc1,820.0
[Br-].CCCCc1c(Cl)[n+](Cc2ccc(cc2)-c2ccccc2-c2nn[nH]n2)cn1Cc1ccc(cc1)-c1ccccc1-c1nn[nH]n1,832.0
CCCC(Oc1ccc(Cn2c(CCC)nc3c(C)ccnc23)cc1)C(O)=O,840.0
CCCc1nc(CO)c(C(=O)OCC)n1Cc1ccc(cc1)-c1ccccc1C(O)=O,840.0
CCCc1nc(CO)c(C(=O)OCC)n1Cc1ccc(cc1)-c1ccccc1C(O)=O,840.0
CCc1nc2c(C)cc(C)nc2n1Cc1ccc(O)c(c1)[N+]([O-])=O,850.0
CCCSc1nc2cccc(C(O)=O)c2n1Cc1ccc(cc1)-c1ccccc1-c1nc(=O)o[nH]1,850.0
COC(=O)c1cccc2nc(OCC=C)n(Cc3ccc(cc3)-c3ccccc3-c3nnn[nH]3)c12,850.0
CCCCc1nc2ccc(C)cc2n1Cc1ccc(cc1)-c1ccccc1C(O)=O,850.0
CCCCc1n[nH]c(=S)n1Cc1ccc(cc1)-c1ccccc1C(O)=O,860.0
CCCCc1nnc(S)n1Cc1ccc(NC(=O)c2ccccc2C(O)=O)cc1,860.0
CCc1nc2c(C)cc(C)nc2n1Cc1ccc(NC(C(O)=O)c2cc(cc(c2)C(F)(F)F)C(F)(F)F)cc1,860.0
CCc1cc(OCc2ccc(cc2)-c2ccccc2-c2nnn[nH]2)c2cc(ccc2n1)C(F)(F)F,860.0
CCCCc1nc2cc(C)cc(C(=O)OC)c2n1Cc1ccc(cc1)-c1ccccc1-c1nn[nH]n1,869.0
CCCCN1C(=O)N(Cc2ccc(cc2)-c2ccccc2)\C(=C/c2cnc(CCCC)n2Cc2ccc(cc2)C(=O)OC)C1=O,884.0
CCCCc1nnc(SC(C)(C)C)n1Cc1ccc(cc1)-c1ccccc1C(O)=O,890.0
CCCCc1nnc(SC(C)(C)C)n1Cc1ccc(NC(=O)c2ccccc2C(O)=O)cc1,890.0
CCCCC1=NC2(CCNCC2)C(=O)N1Cc1ccc(cc1)-c1ccccc1C(O)=O,890.0
CCCCc1nc2ccc(cc2c(=O)n1Cc1ccc(cc1)-c1ccccc1-c1nnn[nH]1)[C@H]1[C@H]2[C@H](CCCC2=O)ON1C,900.0
CCCCc1nc2ccccc2n1Cc1ccc(cc1)-c1ccccc1-c1nnn[nH]1,900.0
CCCCc1nc2cc(OC)ccc2n1Cc1ccc(cc1)-c1ccccc1-c1nn[nH]n1,910.0
CCCCc1nc2ccc(C)c(C(=O)OCC)c2n1Cc1ccc(cc1)-c1ccccc1-c1nnn[nH]1,910.0
CCCCc1nc2c(C)cccc2n1Cc1ccc(NC(=O)[C@H](Cc2ccccc2)n2cccc2C(O)=O)cc1,930.0
CCCCc1nnc(-c2ccccc2)n1Cc1ccc(NC(=O)c2ccccc2C(O)=O)cc1,930.0
CCOc1nc2ccc(cc2n1Cc1ccc(cc1)-c1ccccc1-c1nnn[nH]1)C(O)=O,930.0
CCCCc1nnc(-c2ccccc2)n1Cc1ccc(NC(=O)c2ccccc2C(O)=O)cc1,930.0
OC(=O)c1ccccc1-c1ccc(cc1)-c1nc2ccc(cc2c(=O)n1Cc1ccc(cc1)-c1ccccc1-c1nnn[nH]1)[N+]([O-])=O,940.0
CCCCC1=NC2(CCN(CC(O)=O)CC2)C(=O)N1Cc1ccc(cc1)-c1ccccc1C(O)=O,950.0
CCc1cc(OCc2ccc(cc2)-c2ccccc2-c2nnn[nH]2)c2cccc(OC)c2n1,960.0
CCSc1nnc(Cc2ccccc2)n1Cc1ccc(NC(=O)c2ccccc2C(O)=O)cc1,1000.0
CCCCc1nnc(-c2ccco2)n1Cc1ccc(NC(=O)c2ccccc2C(O)=O)cc1,1000.0
CCc1cc(=O)n(C)c(=O)n1Cc1ccc(cc1)-c1ccccc1-c1nnn[nH]1,1000.0
CC(C)COc1nc2ccc(cn2c(=O)c1Cc1ccc(cc1)-c1ccccc1-c1nnn[nH]1)C(C)O,1000.0
CCCOc1nc2cccc(C(=O)OCC)c2n1Cc1ccc(cc1)-c1ccccc1-c1nnn[nH]1,1000.0
CCSc1nnc(Cc2ccccc2)n1Cc1ccc(NC(=O)c2ccccc2C(O)=O)cc1,1000.0
CCCCc1nnc(-c2ccco2)n1Cc1ccc(NC(=O)c2ccccc2C(O)=O)cc1,1000.0
CCCc1nc2c(C)cc(cc2n1Cc1ccc(cc1)-c1ccccc1C(O)=O)C(=O)N1CCOCC1,1008.0
CCCC[C@H]1N2CCC[C@H]2C(=O)N1Cc1ccc(cc1)-c1ccccc1-c1nnn[nH]1,1010.0
CCCCc1nc2cccc(N)c2n1Cc1ccc(cc1)-c1ccccc1C(O)=O,1060.0
CCc1nc2c(C)cc(C)nc2n1Cc1cc(I)c(O)c(c1)C(=O)OC,1100.0
CCCCc1nc(Cl)c(CO)n1Cc1cccc2c(cccc12)-c1nnn[nH]1,1100.0
CCCCc1nc(CO)c(Cl)n1Cc1ccc2CC(CCc2c1)C(O)=O,1100.0
CCc1nc2c(C)cc(C)nc2n1Cc1ccc2N(CCc2c1)C(C#N)c1ccccc1C,1100.0
CCCCc1nc(CO)c(Cl)n1Cc1ccc(cc1)-n1cccc1C(O)=O,1100.0
CCCCc1ncc(CO)n1Cc1ccc(NC(=O)[C@H](Cc2ccccc2)n2cccc2C(O)=O)cc1,1100.0
COc1ccc2CN([C@H](Cc2c1OCc1ccccc1)C(O)=O)C(=O)C(c1ccccc1)c1ccccc1,1100.0
CCCCc1nc2cccc(O)c2n1Cc1ccc(cc1)-c1ccccc1-c1nn[nH]n1,1100.0
CCCCc1nc2ccccc2n1Cc1ccc(cc1)-c1ccccc1C(O)=O,1100.0
CCCCc1nc2ccc(OC)cc2n1Cc1ccc(cc1)-c1ccccc1-c1nn[nH]n1,1100.0
CCCCc1nc2cc(Cl)cc(C(O)=O)c2n1Cc1ccc(cc1)-c1ccccc1-c1nn[nH]n1,1100.0
CCCc1nc2c(C)cc(cc2n1Cc1ccc(cc1)-c1ccccc1C(O)=O)C(=S)NC[C@H](C)c1ccccc1,1117.0
CCCCc1nc(Cl)c(CO)n1Cc1ccc(NC(=O)[C@H](c2ccccc2)n2cccc2C(=O)OC)cc1,1120.0
Cc1cc(OCc2ccc(cc2)-c2ccccc2-c2nnn[nH]2)c(C(O)=O)c(C)n1,1170.0
Cc1cc(OCc2ccc(cc2)-c2ccccc2-c2nnn[nH]2)c2cc(Cl)ccc2n1,1200.0
CC(C)c1nc2ccc(cc2c(=O)n1Cc1ccc(cc1)-c1ccccc1-c1nnn[nH]1)N(Cc1ccccc1)C(=O)c1ccccc1,1200.0
CCCSc1nnc(CSc2ccccc2)n1Cc1ccc(NC(=O)c2ccccc2C(O)=O)cc1,1200.0
CCCCc1nc2cc(C)ccc2n1Cc1ccc(cc1)-c1ccccc1C(O)=O,1200.0
CCCCc1nc2c(C)cccc2n1Cc1ccc(cc1)-c1ccccc1C(O)=O,1200.0
CCSc1nc2c(C)scc2n1Cc1ccc(cc1)-c1ccccc1-c1nnn[nH]1,1200.0
CCCSc1nnc(CSc2ccccc2)n1Cc1ccc(NC(=O)c2ccccc2C(O)=O)cc1,1200.0
CCCCOC(=O)c1cccc2nc(CCCC)n(Cc3ccc(cc3)-c3ccccc3-c3nn[nH]n3)c12,1200.0
CCCCc1nc(Cl)c(COC(=O)CCCCO[N+]([O-])=O)n1Cc1ccc(cc1)-c1ccccc1-c1nnn[nH]1,1288.0
CCCCc1nc(Cl)c(CC(O)=O)n1Cc1ccc(NC(=O)[C@H](Cc2ccccc2)n2ccc(c2)C#N)cc1,1290.0
CCCCc1nn(-c2ccccc2Cl)c(=O)n1Cc1ccc(cc1)-c1ccccc1S(=O)(=O)NC(C)(C)C,1300.0
Cc1cc(C=Cc2ccc(cc2)-c2ccccc2-c2nnn[nH]2)c2ccccc2n1,1300.0
CCc1nc2c(C)cc(C)nc2n1Cc1ccc(cc1)-c1ccccc1C1Nc2ccccc2S(=O)(=O)N1,1300.0
CCCCC1=NC(=O)C2(CCCC2)CN1Cc1ccc(cc1)-c1ccccc1C(O)=O,1300.0
CCCCc1nc2cc(C)cc(C(O)=O)c2n1Cc1ccc(cc1)-c1ccccc1-c1nn[nH]n1,1300.0
CCCNC(=O)c1cc(C)c2nc(CCC)n(Cc3ccc(cc3)-c3ccccc3C(O)=O)c2c1,1345.0
CSc1nc2c(C)cc(cc2n1Cc1ccc(cc1)-c1ccccc1C(O)=O)C(=O)NC[C@@H](C)c1ccccc1,1368.0
CCCCCN(CCCCC)C(=O)N1CCN([C@@H](C1)C(O)=O)C(=O)N(c1ccccc1)c1ccc(cc1)C(O)=O,1400.0
CCCCc1nnc(-c2ccncc2)n1Cc1ccc(NC(=O)c2ccccc2C(O)=O)cc1,1400.0
CCCCc1nc(CO)c(Cl)n1Cc1ccc2CC(CCc2c1)c1nnn[nH]1,1400.0
CCCCc1nc2c(C)cccc2c(=O)n1Cc1ccc(cc1)-c1ccccc1C(O)=O,1400.0
CCCc1nc2c(C)cc(cc2n1Cc1ccc(cc1)-c1ccccc1-c1ncc[nH]1)-c1nc2ccccc2n1C,1400.0
O=C1N(Cc2ccc(cc2)-c2ccccc2-c2nnn[nH]2)C(=NC1(c1ccccc1)c1ccccc1)c1ccccc1,1400.0
CCCCc1nnc(-c2ccncc2)n1Cc1ccc(NC(=O)c2ccccc2C(O)=O)cc1,1400.0
CCCCc1nc2cccc(C(=O)OCC)c2n1Cc1ccc(cc1)-c1ccccc1-c1nn[nH]n1,1400.0
CCCc1nc2c(C)cc(NC(C)=O)cc2n1Cc1ccc(cc1)-c1ccccc1C(O)=O,1430.0
CCCCc1nc(Cl)c(CC(=O)OC)n1Cc1ccc(NC(=O)[C@H](Cc2ccccc2)n2ccc(C(=O)OCC)c2C)cc1,1470.0
CCCCc1n[nH]c(=O)n1Cc1ccc(cc1)-c1ccccc1C(O)=O,1500.0
CCCCc1nc2ccccc2n1Cc1cc(I)c(O)c(I)c1,1500.0
CCCc1nc2c(C)cc(cc2n1Cc1ccc(cc1)-c1ccccc1-c1nnc[nH]1)-c1nc2ccccc2n1C,1500.0
CCCCc1nc2cc(Cl)ccc2n1Cc1ccc(cc1)-c1ccccc1-c1nn[nH]n1,1500.0
CCCc1nc2c(C)cc(cc2n1Cc1ccc(cc1)-c1ccccc1-c1nnn[nH]1)C(=O)N[C@@H](C)c1ccccc1,1535.0
CCCc1nc2c(C)cc(cc2n1Cc1ccc(cc1)-c1ccccc1-c1nnn[nH]1)C(=O)N[C@H](C)c1ccccc1,1537.0
Oc1ccccc1C(=O)NN=Cc1cccc2cccnc12,1559.0
CC(=O)OCCCNc1cc(Sc2ccc(C)cc2)c2nonc2c1[N+]([O-])=O,1563.0
CCc1nc2c(C)cc(C)nc2n1Cc1ccc2N(CCc2c1)C(C#N)c1cccc(C)c1,1600.0
CCCSc1nnc(-c2ccccc2)n1Cc1ccc(NC(=O)c2ccccc2C(O)=O)cc1,1600.0
CCCCc1nc2ccccc2n1Cc1cc(c(O)c(c1)[N+]([O-])=O)[N+]([O-])=O,1600.0
CCCCn1nc2C(CCC)CCC(c3ccc(cc3)-c3ccccc3-c3nnn[nH]3)n2c1=O,1600.0
CCCCn1nc2C(CCC)CCC(c3ccc(cc3)-c3ccccc3-c3nnn[nH]3)n2c1=O,1600.0
CCCOc1nc2ccc(C)cn2c(=O)c1Cc1ccc(cc1)-c1ccccc1-c1nnn[nH]1,1600.0
CCOC(=O)c1cn(Cc2ccc(cc2)-c2ccccc2-c2nnn[nH]2)nc1N(C(C)=O)c1cccc(C)c1,1600.0
CCCSc1nnc(-c2ccccc2)n1Cc1ccc(NC(=O)c2ccccc2C(O)=O)cc1,1600.0
[Br-].CCCCc1n(Cc2ccc(cc2)-c2ccccc2-c2nn[nH]n2)cc[n+]1Cc1ccc(cc1)-c1ccccc1-c1nn[nH]n1,1698.0
CCCCc1nnc(-c2cccnc2)n1Cc1ccc(NC(=O)c2ccccc2C(O)=O)cc1,1700.0
CCCCc1nc2c(N)cccc2n1Cc1ccc(cc1)-c1ccccc1C(O)=O,1700.0
CCCCC1=NC(CCCC)(CCCC)C(=O)N1Cc1ccc(cc1)-c1ccccc1C(O)=O,1700.0
CCCCC1=NC(CCCC)(CCCC)C(=O)N1Cc1ccc(cc1)-c1ccccc1C(O)=O,1700.0
CCCCc1nnc(-c2cccnc2)n1Cc1ccc(NC(=O)c2ccccc2C(O)=O)cc1,1700.0
Cc1cc(Nc2ccc(C)cc2)n(n1)-c1nc(C)cc(=O)[nH]1,1773.0
CCCCc1nc2cccc(NC(C)=O)c2n1Cc1ccc(cc1)-c1ccccc1C(O)=O,1800.0
CCCCC1=NC(=O)C2(CCCC2)N1Cc1ccc(cc1)-c1ccccc1C(O)=O,1800.0
CCCCC1=NC2(CCCC2)C(=O)N1Cc1ccc(cc1)-c1ccccc1C(=O)OC,1800.0
CCn1n(Cc2ccc(cc2)-c2ccccc2-c2nnn[nH]2)c2nc(C)ccc2c1=O,1870.0
OCCNc1cc(Sc2nc3ccccc3s2)c2nonc2c1[N+]([O-])=O,1898.0
CCN(C(C(O)=O)c1cc(cc(c1)C(F)(F)F)C(F)(F)F)c1ccc(Cn2c(CC)nc3c(C)cc(C)nc23)cc1,1900.0
CCSc1nnc(-c2ccccc2)n1Cc1ccc(NC(=O)c2ccccc2C(O)=O)cc1,1900.0
CCOC(=O)c1cn(Cc2ccc(cc2)-c2ccccc2-c2nnn[nH]2)nc1N(C(C)=O)c1cc(C)cc(C)c1,1900.0
CCSc1nnc(-c2ccccc2)n1Cc1ccc(NC(=O)c2ccccc2C(O)=O)cc1,1900.0
CCCCc1nc(Cl)c(CC(=O)OC)n1Cc1ccc(NC(=O)[C@H](Cc2ccccc2)n2cccc2)cc1,1920.0
CC(=NNC(=O)c1ccc(F)cc1)c1ccccn1,1958.0
CCOC(=O)c1cn(Cc2ccc(cc2)-c2ccccc2-c2nnn[nH]2)nc1N(C(C)=O)c1ccccc1,2000.0
CCc1cc(OCc2ccc(cc2)-c2ccccc2-c2nnn[nH]2)c2cccc(c2n1)C(F)(F)F,2000.0
CCCCc1nc(CCCC)n(Cc2ccc(cc2)-n2ccc(c2)-c2nnn[nH]2)n1,2000.0
CC[C@H](C)[C@H](NC(=O)[C@H](Cc1ccc(O)cc1)NC(=O)[C@@H](NC(=O)[C@@H](N)CCCNC(N)=N)C(C)C)C(=O)N1Cc2ccc(O)cc2C[C@H]1C(=O)N1CCC[C@H]1C(=O)N[C@@H](Cc1ccccc1)C(O)=O,2010.0
OCCCNc1cc(Sc2nc3ccccc3s2)c2nonc2c1[N+]([O-])=O,2054.0
CC(=O)OCCCNc1cc(Sc2nc3ccccc3s2)c2nonc2c1[N+]([O-])=O,2057.0
CN(CCO)c1cc(Sc2nc3ccccc3s2)c2nonc2c1[N+]([O-])=O,2082.0
Cc1ccc(CN(c2ccc(cc2)C(=O)NCc2ccccn2)S(C)(=O)=O)cc1,2089.0
NNc1nc(cc(n1)-c1ccc(Br)cc1)-c1ccccc1,2093.0
CCCSc1nnc(n1Cc1ccc(NC(=O)c2ccccc2C(O)=O)cc1)C(F)(F)F,2100.0
CCCSc1nnc(n1Cc1ccc(NC(=O)c2ccccc2C(O)=O)cc1)C(F)(F)F,2100.0
CCCCC1=NC(CC(C)C)(CC(C)C)C(=O)N1Cc1ccc(cc1)-c1ccccc1C(O)=O,2100.0
CCCc1cc(C(O)=O)c(CO)n1Cc1ccc(cc1)-c1ccccc1C(O)=O,2100.0
CCCCC1=NC(CC(C)C)(CC(C)C)C(=O)N1Cc1ccc(cc1)-c1ccccc1C(O)=O,2100.0
CCS(=O)(=O)c1ncc(Cl)c(n1)C(=O)Nc1ccc(cc1)S(=O)(=O)N1CCCC(C)C1,2181.0
CN(CC(=O)Nc1cc(C)ccc1C)C(=O)c1ccc(cc1)S(=O)(=O)N1CCCCCC1,2188.0
CCCCc1nc2ccccc2n1Cc1cc(C)c(O)c(c1)[N+]([O-])=O,2200.0
CCCCc1nc2ccccc2n1Cc1cc(C)c(O)c(I)c1,2200.0
CCn1c2ccccc2c(Cl)c([N+]([O-])=O)c1=O,2221.0
Cc1cccnc1Nc1nc(cs1)-c1ccccn1,2238.0
CCn1c(Cl)c(C=O)sc1=NS(=O)(=O)c1ccccc1,2242.0
COc1ccc(NC(=O)C(Cl)=C(Cl)S(=O)Cc2ccc(C)cc2)cn1,2255.0
CC(=NNC(=O)c1ccc(Cl)cc1)c1ccccn1,2263.0
CCOC(=O)c1cn(Cc2ccc(cc2)-c2ccccc2-c2nnn[nH]2)nc1Nc1cccc(C)c1,2300.0
CC(C)Cn1n(Cc2ccc(cc2)-c2ccccc2-c2nnn[nH]2)c2ncccc2c1=O,2300.0
Cc1c(Nc2cc(Cl)c3nonc3c2[N+]([O-])=O)c(=O)n(-c2ccccc2)n1C,2330.0
Cc1ccc2cccc(NS(=O)(=O)c3ccccc3)c2n1,2346.0
COc1ccc(NC(=O)C(Cl)=C(Cl)S(=O)Cc2ccc(Cl)cc2)cn1,2349.0
CCCCc1nc2cccc(CN(C)C)c2n1Cc1ccc(cc1)-c1ccccc1-c1nn[nH]n1,2400.0
CCCCc1ncc(\C=C(/C(c2cccs2)c2ccccc2)C(O)=O)n1Cc1ccccc1Cl,2400.0
CCCCOc1nc2ccccn2c(=O)c1Cc1ccc(cc1)-c1ccccc1-c1nnn[nH]1,2400.0
Cn1c(=O)cc(C2CC2)n(Cc2ccc(cc2)-c2ccccc2-c2nnn[nH]2)c1=O,2400.0
Clc1cc(Cl)cc(c1)C(=O)NNc1ccc(cc1)-c1csnn1,2431.0
CCCCc1nc2ccccc2n1Cc1cc(Br)c(O)c(Br)c1,2500.0
OC(=O)c1ccccc1-c1ccc(CN2C(Cc3ccccc3)=NC3(CCCC3)C2=O)cc1,2500.0
CCCCc1nc(c(C(=O)OCC)n1Cc1ccc(NC(=O)[C@H](Cc2ccccc2)n2cccc2C(O)=O)cc1)-n1cccc1,2500.0
CCc1ccc(cc1)C(=O)NNc1ccc(C)c(Cl)c1,2553.0
Cc1nnsc1C(=O)NNc1ccc(cc1)C(C)(C)C,2560.0
CN(Cc1cn(nc1-c1ccc(F)cc1)-c1ccccc1)C(=O)CCC(O)=O,2570.0
Brc1ccc(cc1)-c1cc(C(=O)NN=Cc2ccccn2)c2ccccc2n1,2581.0
CCCCc1nc(Cl)c(CO)n1Cc1ccc(NC(=O)C(Cc2ccccc2)C#N)cc1,2600.0
CCCCc1ncc(\C=C(/Cc2ccccc2)C(O)=O)n1Cc1ccccc1Cl,2600.0
CCCCc1nc2cccc(CC(O)=O)c2n1Cc1ccc(cc1)-c1ccccc1-c1nn[nH]n1,2600.0
CCCCc1nc(Cl)c(CO)n1Cc1ccc(NC(=O)C(Cc2ccccc2)n2cnnn2)cc1,2600.0
CCCc1nc(CO)c(CO)n1Cc1ccc(cc1)-c1ccccc1C(O)=O,2700.0
CCCc1nc(CO)c(CO)n1Cc1ccc(cc1)-c1ccccc1C(O)=O,2700.0
ClCC(=O)NNc1cccc(Cl)n1,2718.0
O=S(=O)(Nc1cccc2cccnc12)c1ccccc1,2747.0
Oc1c(C=Nc2cccc3cccnc23)sc2ccccc12,2779.0
CCCCc1nc(CO)c(Cl)n1Cc1ccc2CC(C)(CCc2c1)C(O)=O,2800.0
CCCCc1nc(Cl)c(CO)n1Cc1ccc(cc1)C1=C(CCCCC1)c1nnn[nH]1,2800.0
CCCCc1nc2cccc(OC)c2n1Cc1ccc(cc1)-c1ccccc1-c1nn[nH]n1,2800.0
CCCCc1nc(Cl)c(COC(=O)c2cccc(CO[N+]([O-])=O)c2)n1Cc1ccc(cc1)-c1ccccc1-c1nnn[nH]1,2818.0
Cc1ccc(cc1)-c1cc2C(=O)c3ccccc3-c2nn1,2893.0
CCc1cc2c(nc([nH]c2=O)-c2ccccn2)s1,2909.0
COc1ccc(CS(=O)C(Cl)=C(Cl)C(=O)Nc2ccc(OC)nc2)cc1,2919.0
CCCCC1=NC(C(=O)N1Cc1ccc(cc1)-c1ccccc1C(O)=O)(c1ccccc1)c1ccccc1,3000.0
CCCCc1ncc(\C=C(/Cc2ccc(N)cc2)C(O)=O)n1Cc1ccccc1Cl,3000.0
CCCCc1cc(OCc2ccc(cc2)-c2ccccc2C(O)=O)c2ccccc2n1,3100.0
CCCCc1nc2ccc(Cl)cc2n1Cc1ccc(cc1)-c1ccccc1-c1nn[nH]n1,3100.0
CCOC(=O)\C=C1\C(C)CC(=O)N1Cc1ccc(cc1)-c1ccccc1-c1nnn[nH]1,3100.0
CCC1(CC)CC(=O)N(Cc2ccc(cc2)-c2ccccc2-c2nnn[nH]2)C(C1)=CC(C)=O,3100.0
CC(=O)c1ccc(NC2=c3ccccc3=NC2=O)cc1,3104.0
CN(c1ccccc1)S(=O)(=O)c1ccc(NC(=O)c2nc(ncc2Cl)S(C)(=O)=O)cc1,3138.0
CCCCC1=NC2(CCCC2)C(=O)N1Cc1ccc(cc1)-c1ccccc1C(=O)OC(C)(C)C,3200.0
CCCCc1nc(Cl)c(CO)n1Cc1ccc(cc1)C1=C(CCCC1)c1nnn[nH]1,3200.0
CC(C)Cc1nc2cccc(C(O)=O)c2n1Cc1ccc(cc1)-c1ccccc1-c1nnn[nH]1,3200.0
CCCCc1nc2ccccc2n1Cc1cc(Cl)c(O)c(Cl)c1,3200.0
CCCCc1nc(Cl)c(CO)n1Cc1ccc(NC(=O)C(N=O)c2ccccc2)cc1,3250.0
CCCCC1NC(=O)C2(CCCC2)N1Cc1ccc(cc1)-c1ccccc1C(O)=O,3300.0
CCc1nc2c(C)cc(C)nc2n1Cc1ccc2n(Cc3ccccc3NC(=O)OC)ccc2c1,3300.0
CCCc1cn2nccc2n1Cc1ccc(cc1)-c1ccccc1-c1nnn[nH]1,3300.0
CCCCc1nc2cccc(C(O)=O)c2n1Cc1ccc(cc1)-c1ccccc1-c1nnnn1C,3400.0
CC(=NNC(=O)c1ccc(cc1)C(C)(C)C)c1ccccn1,3484.0
CCCCc1nc(Cl)c(CO)n1Cc1ccc(cc1)C1=C(CCC1)c1nnn[nH]1,3500.0
CCC(=O)OCCNc1cc(Sc2nc3ccccc3s2)c2nonc2c1[N+]([O-])=O,3506.0
Brc1ccccc1C(=O)Sc1cccc2cccnc12,3507.0
COc1ccc(CN=Nc2cc(C)nc(n2)-n2nc(C)cc2C)c(OC)c1,3512.0
CC(=NNC(=O)c1cccc(Br)c1)c1ccccn1,3515.0
CCS(=O)(=O)c1ncc(Cl)c(n1)C(=O)Nc1ccc(cc1)S(=O)(=O)N(C)c1ccccc1,3564.0
CC(C)(N)CC(=O)N[C@@H]1CCc2ccccc2N(Cc2ccc(cc2)-c2ccccc2-c2nnn[nH]2)C1=O,3600.0
[O-][N+](=O)c1ccc(=O)[c-](C[NH+]=Nc2ccc(Cl)nn2)c1,3628.0
Cc1ccc(cc1)S(=O)(=O)Nc1cccc2cccnc12,3673.0
CCCCS(=O)(=O)\C=C/C=C\S(=O)(=O)CCCC,3673.0
CC(C)c1ccc(NNC(=O)c2c(C)noc2C)cc1,3681.0
CC(=NNC(=O)COc1ccccc1-c1ccccc1)c1ccccn1,3733.0
Cc1ccc(NNC(=O)c2cc(nn2Cc2ccccc2)C(C)(C)C)cc1,3812.0
COc1cc(NS(=O)(=O)c2ccc(C)cc2)c2ncccc2c1,3882.0
CCC(C)c1nc2cccc(C(O)=O)c2n1Cc1ccc(cc1)-c1ccccc1-c1nnn[nH]1,3900.0
CCOC(=O)c1cn(Cc2ccc(cc2)-c2ccccc2-c2nnn[nH]2)nc1N(C(C)=O)c1ccc(C)cc1,3900.0
COc1ccc(NC(=O)C(Cl)=C(Cl)S(=O)Cc2ccccc2)cn1,3933.0
COc1ccc(NC2=c3c(Br)c(C)ccc3=NC2=O)cc1,3937.0
Fc1ccc2nc(NC(=O)c3ccccn3)sc2c1,3964.0
Cc1ccc2oc(Nc3nc(cc(=O)[nH]3)-c3ccccc3)nc2c1,3990.0
CCCOc1nc2cc(C)ccn2c(=O)c1Cc1ccc(cc1)-c1ccccc1-c1nnn[nH]1,4000.0
CC(C)COc1nc2ccc(C)cn2c(=O)c1Cc1ccc(cc1)-c1ccccc1-c1nnn[nH]1,4000.0
Clc1ccc(cc1Cl)C(=O)NN=Cc1ccccn1,4027.0
[O-][N+](=O)c1cc(cc(c1)[N+]([O-])=O)C(=O)N\N=C\c1ccccn1,4065.0
CCCCc1nc(Cl)c(CO)n1Cc1cccc2cc(ccc12)-c1nnn[nH]1,4100.0
CC(C)(C)C(=O)C(=C/c1cccc(c1)[N+]([O-])=O)\n1cncn1,4176.0
NNc1nc(cc(n1)-c1ccccc1O)-c1ccccc1,4197.0
CCCCc1nc(Cl)c(CO)n1Cc1ccc(cc1)-c1occc1C(O)=O,4200.0
CCCCc1nc(Cl)c(COC(=O)c2cccc(CO[N+]([O-])=O)c2)n1Cc1ccc(cc1)-c1ccccc1-c1nnn[nH]1,4266.0
CCOc1nc2ccccn2c(=O)c1Cc1ccc(cc1)-c1ccccc1-c1nnn[nH]1,4400.0
CCCc1cc(COC)c(C(O)=O)n1Cc1ccc(cc1)-c1ccccc1C(O)=O,4500.0
CC(=NNC(=O)c1cccc2ccccc12)c1ccccn1,4529.0
CCCCc1ncc(\C=C(/Cc2cccs2)C(O)=O)n1Cc1ccccc1Cl,4530.0
COc1ccc(NC(=O)C(Cl)=C(Cl)S(=O)Cc2ccccc2Cl)cn1,4541.0
CCCc1nc(C(O)=O)c(CO)n1Cc1ccc(cc1)-c1ccccc1-c1nnn[nH]1,4600.0
CCc1nc2c(C)cc(C)nc2n1Cc1ccc2N(CCc2c1)C(C#N)c1ccc(C)cc1,4600.0
CCCCc1nc(Cl)c(CO)n1Cc1ccc2CC(C)(CCc2c1)C(O)=O,4600.0
Cc1nc2ccccc2c(OCc2ccc(cc2)-c2ccccc2-c2nnn[nH]2)c1C,4600.0
CCCCc1nc2ccccc2n1Cc1cc(C)c(O)c(C)c1,4700.0
CC1CCCN(CC(=O)c2ccc(Cl)c(Cl)c2)C1,4756.0
CCSc1nnc(n1Cc1ccc(NC(=O)c2ccccc2C(O)=O)cc1)C(F)(F)F,4800.0
CCSc1nnc(n1Cc1ccc(NC(=O)c2ccccc2C(O)=O)cc1)C(F)(F)F,4800.0
CCOC(=O)c1ccc2nc(OC(C)C)c(Cc3ccc(cc3)-c3ccccc3-c3nnn[nH]3)c(=O)n2c1,4900.0
Clc1ccc(cc1)-c1cc(C(=O)NN=Cc2ccccn2)c2ccccc2n1,4903.0
CCCCc1ncc(\C=C(/Cc2ccccc2C)C(O)=O)n1Cc1ccccc1Cl,5000.0
