Ligand SMILES,IC50 (nM)
Cc1noc(NS(=O)(=O)c2ccccc2-c2ccc(cc2)-c2ncco2)c1C,
Cc1noc(NS(=O)(=O)c2ccccc2-c2ccc(cc2)-c2ncco2)c1C,
CCOc1nc2cccc(C(O)=O)c2n1Cc1ccc(cc1)-c1ccccc1-c1nnn[nH]1,
CCOc1nc2cccc(C(O)=O)c2n1Cc1ccc(cc1)-c1ccccc1-c1nnn[nH]1,
CC[C@@H](C)[C@H](NC(=O)[C@H](Cc1ccc(O)cc1)NC(=O)[C@@H](NC(=O)[C@H](CCCN=C(N)N)NC(=O)CNC)C(C)C)C(=O)N[C@@H](Cc1cnc[nH]1)C(=O)N1CCC[C@H]1C(=O)N[C@@H](Cc1ccccc1)C(O)=O,
CC[C@H](C)[C@H](NC(=O)[C@H](Cc1ccc(O)cc1)NC(=O)[C@@H](NC(=O)[C@H](CCCN=C(N)N)NC(=O)[C@@H](N)CC(O)=O)C(C)C)C(=O)N[C@@H](Cc1cnc[nH]1)C(=O)N1CCC[C@H]1C(=O)N[C@@H](Cc1ccccc1)C(O)=O,
CCOc1nc2cccc(C(O)=O)c2n1Cc1ccc(cc1)-c1ccccc1-c1nnn[nH]1,
CCC(C)C(NC(=O)C(Cc1ccc(O)cc1)NC(=O)C(NC(=O)C(CCCN=C(N)N)NC(=O)C(N)CC(O)=O)C(C)C)C(=O)NC(Cc1cnc[nH]1)C(=O)NC(Cc1cnc[nH]1)C(=O)N1CCCC1C(=O)NC(Cc1ccccc1)C(C)=O,
CNCC(=O)N[C@@H](CCCN=C(N)N)C(=O)N[C@@H](C(C)C)C(=O)N[C@@H](Cc1ccc(O)cc1)C(=O)N[C@@H](C(C)C)C(=O)N[C@@H](Cc1cnc[nH]1)C(=O)N1CCC[C@H]1C(=O)N[C@@H](C)C(O)=O,
CCCc1nc2c(C)cc(cc2n1Cc1ccc(cc1)-c1ccccc1C(O)=O)-c1nc2ccccc2n1C,
CN(CCOc1ccc(CC2SC(=O)NC2=O)cc1)c1ccccn1,
N[C@@H](CC(O)=O)C(=O)N[C@@H](CCCNC(N)=N)C(=O)N[C@H]1CCSSCC[C@H](NC(=O)[C@H](Cc2ccc(O)cc2)NC1=O)C(=O)N[C@@H](Cc1cnc[nH]1)C(=O)N1CCC[C@H]1C(=O)N[C@@H](Cc1ccccc1)C(O)=O,
CCCc1nc2c(C)cc(cc2n1Cc1ccc(cc1)-c1ccccc1C(O)=O)-c1nc2ccccc2n1C,
CC[C@H](C)[C@H](NC(=O)[C@H](Cc1ccc(O)cc1)NC(=O)[C@@H](NC(=O)[C@H](CCCN=C(N)N)NC(=O)[C@@H](N)CC(O)=O)C(C)C)C(=O)N[C@@H](Cc1cnc[nH]1)C(=O)N1CCC[C@H]1C(=O)N[C@@H](Cc1ccccc1)C(O)=O,
CCC(C)C(NC(=O)C(Cc1ccc(O)cc1)NC(=O)C(NC(=O)C(CCCN=C(N)N)NC(=O)C(N)CC(O)=O)C(C)C)C(=O)NC(Cc1cnc[nH]1)C(=O)NC(Cc1cnc[nH]1)C(=O)N1CCCC1C(=O)NC(Cc1ccccc1)C(C)=O,
CCCc1nc2c(C)cc(C)nc2n1Cc1ccc2c(cc3ccccc3c(=O)c2c1)-c1nnn[nH]1,
CCCCOC(=O)NS(=O)(=O)c1sc(CC(C)C)cc1-c1ccc(Cn2ccnc2)cc1,
CCc1nc2c(C)cc(C)nc2n1Cc1ccc(cc1)-c1ccccc1-c1nnn[nH]1,
Cc1cc(C)c2nc(C3CC3)n(Cc3ccc4c(cc5ccccc5c(=O)c4c3)-c3nnn[nH]3)c2n1,
CCc1cc(OCc2ccc3c(cc4ccccc4c(=O)c3c2)-c2nnn[nH]2)c2nc(OC)ccc2n1,
CCCc1nc2c(C)cc(C)nc2n1Cc1ccc2c(Cc3ccccc3C=C2c2nnn[nH]2)c1,
CCCCc1nc(Cl)c(C(O)=O)n1Cc1ccc(cc1)-c1ccccc1-c1nnn[nH]1,
CCCN(Cc1ccc(cc1)-c1ccccc1-c1nnn[nH]1)c1ncccc1C(O)=O,
CCc1nn(Cc2ccc(cc2)-c2ccccc2-c2nnn[nH]2)c(=NC(=O)c2ccccc2C(O)=O)s1,
CCOc1nc2cccc(C(O)=O)c2n1Cc1ccc(cc1)-c1ccccc1-c1nnn[nH]1,
CC[C@H](C)[C@H](NC(=O)[C@@H]1CCCN1C(=O)[C@H](Cc1c[nH]cn1)NC(=O)[C@@H](NC(=O)[C@H](Cc1ccc(O)cc1)NC(=O)[C@@H](NC(=O)[C@H](CCCN=C(N)N)NC(=O)CNC)C(C)C)[C@@H](C)CC)C(O)=O,
CCc1cc(OCc2ccc3c(cc4ccccc4c(=O)c3c2)-c2nnn[nH]2)c2ccccc2n1,
CCc1nc2c(C)cc(C)nc2n1Cc1ccc2c(cc3ccccc3c(=O)c2c1)-c1nnn[nH]1,
CCc1nn(Cc2ccc(cc2)-c2ccccc2-c2nnn[nH]2)c(=NC(=O)C2=C(CCC2)C([O-])=O)s1,
CCCCc1nc(Cl)c(C(O)=O)n1Cc1ccc(cc1)-c1ccccc1-c1nnn[nH]1,
CCc1nc2c(C)cc(CC(C)C)nc2n1[C@H]1CCc2cc(ccc12)-c1ccccc1-c1nnn[nH]1,
CC[C@H](C)[C@H](NC(=O)[C@H](Cc1ccc(O)cc1)NC(=O)[C@H](Cc1ccc(cc1)C(=O)c1ccccc1)NC(=O)[C@H](CCCN=C(N)N)NC(=O)CNC)C(=O)N[C@@H](Cc1cnc[nH]1)C(=O)N1CCC[C@H]1C(=O)N[C@@H](Cc1ccccc1)C(O)=O,
CCCCOC(=O)NS(=O)(=O)c1ccc(CC(C)C)cc1-c1ccc(Cn2c(CC)nc3c(C)cc(C)nc23)cc1,
CCCc1nc2c(C)cc(C)nc2n1Cc1ccc2c(Oc3ccccc3C=C2c2nnn[nH]2)c1,
CCc1nc2c(C)cc(C)nc2n1-c1ccc(cc1)-c1ccccc1-c1nnn[nH]1,
CCCCOC(=O)NS(=O)(=O)c1ccc(CC(C)C)cc1-c1ccc(Cn2ccnc2)cc1,
OC(=O)C(F)(F)F.OC(=O)C(F)(F)F.OC(=O)C(F)(F)F.CC[C@H](C)[C@H](NC(=O)[C@H](Cc1ccc(O)cc1)NC(=O)[C@@H](NC(=O)[C@H](CCCN\C(N)=N\C(=O)NCCCCNC(=O)CC)NC(=O)[C@@H](N)CC(O)=O)C(C)C)C(=O)N[C@@H](Cc1cnc[nH]1)C(=O)N1CCC[C@H]1C(=O)N[C@@H](Cc1ccccc1)C(O)=O,
CCCN(Cc1ccc(cc1)-c1ccccc1-c1nnn[nH]1)c1ncccc1C(O)=O,
CCOc1nc(CC)c(CNC(=O)[C@@H](CS)CC(C)C)n1Cc1ccc(cc1F)-c1ccccc1C(O)=O,
CCCCC1=NC2(CCCC2)C(=O)N1Cc1ccc(cc1)-c1ccccc1-c1nnn[nH]1,
CC[C@H](C)[C@H](NC(=O)[C@H](Cc1ccc(O)cc1)NC(=O)[C@@H](NC(=O)[C@H](CCCN=C(N)N)NC(=O)CNC)C(C)C)C(=O)N[C@@H](Cc1cnc[nH]1)C(=O)N1CCC[C@H]1C(=O)N[C@@H](Cc1ccc(cc1)C(=O)c1ccccc1)C(O)=O,
CCCCC1=NC2(CCCC2)C(=O)N1Cc1ccc(cc1)-c1ccccc1-c1nnn[nH]1,
CCCCc1nc(Cl)c(C([O-])=O)n1Cc1cccc2n(ccc12)-c1ccccc1-c1nn[nH]n1,
CCCCC1=NC2(CCCC2)C(=O)N1Cc1ccc(c(COCC)c1)-c1ccccc1S(=O)(=O)Nc1noc(C)c1C,
CCCCC1=NC2(CCCC2)C(=O)N1Cc1ccc(c(COCC)c1)-c1ccccc1S(=O)(=O)Nc1noc(C)c1C,
CCCCC1=NC2(CCCC2)C(=O)N1Cc1ccc(cc1)-c1ccccc1-c1nnn[nH]1,
CCCCc1nn(-c2ccccc2[N+]([O-])=O)c(=O)n1Cc1ccc(cc1)-c1ccccc1-c1nnn[nH]1,
CC[C@H](C)[C@H](NC(=O)[C@H](Cc1ccc(O)cc1)NC(=O)[C@@H](NC(=O)[C@H](CCCN=C(N)N)NC(=O)CNC)C(C)C)C(=O)N[C@@H](Cc1cnc[nH]1)C(=O)N1CCC[C@H]1C(=O)N[C@@H](Cc1ccc(cc1)C1(N=N1)C(F)(F)F)C(O)=O,
CCCCc1nc(C)n(Cc2sccc2C(=O)OC)c(=O)c1Cc1ccc(cc1)-c1ccccc1-c1nnn[nH]1,
CCCCc1nc(Cl)c(C(O)=O)n1Cc1ccc(cc1)-c1ccccc1-c1nnn[nH]1,
CCCCOC(=O)NS(=O)(=O)c1sc(CC(C)C)cc1-c1ccc(CN(Cc2cccnc2)C(=O)c2ccccc2)cc1,
CCCCOC(=O)NS(=O)(=O)c1sc(CC(C)C)cc1-c1ccc(CN(C)C(C)=O)o1,
CCCCOC(=O)NS(=O)(=O)c1sc(CC(C)C)cc1-c1ccc(CC(=O)N(Cc2ccccc2)Cc2ccccc2)cc1,
CCCCOC(=O)NS(=O)(=O)c1sc(CC(C)C)cc1-c1csc(CN(C)C(C)=O)c1,
CCCCOC(=O)NS(=O)(=O)c1sc(CC(C)C)cc1-c1ccc(CNC(C)=O)cc1,
CCCCOC(=O)NS(=O)(=O)c1sc(CC(C)C)cc1-c1ccc(CC(=O)NC)cc1,
CCCCOC(=O)NS(=O)(=O)c1sc(CC(C)C)cc1-c1ccc(CN(C(=O)c2ccccc2)c2ccc(C)cc2)cc1,
CCCCOC(=O)NS(=O)(=O)c1sc(CC(C)C)cc1-c1ccc(CN(C)S(C)(=O)=O)cc1,
CCCCOC(=O)NS(=O)(=O)c1sc(CC(C)C)cc1-c1ccc(CN(C)C(C)=O)cc1,
CCCCOC(=O)NS(=O)(=O)c1sc(CC(C)C)cc1-c1ccc(CC(=O)N(CC)Cc2ccccc2)cc1,
CCCCOC(=O)NS(=O)(=O)c1sc(CC(C)C)cc1-c1ccc(CN(Cc2ccccc2)C(=O)CCCC)cc1,
CCCCOC(=O)NS(=O)(=O)c1sc(CC(C)C)cc1-c1ccc(CN(CC)C(=O)c2cccs2)cc1,
CCCCOC(=O)NS(=O)(=O)c1sc(CC(C)C)cc1-c1ccc(CN(C(C)=O)c2ccc(C)cc2)cc1,
COc1cc(COc2cc(N)c(Cl)cc2C(=O)CCC2CCN(CCNS(C)(=O)=O)CC2)cc(OC)c1,
CCN1CCCC1CNC(=O)c1cc(c(N)cc1OC)S(=O)(=O)CC,
CN1CCN(CC1)C1=c2ccccc2=Nc2ccc(Cl)cc2N1,
OC1(CCN(CCCC(=O)c2ccc(F)cc2)CC1)c1ccc(Cl)cc1,
Cc1ccc(Cn2nc(cc2-c2ccc(Cl)c(C)c2)C(=O)NC2[C@@]3(C)CCC(C3)C2(C)C)cc1,
Nc1ncnc2nc(cc(-c3cccc(Br)c3)c12)-c1ccc(nc1)N1CCOCC1,
CC(C)(C)c1ccc(NC(=O)N2CCN(CC2)c2ncccc2Cl)cc1,
ONC=Nc1ccc(N2CCOCC2)c(Cl)c1,
Nc1ncc(Cc2cc(I)c(O)c(I)c2)c(N)n1,
Nc1ncc(Cc2cc(I)c(OCCCOc3ccccc3)c(I)c2)c(N)n1,
COC(=O)c1cc(CC2SC(=O)NC2=O)ccc1OCCn1c(CCCCC2CCCCC2)nc2ccccc12,
CCCc1nc2c(C)cc(Br)cc2n1CCOc1ccc(CC2SC(=O)NC2=O)cc1C(=O)OC,
CCCc1nc2c(C)cc(cc2n1CCOc1ccc(CC2SC(=O)NC2=O)cc1C(=O)OC)-c1ccccc1,
COC(=O)c1cc(CC2SC(=O)NC2=O)ccc1OCCN(C)C(=O)CCCCC1CCCCC1,
COC(=O)c1ccc(-c2ccc(Cn3cnc4ccc(cc34)-c3nc4ccccc4n3C)cc2)c(c1)C(=O)OC,
Cn1c(nc2ccccc12)-c1ccc2ncn(Cc3ccc(cc3)-c3ccccc3)c2c1,
COC(=O)c1ccc(cc1)-c1ccc(Cn2c(C)nc3ccc(cc23)-c2nc3ccccc3n2C)cc1,
COC(=O)c1ccc(-c2ccc(Cn3c(C)nc4ccc(cc34)-c3nc4ccccc4n3C)cc2)c(c1)C(=O)OC,
COC(=O)c1ccccc1-c1ccc(Cn2cnc3ccc(cc23)-c2nc3ccccc3n2C)cc1,
COC(=O)c1ccccc1-c1ccc(Cn2cnc3c(C)cccc23)cc1,
COC(=O)c1ccccc1-c1ccc(Cn2c(C)nc3ccc(cc23)-c2nc3ccccc3n2C)cc1,
COC(=O)c1ccc(cc1)-c1ccc(Cn2cnc3ccc(cc23)-c2nc3ccccc3n2C)cc1,
COC(=O)c1ccccc1-c1ccc(Cn2cnc3ccccc23)cc1,
CCCCOC(=O)NS(=O)(=O)c1sc(CC(C)C)cc1-c1ccc(Cn2ccnc2)cc1,
CCCCOC(=O)NS(=O)(=O)c1sc(CC(C)C)cc1-c1ccc(Cn2ccnc2)cc1,
CCCCOC(=O)NS(=O)(=O)c1sc(CC(C)C)cc1-c1cccc(Cn2ccnc2)c1,
COc1ccc(CCCN2CCC(CCC(=O)c3cc(Cl)c(N)c4OCCOc34)CC2)cc1OC,
CCCCOC(=O)NS(=O)(=O)c1sc(CC(C)C)cc1-c1ccc(Cn2ccnc2)cc1,
OC(=O)CNC(=O)C(CS)Cc1ccccc1,
OC(=O)[C@@H]1CCC[C@@H]2SCC[C@H](NC(=O)[C@@H](S)Cc3ccccc3)C(=O)N12,
CCCc1nc2c(C)cc(cc2n1CCOc1ccc(CC2SC(=O)NC2=O)cc1C(=O)OC)-c1nc2ccccc2n1C,
CC(C)[C@H](NC(=O)[C@H](CCCNC(N)=N)NC(=O)[C@@H](N)CC(O)=O)C(=O)NCc1cc(Cc2ccc(O)cc2)cc(c1)C(=O)N[C@@H](Cc1cnc[nH]1)C(=O)N1CCC[C@H]1C(=O)N[C@@H](Cc1ccccc1)C(O)=O,
N[C@@H](CC(O)=O)C(=O)N[C@@H](CCCNC(N)=N)C(=O)NCc1cc(Cc2ccc(O)cc2)cc(c1)C(=O)N[C@@H](Cc1cnc[nH]1)C(=O)N1CCC[C@H]1C(=O)N[C@@H](Cc1ccccc1)C(O)=O,
CC[C@@H](C)[C@H](NC(=O)c1cc(CNC(=O)[C@H](CCCN=C(N)N)NC(=O)[C@@H](N)CC(O)=O)cc(Cc2ccc(O)cc2)c1)C(=O)N[C@@H](Cc1cnc[nH]1)C(=O)N1CCC[C@H]1C(=O)N[C@@H](Cc1ccccc1)C(O)=O,
CC[C@@H](C)[C@H](NC(=O)[C@H](N)NC(=O)[C@@H](NC(=O)[C@H](CCCN=C(N)N)NC(=O)[C@@H](N)CC(O)=O)C(C)C)C(=O)N[C@@H](Cc1ccccc1)C(=O)N1CCC[C@H]1C(=O)N[C@@H](Cc1ccccc1)C(O)=O,
N[C@@H](CC(O)=O)C(=O)N[C@@H](CCCNC(N)=N)C(=O)Nc1cc(Cc2ccc(O)cc2)cc(c1)C(=O)N[C@@H](Cc1cnc[nH]1)C(=O)N1CCC[C@H]1C(=O)N[C@@H](Cc1ccccc1)C(O)=O,
CCCc1nc2c(C)cccc2n1Cc1ccc(\C=C\C(=O)OCC)cc1,
CCCc1nc2c(C)cccc2n1Cc1ccc(CCC(=O)OCC)cc1,
CCCc1nc2c(C)cccc2n1Cc1ccc(OCC(=O)OCC)cc1,
CCCc1nc2c(C)cccc2n1Cc1ccc(OC(C)(C)C(=O)OCC)cc1,
CCCc1nc2c(C)cccc2n1CCOc1ccc(CC(C)(C)C(=O)OCC)cc1,
CCCc1nc2c(C)cccc2n1CCOc1ccc(CC(C)(Oc2ccccc2)C(=O)OCC)cc1,
Cc1noc(NS(=O)(=O)c2ccccc2-c2ccc(cc2)-c2ncco2)c1C,
CCCCOC(=O)NS(=O)(=O)c1sc(CC(C)C)cc1-c1ccc(Cn2ccnc2)cc1,
CCCCOC(=O)NS(=O)(=O)c1sc(CC(C)C)cc1-c1ccc(CN(C)CC#N)cc1,
CCCCCCNC(=O)Cc1ccc(cc1)-c1cc(CC(C)C)sc1S(=O)(=O)NC(=O)OCCCC,
CCCCOC(=O)NS(=O)(=O)c1sc(CC(C)C)cc1-c1ccc(CC(=O)N(c2ccccc2)c2ccccc2)cc1,
CCCCOC(=O)NS(=O)(=O)c1sc(CC(C)C)cc1-c1ccc(CC(N)=O)cc1,
CCCCOC(=O)NS(=O)(=O)c1sc(CC(C)C)cc1-c1ccc(CN(Cc2cccnc2)C(C)=O)cc1,
CCCCOC(=O)NS(=O)(=O)c1sc(CC(C)C)cc1-c1ccc(CC(=O)N2CCSC2)cc1,
CCCCOC(=O)NS(=O)(=O)c1sc(CC(C)C)cc1-c1ccc(CN(C)C(C)=O)cn1,
CCCCOC(=O)NS(=O)(=O)c1sc(CC(C)C)cc1-c1ccc(CN(C)C)cc1,
CCCCOC(=O)NS(=O)(=O)c1sc(CC(C)C)cc1-c1ccc(CN(CC)C(C)=O)cc1,
CCCCOC(=O)NS(=O)(=O)c1sc(CC(C)C)cc1-c1ccc(CN(Cc2ccccc2)C(C)=O)cc1,
CCCCOC(=O)NS(=O)(=O)c1sc(CC(C)C)cc1-c1ccc(CN(C)C(=O)OCC)cc1,
CCCCOC(=O)NS(=O)(=O)c1sc(CC(C)C)cc1-c1ccc(CN(C)C=O)cc1,
CCCCOC(=O)NS(=O)(=O)c1sc(CC(C)C)cc1-c1ccc(CN(C)OC)cc1,
CCCCOC(=O)NS(=O)(=O)c1sc(CC(C)C)cc1-c1ccc(CN(C)C(=O)CCCC)cc1,
CCCCOC(=O)NS(=O)(=O)c1sc(CC(C)C)cc1-c1ccc(CC(=O)N(C)C)cc1,
CCCCOC(=O)NS(=O)(=O)c1sc(CC(C)C)cc1-c1ccc(CN(C)C(C)=O)cc1,
CCCCOC(=O)NS(=O)(=O)c1ccc(CC(C)C)cc1-c1ccc(Cn2ccnc2)cc1,
CCCCOC(=O)NS(=O)(=O)c1ccc(Oc2ccccc2)cc1-c1ccc(cc1)C(=O)N(CC)CC,
CCCCOC(=O)NS(=O)(=O)c1ccc(cc1-c1ccc(cc1)C(=O)N(CC)CC)-c1ccccc1,
CCCCOC(=O)NS(=O)(=O)c1ccccc1-c1ccc(cc1)C(=O)N(CC)CC,
CCCCOC(=O)NS(=O)(=O)c1cc(Cc2ccccc2)ccc1-c1ccc(cc1)C(=O)N(CC)CC,
CCCCOC(=O)NS(=O)(=O)c1ccc(Cc2ccccc2)cc1-c1ccc(cc1)C(=O)N(CC)CC,
CCCCOC(=O)NS(=O)(=O)c1cc(CC(C)C)ccc1-c1ccc(cc1)C(=O)N(CC)CC,
CCCCOC(=O)NS(=O)(=O)c1ccc(CC(C)C)cc1-c1ccc(cc1)C(=O)N(CC)CC,
CCCCOC(=O)NS(=O)(=O)c1sc(CC(C)C)cc1-c1ccc(cc1)C(=O)N1CCOCC1,
CCCCOC(=O)NS(=O)(=O)c1sc(CC(C)C)cc1-c1ccc(cc1)C(=O)N1CCCCC1,
CCCCOC(=O)NS(=O)(=O)c1sc(CC(C)C)cc1-c1ccc(cc1)C(=O)N1CCCC1,
CCCCC1=N\C(=C/c2ccc(Br)cc2)C(=O)N1Cc1ccc(cc1)-c1ccccc1C#N,
[O-]C(=O)C(F)(F)F.[O-]C(=O)C(F)(F)F.[O-]C(=O)C(F)(F)F.CCN(CC)c1ccc(cc1)C(=C1C=CC(C=C1)=[N+](CC)CC)c1ccc(cc1S([O-])(=O)=O)S(=O)(=O)NCCCC[C@H](NC(=O)Cc1csc(=[NH2+])n1C)C(=O)N[C@@H](Cc1cn(Cc2ccccc2)c[n+]1C)C(=O)NC1CC[NH+](C)CC1,
CSCC[C@H](NC(=O)[C@@H]1CCCN1C(=O)CNC(=O)[C@H](CCCCN)NC(=O)[C@H](Cc1cnc[nH]1)NC(=O)[C@H](CO)NC(=O)[C@H](CC(C)C)NC(=O)[C@H](CCCNC(N)=N)NC(=O)[C@@H]1CCCN1C(=O)[C@H](CCCNC(N)=N)NC(=O)[C@H](CCC(N)=O)NC(=O)[C@H](CCCNC(N)=N)NC(=O)[C@H](CCCNC(N)=N)NC(=O)[C@H](Cc1ccccc1)NC(=O)[C@@H](N)CCCCN)C(=O)N1CCC[C@H]1C(=O)N[C@@H](Cc1ccccc1)C(O)=O,
[O-]C(=O)C(F)(F)F.[O-]C(=O)C(F)(F)F.[O-]C(=O)C(F)(F)F.CCN(CC)c1ccc2c(-c3ccc(cc3S([O-])(=O)=O)S(=O)(=O)NCCCC[C@H](NC(=O)Cc3csc(=[NH2+])n3C)C(=O)N[C@@H](Cc3cn(Cc4ccccc4)c[n+]3C)C(=O)NC3CC[NH+](C)CC3)c3ccc(cc3oc2c1)=[N+](CC)CC,
CCCCc1nn(-c2cc(NC(=O)CC)ccc2Cl)c(=O)n1Cc1ccc(cc1)-c1ccccc1S(=O)(=O)NC(=O)c1occ(Cl)c1Cl,0.043
CCCCc1nn(-c2cc(NC(=O)CC)ccc2Cl)c(=O)n1Cc1ccc(cc1)-c1ccccc1S(=O)(=O)NC(=O)c1occ(Cl)c1Cl,0.043
CCc1nc2c(C)cc(C)nc2n1Cc1ccc(cc1)-c1ccccc1S(=O)(=O)NC(=O)C(c1ccccc1)c1ccccc1,0.05
CCCCc1nn(-c2cc(NC(C)=O)ccc2Cl)c(=O)n1Cc1ccc(cc1)-c1ccccc1S(=O)(=O)NC(=O)c1ccccc1Cl,0.052
CCCCc1nn(-c2cc(NC(C)=O)ccc2Cl)c(=O)n1Cc1ccc(cc1)-c1ccccc1S(=O)(=O)NC(=O)c1ccccc1Cl,0.052
CCCCc1nn(-c2cc(NC(C)=O)ccc2Cl)c(=O)n1Cc1ccc(cc1)-c1ccccc1S(=O)(=O)NC(=O)c1ccccc1Cl,0.052
CCCCc1nc2cccc(C(O)=O)c2n1Cc1ccc(cc1)-c1ccccc1-c1nnn[nH]1,0.055
CCCCC(=O)Nc1ccc(Cl)c(c1)-n1nc(CCCC)n(Cc2ccc(cc2)-c2ccccc2S(=O)(=O)NC(=O)OC(C)(C)C)c1=O,0.072
CCCCc1nn(-c2cc(NC(=O)CC)ccc2Cl)c(=O)n1Cc1ccc(cc1F)-c1ccccc1S(=O)(=O)NC(=O)c1ccccc1Cl,0.072
CCCCc1nn(-c2cc(NC(=O)CC)ccc2Cl)c(=O)n1Cc1ccc(cc1F)-c1ccccc1S(=O)(=O)NC(=O)c1ccccc1Cl,0.072
CCCCc1nn(-c2cc(NC(=O)CC)ccc2Cl)c(=O)n1Cc1ccc(cc1F)-c1ccccc1S(=O)(=O)NC(=O)c1ccccc1Cl,0.072
CCCCC(=O)Nc1ccc(Cl)c(c1)-n1nc(CCCC)n(Cc2ccc(cc2)-c2ccccc2S(=O)(=O)NC(=O)OC(C)(C)C)c1=O,0.072
CCCCc1nn(-c2cc(NC(=O)CC)ccc2Cl)c(=O)n1Cc1ccc(cc1F)-c1ccccc1S(=O)(=O)NC(=O)c1ccccc1Cl,0.072111
CCCCc1nn(-c2cc(NC(=O)C3CC3)ccc2Cl)c(=O)n1Cc1ccc(cc1)-c1ccccc1S(=O)(=O)NC(=O)c1ccccc1Cl,0.08
CCCCc1nn(-c2cc(NC(=O)C3CC3)ccc2Cl)c(=O)n1Cc1ccc(cc1)-c1ccccc1S(=O)(=O)NC(=O)c1ccccc1Cl,0.08
CCCCc1nn(-c2cc(NC(=O)COCC)ccc2Cl)c(=O)n1Cc1ccc(cc1F)-c1ccccc1S(=O)(=O)NC(=O)OC(C)(C)C,0.1
CCCCc1nn(-c2cc(NC(=O)COCC)ccc2Cl)c(=O)n1Cc1ccc(cc1F)-c1ccccc1S(=O)(=O)NC(=O)OC(C)(C)C,0.1
CCCc1nc2c(C)cc(NC(=O)CCc3ccccc3)cc2n1Cc1ccc(cc1)-c1ccccc1C(O)=O,0.1
CCCCc1nc2ccc(NC(=O)N(C)C(C)C)cc2c(=O)n1Cc1ccc(cc1)-c1ccccc1-c1nnn[nH]1,0.1
CCCc1nc(CC)c(C(=O)OCCN(C(=O)c2ccccc2)c2ccccc2)n1Cc1ccc(cc1F)-c1ccccc1S(=O)(=O)NC(=O)OCCC(C)C,0.1
CCCc1nc(CC)c(C(=O)OCCCC(=O)c2ccccc2)n1Cc1ccc(cc1F)-c1ccccc1S(=O)(=O)NC(=O)OCCC(C)C,0.1
CCCCCOC(=O)NS(=O)(=O)c1ccccc1-c1ccc(Cn2c(CCC)nc(CC)c2C(=O)OCCC(=O)Nc2ccccc2)c(F)c1,0.1
CCCc1nc(CC)c(C(=O)OCCCOCc2ccccc2)n1Cc1ccc(cc1F)-c1ccccc1S(=O)(=O)NC(=O)OCCC(C)C,0.1
CCCc1nc(CC)c(C(=O)OCc2ccccc2OC)n1Cc1ccc(cc1F)-c1ccccc1S(=O)(=O)NC(=O)OCCC(C)C,0.1
CCCc1nc(CC)c(C(=O)OCCCOc2ccccc2)n1Cc1ccc(cc1F)-c1ccccc1S(=O)(=O)NC(=O)OCCC(C)C,0.1
CCCc1nc(CC)c(C(=O)OCCC(=O)Nc2ccccc2)n1Cc1ccc(cc1F)-c1ccccc1S(=O)(=O)NC(=O)OCCC(C)C,0.1
CCCc1nc(CC)c(C(=O)OCCCN2C(=O)c3ccccc3C2=O)n1Cc1ccc(cc1F)-c1ccccc1S(=O)(=O)NC(=O)OCCC(C)C,0.1
CCCc1nc(CC)c(C(=O)OCC(=O)c2ccccc2)n1Cc1ccc(cc1F)-c1ccccc1S(=O)(=O)NC(=O)OCCC(C)C,0.1
CCc1nc2c(C)cc(C)nc2n1Cc1ccc(cc1)-c1ccccc1S(=O)(=O)NC(=O)CCC1CCCC1,0.1
CCCCC(=O)Nc1cc2nc(CCCC)n(Cc3ccc(cc3)-c3ccccc3S(=O)(=O)NC(=O)CCC3CCCC3)c2nc1C,0.1
CCCCc1nc2ccc(NC(=O)N(C)C(C)C)cc2c(=O)n1Cc1ccc(cc1)-c1ccccc1-c1nnn[nH]1,0.1
CCCCc1nc2ccc(NC(=O)N(C)C(C)C)cc2c(=O)n1Cc1ccc(cc1)-c1ccccc1-c1nnn[nH]1,0.1
CCCCc1nn(-c2cc(NC(=O)COCC)ccc2Cl)c(=O)n1Cc1ccc(cc1F)-c1ccccc1S(=O)(=O)NC(=O)OC(C)(C)C,0.1
CCCCc1nn(-c2cc(NC(=O)COCC)ccc2Cl)c(=O)n1Cc1ccc(cc1F)-c1ccccc1S(=O)(=O)NC(=O)OC(C)(C)C,0.1
CCCCc1nc2ccc(NC(=O)N(C)C(C)C)cc2c(=O)n1Cc1ccc(cc1)-c1ccccc1-c1nnn[nH]1,0.1
CCCCc1nc2ccc(NC(=O)N(C)C(C)C)cc2c(=O)n1Cc1ccc(cc1)-c1ccccc1-c1nnn[nH]1,0.1
CCCCc1nn(-c2cc(NC(=O)CC(C)C)ccc2Cl)c(=O)n1Cc1ccc(cc1)-c1ccccc1S(=O)(=O)NC(=O)c1ccccc1Cl,0.11
CCCCc1nn(-c2cc(NC(=O)CCC)ccc2Cl)c(=O)n1Cc1ccc(cc1)-c1ccccc1S(=O)(=O)NC(=O)c1ccccc1Cl,0.11
CCCCc1nn(-c2ccccc2C(F)(F)F)c(=O)n1Cc1ccc(cc1)-c1ccccc1S(=O)(=O)NC(=O)c1ccccc1Cl,0.11
CCCCc1nn(-c2ccccc2C(F)(F)F)c(=O)n1Cc1ccc(cc1)-c1ccccc1S(=O)(=O)NC(=O)c1ccccc1Cl,0.11
CCCCOC(=O)NS(=O)(=O)c1ccccc1-c1ccc(Cn2c(CCCC)nc3cc(NC(=O)CCCC)c(C)nc23)cc1,0.11
CCCCc1nn(-c2cc(NC(=O)CCC)ccc2Cl)c(=O)n1Cc1ccc(cc1)-c1ccccc1S(=O)(=O)NC(=O)c1ccccc1Cl,0.11
CCCCc1nn(-c2ccccc2C(F)(F)F)c(=O)n1Cc1ccc(cc1)-c1ccccc1S(=O)(=O)NC(=O)c1ccccc1Cl,0.11
CCCCc1nn(-c2cc(NC(=O)CC(C)C)ccc2Cl)c(=O)n1Cc1ccc(cc1)-c1ccccc1S(=O)(=O)NC(=O)c1ccccc1Cl,0.11
CCCCc1nn(-c2ccccc2C(F)(F)F)c(=O)n1Cc1ccc(cc1)-c1ccccc1S(=O)(=O)NC(=O)c1ccccc1Cl,0.11
CCCCc1nn(-c2cc(NC(=O)CC)ccc2Br)c(=O)n1Cc1ccc(cc1F)-c1ccccc1S(=O)(=O)NC(=O)OC(C)(C)C,0.12
CCCCc1nn(-c2cc(NC(=O)Cc3ccccc3)ccc2Cl)c(=O)n1Cc1ccc(cc1)-c1ccccc1S(=O)(=O)NC(=O)c1ccccc1Cl,0.12
CCCCC(=O)Nc1cnc2n(Cc3ccc(cc3)-c3ccccc3S(=O)(=O)NC(=O)CCC3CCCC3)c(CCCC)nc2c1,0.12
CCCCc1nn(-c2cc(NC(=O)Cc3ccccc3)ccc2Cl)c(=O)n1Cc1ccc(cc1)-c1ccccc1S(=O)(=O)NC(=O)c1ccccc1Cl,0.12
CCCCc1nn(-c2cc(NC(=O)CC)ccc2Br)c(=O)n1Cc1ccc(cc1F)-c1ccccc1S(=O)(=O)NC(=O)OC(C)(C)C,0.12
CCCCOC(=O)NS(=O)(=O)c1ccccc1-c1ccc(Cn2c(CCC)nc3ccc(NC(=O)NC(C)C)cc3c2=O)cc1,0.12
CCCCc1nn(-c2cc(NC(=O)CC)ccc2Br)c(=O)n1Cc1ccc(cc1F)-c1ccccc1S(=O)(=O)NC(=O)OC(C)(C)C,0.120226
CCCCc1nn(-c2cc(NC(=O)CC)ccc2C(F)(F)F)c(=O)n1Cc1ccc(cc1F)-c1ccccc1S(=O)(=O)NC(=O)c1ccccc1Cl,0.13
CCCCc1nn(-c2cc(NC(=O)CC)ccc2C(F)(F)F)c(=O)n1Cc1ccc(cc1F)-c1ccccc1S(=O)(=O)NC(=O)OCC,0.13
CCCCc1nn(-c2cc(NC(=O)CC)ccc2Cl)c(=O)n1Cc1ccc(cc1F)-c1ccccc1S(=O)(=O)NC(=O)OC(C)(C)C,0.13
CCCCc1nc2ccc(NC(=O)N(C)C(C)C)cc2c(=O)n1Cc1ccc(cc1F)-c1ccccc1S(=O)(=O)NC(=O)OCCC1CC1,0.13
CCCCc1nn(-c2cc(NC(=O)CC)ccc2C(F)(F)F)c(=O)n1Cc1ccc(cc1F)-c1ccccc1S(=O)(=O)NC(=O)c1ccccc1Cl,0.13
CCCCc1nn(-c2cc(NC(=O)CC)ccc2Cl)c(=O)n1Cc1ccc(cc1F)-c1ccccc1S(=O)(=O)NC(=O)OC(C)(C)C,0.13
CCCCc1nn(-c2cc(NC(=O)CC)ccc2C(F)(F)F)c(=O)n1Cc1ccc(cc1F)-c1ccccc1S(=O)(=O)NC(=O)OCC,0.13
CCCCc1nn(-c2ccccc2C(F)(F)F)c(=O)n1Cc1ccc(cc1)-c1ccccc1S(=O)(=O)NC(=O)c1ccccc1F,0.13
CCCCc1nn(-c2cc(NC(=O)CC)ccc2C(F)(F)F)c(=O)n1Cc1ccc(cc1F)-c1ccccc1S(=O)(=O)NC(=O)c1ccccc1Cl,0.130017
CCCCc1nn(-c2cc(NC(=O)CC)ccc2Cl)c(=O)n1Cc1ccc(cc1F)-c1ccccc1S(=O)(=O)NC(=O)OC(C)(C)C,0.130017
CCCCc1nn(-c2cc(NC(=O)CC)ccc2C(F)(F)F)c(=O)n1Cc1ccc(cc1F)-c1ccccc1S(=O)(=O)NC(=O)OCC,0.130017
CCCCNC(=O)c1ccc(Cl)c(c1)-n1nc(CCCC)n(Cc2ccc(cc2)-c2ccccc2S(=O)(=O)NC(=O)c2ccccc2Cl)c1=O,0.14
CCCCc1nn(-c2cc(NC(=O)CC)ccc2C(F)(F)F)c(=O)n1Cc1ccc(cc1F)-c1ccccc1S(=O)(=O)NC(=O)c1ccccc1,0.14
CCCCc1nn(-c2cc(NC(=O)CCOC)ccc2Cl)c(=O)n1Cc1ccc(cc1F)-c1ccccc1S(=O)(=O)NC(=O)OC(C)(C)C,0.14
CCCCNC(=O)c1ccc(Cl)c(c1)-n1nc(CCCC)n(Cc2ccc(cc2)-c2ccccc2S(=O)(=O)NC(=O)c2ccccc2Cl)c1=O,0.14
CCCCc1nn(-c2cc(NC(=O)NCCC)ccc2Cl)c(=O)n1Cc1ccc(cc1)-c1ccccc1S(=O)(=O)NC(=O)c1ccccc1Cl,0.14
CCCCNC(=O)c1ccc(Cl)c(c1)-n1nc(CCCC)n(Cc2ccc(cc2)-c2ccccc2S(=O)(=O)NC(=O)c2ccccc2Cl)c1=O,0.14
CCCCc1nn(-c2cc(NC(=O)CCOC)ccc2Cl)c(=O)n1Cc1ccc(cc1F)-c1ccccc1S(=O)(=O)NC(=O)OC(C)(C)C,0.14
CCCCc1nn(-c2cc(NC(=O)CC)ccc2C(F)(F)F)c(=O)n1Cc1ccc(cc1F)-c1ccccc1S(=O)(=O)NC(=O)c1ccccc1,0.14
CCCCc1nn(-c2cc(NC(=O)CCOC)ccc2Cl)c(=O)n1Cc1ccc(cc1F)-c1ccccc1S(=O)(=O)NC(=O)OC(C)(C)C,0.14
CCCCNC(=O)c1ccc(Cl)c(c1)-n1nc(CCCC)n(Cc2ccc(cc2)-c2ccccc2S(=O)(=O)NC(=O)c2ccccc2Cl)c1=O,0.14
CCCCc1nn(-c2cc(NC(=O)NCCC)ccc2Cl)c(=O)n1Cc1ccc(cc1)-c1ccccc1S(=O)(=O)NC(=O)c1ccccc1Cl,0.14
CCCCc1nn(-c2cc(NC(=O)CC)ccc2C(F)(F)F)c(=O)n1Cc1ccc(cc1F)-c1ccccc1S(=O)(=O)NC(=O)c1ccccc1,0.14
CCCCc1nn(-c2cc(NC(=O)CCOC)ccc2Cl)c(=O)n1Cc1ccc(cc1F)-c1ccccc1S(=O)(=O)NC(=O)OC(C)(C)C,0.140281
CCCCNC(=O)c1ccc(Cl)c(c1)-n1nc(CCCC)n(Cc2ccc(cc2)-c2ccccc2S(=O)(=O)NC(=O)c2ccccc2Cl)c1=O,0.140281
CCCCc1nn(-c2cc(NC(=O)CC)ccc2C(F)(F)F)c(=O)n1Cc1ccc(cc1F)-c1ccccc1S(=O)(=O)NC(=O)c1ccccc1,0.140281
CCCCc1nn(-c2ccccc2C(F)(F)F)c(=O)n1Cc1ccc(cc1F)-c1ccccc1S(=O)(=O)NC(=O)c1ccccc1Cl,0.15
CCCCc1nn(-c2ccccc2C(F)(F)F)c(=O)n1Cc1ccc(cc1)-c1ccccc1S(=O)(=O)NC(=O)C1CCCCC1,0.15
CCCCc1nc2ccc(NC(=O)NC(C)C)cc2c(=O)n1Cc1ccc(cc1)-c1ccccc1S(=O)(=O)NC(=O)c1ccccc1,0.15
CCCCOC(=O)NS(=O)(=O)c1ccccc1-c1ccc(Cn2c(CCCC)nc3ccc(NC(=O)NC(C)C)cc3c2=O)cc1,0.15
CCCCC(=O)Nc1ccc(Br)c(c1)-n1nc(CC)n(Cc2ccc(cc2F)-c2ccccc2S(=O)(=O)NC(=O)OC(C)(C)C)c1=O,0.16
CCCCNC(=O)c1ccc(Cl)c(c1)-n1nc(CCCC)n(Cc2ccc(cc2F)-c2ccccc2S(=O)(=O)NC(=O)c2ccccc2Cl)c1=O,0.16
CCCCc1nn(-c2cc(NC(=O)C(C)(C)C)ccc2Cl)c(=O)n1Cc1ccc(cc1)-c1ccccc1S(=O)(=O)NC(=O)c1ccccc1Cl,0.16
CCCCC(=O)Nc1ccc(Cl)c(c1)-n1nc(CCCC)n(Cc2ccc(cc2)-c2ccccc2S(=O)(=O)NC(=O)c2ccccc2Cl)c1=O,0.16
CCCCc1ncc(\C=C(/Cc2cccs2)C(O)=O)n1Cc1ccc(C(O)=O)c(Cl)c1Cl,0.16
CCCCC(=O)Nc1ccc(Cl)c(c1)-n1nc(CCCC)n(Cc2ccc(cc2)-c2ccccc2S(=O)(=O)NC(=O)c2ccccc2Cl)c1=O,0.16
CCCCNC(=O)c1ccc(Cl)c(c1)-n1nc(CCCC)n(Cc2ccc(cc2F)-c2ccccc2S(=O)(=O)NC(=O)c2ccccc2Cl)c1=O,0.16
CCCCC(=O)Nc1ccc(Cl)c(c1)-n1nc(CCCC)n(Cc2ccc(cc2)-c2ccccc2S(=O)(=O)NC(=O)c2ccccc2Cl)c1=O,0.16
CCCCc1nn(-c2cc(NC(=O)C(C)(C)C)ccc2Cl)c(=O)n1Cc1ccc(cc1)-c1ccccc1S(=O)(=O)NC(=O)c1ccccc1Cl,0.16
CCCCNC(=O)c1ccc(Cl)c(c1)-n1nc(CCCC)n(Cc2ccc(cc2F)-c2ccccc2S(=O)(=O)NC(=O)c2ccccc2Cl)c1=O,0.16
CCCCC(=O)Nc1ccc(Br)c(c1)-n1nc(CC)n(Cc2ccc(cc2F)-c2ccccc2S(=O)(=O)NC(=O)OC(C)(C)C)c1=O,0.16
CCCCc1nn(-c2ccccc2C(F)(F)F)c(=O)n1Cc1ccc(cc1)-c1ccccc1S(=O)(=O)NS(=O)(=O)C(C)C,0.16
CCCCC(=O)Nc1ccc(Br)c(c1)-n1nc(CC)n(Cc2ccc(cc2F)-c2ccccc2S(=O)(=O)NC(=O)OC(C)(C)C)c1=O,0.160325
CCCCNC(=O)c1ccc(Cl)c(c1)-n1nc(CCCC)n(Cc2ccc(cc2F)-c2ccccc2S(=O)(=O)NC(=O)c2ccccc2Cl)c1=O,0.160325
CCCCNC(=O)c1ccc(Cl)c(c1)-n1nc(CCCC)n(Cc2ccc(cc2F)-c2ccccc2S(=O)(=O)NC(=O)OC(C)(C)C)c1=O,0.17
CCCCc1nn(-c2cc(NC(=O)CC)ccc2Cl)c(=O)n1Cc1ccc(cc1)-c1ccccc1S(=O)(=O)NC(=O)c1ccccc1Cl,0.17
CCCCc1nn(-c2cc(NC(=O)CC)ccc2Cl)c(=O)n1Cc1ccc(cc1)-c1ccccc1S(=O)(=O)NC(=O)c1ccccc1Cl,0.17
Cc1nc(C)c2c(O)cc(=O)n(Cc3ccc(cc3)-c3ccccc3-c3nnn[nH]3)c2n1,0.17
CCCCc1nn(-c2cc(NC(=O)CC)ccc2Cl)c(=O)n1Cc1ccc(cc1)-c1ccccc1S(=O)(=O)NC(=O)c1ccccc1Cl,0.17
CCCCNC(=O)c1ccc(Cl)c(c1)-n1nc(CCCC)n(Cc2ccc(cc2F)-c2ccccc2S(=O)(=O)NC(=O)OC(C)(C)C)c1=O,0.17
CCCCc1nn(-c2cc(NC(=O)CC)ccc2Cl)c(=O)n1Cc1ccc(cc1)-c1ccccc1S(=O)(=O)NC(=O)c1ccccc1Cl,0.17
CCCCNC(=O)c1ccc(Cl)c(c1)-n1nc(CCCC)n(Cc2ccc(cc2F)-c2ccccc2S(=O)(=O)NC(=O)OC(C)(C)C)c1=O,0.17
CCCCc1nn(-c2cc(NC(=O)CC)ccc2Cl)c(=O)n1Cc1ccc(cc1)-c1ccccc1S(=O)(=O)NC(=O)c1ccccc1Cl,0.17
CCCCc1nn(-c2ccccc2C(F)(F)F)c(=O)n1Cc1ccc(cc1)-c1ccccc1S(=O)(=O)NC(=O)c1cc2ccccc2o1,0.17
CCCCc1nn(-c2ccccc2C(F)(F)F)c(=O)n1Cc1ccc(cc1)-c1ccccc1S(=O)(=O)NC(=O)c1cc(C)oc1C(F)(F)F,0.17
CCCCCOC(=O)NS(=O)(=O)c1ccccc1-c1ccc(Cn2c(CCCC)nc3ccc(NC(=O)NC(C)C)cc3c2=O)cc1,0.17
CCCCc1nn(-c2cc(NC(=O)CC)ccc2Cl)c(=O)n1Cc1ccc(cc1)-c1ccccc1S(=O)(=O)NC(=O)c1ccccc1Cl,0.170216
CCCCNC(=O)c1ccc(Cl)c(c1)-n1nc(CCCC)n(Cc2ccc(cc2F)-c2ccccc2S(=O)(=O)NC(=O)OC(C)(C)C)c1=O,0.178238
CCCCc1nn(-c2cc(NC(=O)C(C)C)ccc2Cl)c(=O)n1Cc1ccc(cc1)-c1ccccc1S(=O)(=O)NC(=O)c1ccccc1Cl,0.18
CCCCc1nn(c(C(O)=O)c1Cc1ccc(cc1)-c1ccccc1-c1nnn[nH]1)-c1c(Cl)cccc1Cl,0.18
CCCCc1nn(-c2cc(NC(=O)C(C)C)ccc2Cl)c(=O)n1Cc1ccc(cc1)-c1ccccc1S(=O)(=O)NC(=O)c1ccccc1Cl,0.18
CCCCOC(=O)NS(=O)(=O)c1ccccc1-c1ccc(Cn2c(CCC)nc3ccc(NC(=O)NCCC)cc3c2=O)cc1,0.18
CCCCOC(=O)NS(=O)(=O)c1ccccc1-c1ccc(Cn2c(CCC)nc3ccc(NC(=O)NCC)cc3c2=O)cc1,0.18
CCCCc1nn(-c2cc(NC(=O)c3ccccc3)ccc2Br)c(=O)n1Cc1ccc(cc1F)-c1ccccc1S(=O)(=O)NC(=O)OC(C)(C)C,0.19
CCCCC(=O)Nc1ccc(Cl)c(c1)-n1nc(CCC)n(Cc2ccc(cc2F)-c2ccccc2S(=O)(=O)NC(=O)c2cc(Cl)ccc2Cl)c1=O,0.19
CCCCOC(=O)NS(=O)(=O)c1ccccc1-c1ccc(Cn2c(CCCC)nc3ccc(NC(=O)N(C)C(C)C)cc3c2=O)c(F)c1,0.19
CCc1ccc(C(=O)NS(=O)(=O)c2ccccc2-c2ccc(Cn3c(CC)nc4ccc(NC(=O)NC(C)C)cc4c3=O)c(F)c2)c(F)c1,0.19
CCCCc1nn(-c2cc(NC(=O)c3ccccc3)ccc2Br)c(=O)n1Cc1ccc(cc1F)-c1ccccc1S(=O)(=O)NC(=O)OC(C)(C)C,0.19
CCCCc1nn(-c2cc(NC(=O)c3ccccc3)ccc2Br)c(=O)n1Cc1ccc(cc1F)-c1ccccc1S(=O)(=O)NC(=O)OC(C)(C)C,0.19
CCCNC(=O)c1ccc(c(c1)-n1nc(CCC)n(Cc2ccc(cc2F)-c2ccccc2S(=O)(=O)NC(=O)c2ccccc2)c1=O)C(F)(F)F,0.19
CCCCc1nn(-c2ccccc2C(F)(F)F)c(=O)n1Cc1ccc(cc1)-c1ccccc1S(=O)(=O)NC(=O)c1occ(Cl)c1Cl,0.19
CCCCOC(=O)NS(=O)(=O)c1ccccc1-c1ccc(Cn2c(CCC)nc3ccc(NC(=O)CCCC)cc3c2=O)cc1,0.19
CCCCC(=O)Nc1ccc(Cl)c(c1)-n1nc(CCC)n(Cc2ccc(cc2F)-c2ccccc2S(=O)(=O)NC(=O)c2cc(Cl)ccc2Cl)c1=O,0.190108
CCCCc1nn(-c2cc(NC(=O)c3ccccc3)ccc2Br)c(=O)n1Cc1ccc(cc1F)-c1ccccc1S(=O)(=O)NC(=O)OC(C)(C)C,0.190108
CCCCc1nn(-c2cc(NC(=O)CC)ccc2C(F)(F)F)c(=O)n1Cc1ccc(cc1F)-c1ccccc1S(=O)(=O)NC(=O)CC(C)(C)C,0.2
CCCc1nn(-c2cc(NC(=O)COCC)ccc2C(F)(F)F)c(=O)n1Cc1ccc(cc1F)-c1ccccc1S(=O)(=O)NC(=O)OC(C)(C)C,0.2
CCc1nc2c(C)cc(C)nc2n1Cc1ccc(cc1)-c1ccccc1S(=O)(=O)NC(=O)c1ccccc1,0.2
CCCCc1nc2ccn(CC(=O)N(C)C)c(=O)c2n1Cc1ccc(cc1)-c1ccccc1-c1nnn[nH]1,0.2
CCCCC(=O)Nc1ccc(Br)c(c1)-n1nc(CC)n(Cc2ccc(cc2F)-c2ccccc2S(=O)(=O)NC(=O)OC(C)(C)C)c1=O,0.2
CCCc1nc(CC)c(C(=O)OCCCSc2ccccc2)n1Cc1ccc(cc1F)-c1ccccc1S(=O)(=O)NC(=O)OCCC(C)C,0.2
CCCc1nc(CC)c(C(=O)OCCCS(=O)c2ccccc2)n1Cc1ccc(cc1F)-c1ccccc1S(=O)(=O)NC(=O)OCCC(C)C,0.2
CCCc1nc(CC)c(C(=O)OCc2ccccc2S(=O)c2ccccc2)n1Cc1ccc(cc1F)-c1ccccc1S(=O)(=O)NC(=O)OCCC(C)C,0.2
CCCCN(Cc1ccccc1)C(=O)CCCOC(=O)c1c(CC)nc(CCC)n1Cc1ccc(cc1F)-c1ccccc1S(=O)(=O)NC(=O)OCCC(C)C,0.2
CCCc1nc(CC)c(C(=O)OCCCS(=O)(=O)c2ccccc2)n1Cc1ccc(cc1F)-c1ccccc1S(=O)(=O)NC(=O)OCCC(C)C,0.2
CCc1nc2c(C)cc(C)nc2n1Cc1ccc(cc1)-c1ccccc1S(=O)(=O)NC(=O)c1ccccc1,0.2
CCCCOC(=O)NS(=O)(=O)c1ccccc1-c1ccc(Cn2c(CCC)nc(CC)c2C(=O)OCc2ccccc2C(=O)c2ccccc2)c(F)c1,0.2
CCCc1nc(CC)c(C(=O)OCCN(C(=O)OCCC(C)C)c2ccccc2)n1Cc1ccc(cc1F)-c1ccccc1S(=O)(=O)NC(=O)OCCC(C)C,0.2
CCCc1nc(CC)c(C(=O)OCCCCOc2ccccc2)n1Cc1ccc(cc1F)-c1ccccc1S(=O)(=O)NC(=O)OCCC(C)C,0.2
CCCc1nc(CC)c(C(=O)OCCCC(=O)Nc2ccccc2)n1Cc1ccc(cc1F)-c1ccccc1S(=O)(=O)NC(=O)OCCC(C)C,0.2
CCCc1nc(CC)c(C(=O)OCCN2C(=O)c3ccccc3C2=O)n1Cc1ccc(cc1F)-c1ccccc1S(=O)(=O)NC(=O)OCCC(C)C,0.2
CCCc1nc2ccc(NC(=O)NC(C)C)cc2c(=O)n1Cc1ccc(cc1F)-c1ccccc1S(=O)(=O)NC(=O)c1ccc(CC)cc1F,0.2
CCCCc1nn(Cc2ccccc2)c(C(O)=O)c1Cc1ccc(cc1)-c1ccccc1-c1nnn[nH]1,0.2
CCc1nc2c(C)cc(C)nc2n1Cc1ccc(cc1)-c1ccccc1S(=O)(=O)NC(=O)c1ccccc1,0.2
CCCCc1nn(-c2cc(NC(=O)CC)ccc2C(F)(F)F)c(=O)n1Cc1ccc(cc1F)-c1ccccc1S(=O)(=O)NC(=O)CC(C)(C)C,0.2
CCCc1nn(-c2cc(NC(=O)COCC)ccc2C(F)(F)F)c(=O)n1Cc1ccc(cc1F)-c1ccccc1S(=O)(=O)NC(=O)OC(C)(C)C,0.2
CCCc1nn(-c2cc(NC(=O)COCC)ccc2C(F)(F)F)c(=O)n1Cc1ccc(cc1F)-c1ccccc1S(=O)(=O)NC(=O)OC(C)(C)C,0.2
CCc1nc2c(C)cc(C)nc2n1Cc1ccc(cc1)-c1ccccc1S(=O)(=O)NC(=O)c1ccccc1,0.2
CCCCc1nn(-c2cc(NC(=O)CC)ccc2C(F)(F)F)c(=O)n1Cc1ccc(cc1F)-c1ccccc1S(=O)(=O)NC(=O)CC(C)(C)C,0.2
CCCCc1nn(-c2ccccc2C(F)(F)F)c(=O)n1Cc1ccc(cc1)-c1ccccc1S(=O)(=O)NS(=O)(=O)c1ccccc1,0.2
CCCCOC(=O)NS(=O)(=O)c1ccccc1-c1ccc(Cn2c(CC)nc3c(C)cc(C)nc23)cc1,0.2
CCCCOC(=O)NS(=O)(=O)c1ccc(C)cc1-c1ccc(Cn2c(CC)nc3c(C)cc(C)nc23)cc1,0.2
CCc1nc2c(C)cc(C)nc2n1Cc1ccc(cc1)-c1ccccc1S(=O)(=O)NC(=O)c1ccccc1,0.2
CCCCCCCC(=O)NS(=O)(=O)Nc1ccccc1-c1ccc(Cn2c(CCCC)ncc2C(O)=O)cc1,0.2
CCCCc1nn(-c2cc(NC(=O)CC)ccc2C(F)(F)F)c(=O)n1Cc1ccc(cc1F)-c1ccccc1S(=O)(=O)NC(=O)CC(C)(C)C,0.200447
CCCc1nn(-c2cc(NC(=O)COCC)ccc2C(F)(F)F)c(=O)n1Cc1ccc(cc1F)-c1ccccc1S(=O)(=O)NC(=O)OC(C)(C)C,0.200447
CCCCc1nn(-c2cc(NC(=O)CC)ccc2Cl)c(=O)n1Cc1ccc(cc1)-c1ccccc1S(=O)(=O)NC(=O)OC(C)(C)C,0.21
CCCCC(=O)Nc1ccc(Br)c(c1)-n1nc(CCC)n(Cc2ccc(cc2F)-c2ccccc2S(=O)(=O)NC(=O)OC(C)(C)C)c1=O,0.21
CCCCc1nn(-c2cc(NC(=O)CC)ccc2C(F)(F)F)c(=O)n1Cc1ccc(cc1)-c1ccccc1S(=O)(=O)NC(=O)c1ccccc1Cl,0.21
CCCCc1nn(-c2cc(NC(=O)CC)ccc2Cl)c(=O)n1Cc1ccc(cc1)-c1ccccc1S(=O)(=O)NC(=O)OC(C)(C)C,0.21
CCCCc1nn(-c2cc(NC(=O)CC(C)(C)C)ccc2Cl)c(=O)n1Cc1ccc(cc1)-c1ccccc1S(=O)(=O)NC(=O)c1ccccc1Cl,0.21
CCCCc1nn(-c2cc(NC(=O)CC)ccc2Cl)c(=O)n1Cc1ccc(cc1)-c1ccccc1S(=O)(=O)NC(=O)OC(C)(C)C,0.21
CCCCc1nn(-c2cc(NC(=O)CC)ccc2C(F)(F)F)c(=O)n1Cc1ccc(cc1)-c1ccccc1S(=O)(=O)NC(=O)c1ccccc1Cl,0.21
CCCCc1nn(-c2cc(NC(=O)CC(C)(C)C)ccc2Cl)c(=O)n1Cc1ccc(cc1)-c1ccccc1S(=O)(=O)NC(=O)c1ccccc1Cl,0.21
CCCCc1nn(-c2cc(NC(=O)CC)ccc2Cl)c(=O)n1Cc1ccc(cc1)-c1ccccc1S(=O)(=O)NC(=O)OC(C)(C)C,0.21
CCc1nc2c(C)cc(C)nc2n1Cc1ccc(cc1)-c1ccccc1S(=O)(=O)NC(=O)C(C)C,0.21
CCCCC(=O)Nc1ccc(Br)c(c1)-n1nc(CCC)n(Cc2ccc(cc2F)-c2ccccc2S(=O)(=O)NC(=O)OC(C)(C)C)c1=O,0.21
CCCCc1nn(-c2cc(NC(=O)CC)ccc2Cl)c(=O)n1Cc1ccc(cc1)-c1ccccc1S(=O)(=O)NC(=O)OC(C)(C)C,0.21
CCCCc1nn(-c2ccccc2C(F)(F)F)c(=O)n1Cc1ccc(cc1)-c1ccccc1S(=O)(=O)NC(=O)c1occc1C,0.21
CCCCOC(=O)NS(=O)(=O)c1ccccc1-c1ccc(Cn2c(CCC)nc3ccc(NC(=O)N(C)C(C)C)cc3c2=O)cc1,0.21
CCCCc1nn(-c2cc(NC(=O)CC)ccc2Cl)c(=O)n1Cc1ccc(cc1)-c1ccccc1S(=O)(=O)NC(=O)OC(C)(C)C,0.210378
CCCCC(=O)Nc1ccc(Br)c(c1)-n1nc(CCC)n(Cc2ccc(cc2F)-c2ccccc2S(=O)(=O)NC(=O)OC(C)(C)C)c1=O,0.210378
CCCCC(=O)Nc1ccc(Br)c(c1)-n1nc(CC)n(Cc2ccc(cc2F)-c2ccccc2S(=O)(=O)NC(=O)c2ccccc2F)c1=O,0.22
CCCCc1nn(-c2cc(NC(=O)CC)ccc2C(F)(F)F)c(=O)n1Cc1ccc(cc1F)-c1ccccc1S(=O)(=O)NC(=O)c1ccccc1F,0.22
CCCCc1nn(-c2cc(NC(=O)CC)ccc2C(F)(F)F)c(=O)n1Cc1ccc(cc1F)-c1ccccc1S(=O)(=O)NC(=O)c1ccccc1F,0.22
CCCCC(=O)Nc1ccc(Br)c(c1)-n1nc(CC)n(Cc2ccc(cc2F)-c2ccccc2S(=O)(=O)NC(=O)c2ccccc2F)c1=O,0.22
CCCCc1nn(-c2ccccc2C(F)(F)F)c(=O)n1Cc1ccc(cc1)-c1ccccc1S(=O)(=O)NC(=O)c1oc(C)cc1C,0.22
CCCCC(=O)Nc1ccc(Br)c(c1)-n1nc(CC)n(Cc2ccc(cc2F)-c2ccccc2S(=O)(=O)NC(=O)c2ccccc2F)c1=O,0.22
CCCCc1nn(-c2ccccc2C(F)(F)F)c(=O)n1Cc1ccc(cc1)-c1ccccc1S(=O)(=O)NC(=O)C1(C)SCCS1,0.22
CCCCC(=O)Nc1ccc(Br)c(c1)-n1nc(CC)n(Cc2ccc(cc2F)-c2ccccc2S(=O)(=O)NC(=O)c2ccccc2F)c1=O,0.220293
CCCCc1nn(-c2cc(NC(=O)CC)ccc2C(F)(F)F)c(=O)n1Cc1ccc(cc1F)-c1ccccc1S(=O)(=O)NC(=O)c1ccccc1F,0.220293
CCCCC(=O)Nc1ccc(Br)c(c1)-n1nc(CC)n(Cc2ccc(cc2F)-c2ccccc2S(=O)(=O)NC(=O)c2cc(F)ccc2F)c1=O,0.23
CCCCc1nc2ccc(NC(=O)N(C)C(C)C)cc2c(=O)n1Cc1ccc(cc1F)-c1ccccc1S(=O)(=O)NC(=O)OCCC(C)C,0.23
CCCCC(=O)Nc1ccc(Br)c(c1)-n1nc(CC)n(Cc2ccc(cc2F)-c2ccccc2S(=O)(=O)NC(=O)c2cc(F)ccc2F)c1=O,0.23
CCCCC(=O)Nc1ccc(Br)c(c1)-n1nc(CC)n(Cc2ccc(cc2F)-c2ccccc2S(=O)(=O)NC(=O)c2cc(F)ccc2F)c1=O,0.23
CCCCC(=O)Nc1ccc(Br)c(c1)-n1nc(CC)n(Cc2ccc(cc2F)-c2ccccc2S(=O)(=O)NC(=O)c2cc(F)ccc2F)c1=O,0.230144
CCCc1nn(-c2cc(NC(=O)c3ccccc3)ccc2Br)c(=O)n1Cc1ccc(cc1F)-c1ccccc1S(=O)(=O)NC(=O)OC(C)(C)C,0.24
CCCCc1nn(-c2cc(NC(=O)CC)ccc2C(F)(F)F)c(=O)n1Cc1ccc(cc1F)-c1ccccc1S(=O)(=O)NC(=O)OC(C)C,0.24
CCCCOC(=O)NS(=O)(=O)c1ccccc1-c1ccc(Cn2c(CCCC)nc3ccc(NC(=O)N(C)C(C)C)cc3c2=O)cc1,0.24
CCCc1nc2ccc(NC(=O)N3CCOCC3)cc2c(=O)n1Cc1ccc(cc1F)-c1ccccc1S(=O)(=O)NC(=O)OCCC(C)C,0.24
CCCCc1nn(CCc2ccccc2)c(C(O)=O)c1Cc1ccc(cc1)-c1ccccc1-c1nnn[nH]1,0.24
CCCCc1nn(c(C(O)=O)c1Cc1ccc(cc1)-c1ccccc1-c1nnn[nH]1)-c1ccccc1C(F)(F)F,0.24
CCCCOC(=O)NS(=O)(=O)c1ccccc1-c1ccc(Cn2c(CCCC)nc3ccc(NC(=O)N(C)C(C)C)cc3c2=O)cc1,0.24
CCCCc1nn(-c2cc(NC(=O)CC)ccc2C(F)(F)F)c(=O)n1Cc1ccc(cc1F)-c1ccccc1S(=O)(=O)NC(=O)OC(C)C,0.24
CCCc1nn(-c2cc(NC(=O)c3ccccc3)ccc2Br)c(=O)n1Cc1ccc(cc1F)-c1ccccc1S(=O)(=O)NC(=O)OC(C)(C)C,0.24
CCCCOC(=O)NS(=O)(=O)c1ccccc1-c1ccc(Cn2c(CCCC)nc3ccc(NC(=O)NCC)cc3c2=O)cc1,0.24
CCCCOC(=O)NS(=O)(=O)c1ccccc1-c1ccc(Cn2c(CCCC)nc3ccc(NC(=O)N(C)C(C)C)cc3c2=O)cc1,0.24
CCCCc1nn(-c2cc(NC(=O)CC)ccc2C(F)(F)F)c(=O)n1Cc1ccc(cc1F)-c1ccccc1S(=O)(=O)NC(=O)OC(C)C,0.240436
CCCc1nn(-c2cc(NC(=O)c3ccccc3)ccc2Br)c(=O)n1Cc1ccc(cc1F)-c1ccccc1S(=O)(=O)NC(=O)OC(C)(C)C,0.240436
CCCCc1nn(-c2cc(NC(=O)CC)ccc2Br)c(=O)n1Cc1ccc(cc1Cl)-c1ccccc1S(=O)(=O)NC(=O)OC(C)(C)C,0.25
CCCCc1nn(-c2cc(ccc2Cl)C(=O)OC)c(=O)n1Cc1ccc(cc1)-c1ccccc1S(=O)(=O)NC(=O)c1ccccc1Cl,0.25
CCCCc1nn(-c2cc(NC(=O)CCc3ccccc3)ccc2Cl)c(=O)n1Cc1ccc(cc1)-c1ccccc1S(=O)(=O)NC(=O)c1ccccc1Cl,0.25
CCCCc1nn(-c2cc(NC(=O)CC)ccc2Cl)c(=O)n1Cc1ccc(cc1)-c1cc(CC)ccc1S(=O)(=O)NC(=O)c1ccccc1Cl,0.25
CCCCc1nn(-c2cc(NC(=O)CC)ccc2C(F)(F)F)c(=O)n1Cc1ccc(cc1F)-c1ccccc1S(=O)(=O)NC(=O)c1ccccc1Cl,0.25
CCCCc1nn(-c2cc(ccc2Cl)C(=O)OC)c(=O)n1Cc1ccc(cc1)-c1ccccc1S(=O)(=O)NC(=O)c1ccccc1Cl,0.25
CCCCc1nn(-c2cc(NC(=O)CCc3ccccc3)ccc2Cl)c(=O)n1Cc1ccc(cc1)-c1ccccc1S(=O)(=O)NC(=O)c1ccccc1Cl,0.25
CCCCc1nn(-c2cc(NC(=O)CC)ccc2Br)c(=O)n1Cc1ccc(cc1Cl)-c1ccccc1S(=O)(=O)NC(=O)OC(C)(C)C,0.25
CCCCNC(=O)Nc1ccc2nc(CCC)n(Cc3ccc(cc3)-c3ccccc3S(=O)(=O)NC(=O)OCCCC)c(=O)c2c1,0.25
CCCc1nc2ccc(NC(=O)N3CCOCC3)cc2c(=O)n1Cc1ccc(cc1)-c1ccccc1S(=O)(=O)NC(=O)OCCC(C)C,0.25
CCCOC(=O)NS(=O)(=O)c1ccccc1-c1ccc(Cn2c(CCC)nc3ccc(NC(=O)NC(C)C)cc3c2=O)cc1,0.25
CCCCc1nn(-c2cc(NC(=O)CC)ccc2Br)c(=O)n1Cc1ccc(cc1Cl)-c1ccccc1S(=O)(=O)NC(=O)OC(C)(C)C,0.250035
CCCCc1nn(-c2cc(ccc2Cl)C(=O)NCCOC)c(=O)n1Cc1ccc(cc1F)-c1ccccc1S(=O)(=O)NC(=O)OC(C)(C)C,0.26
CCCCc1nn(-c2cc(NC(=O)COCC)ccc2C(F)(F)F)c(=O)n1Cc1ccc(cc1F)-c1ccccc1S(=O)(=O)NC(=O)OC(C)(C)C,0.26
CCCCc1nn(-c2cc(NC(=O)OCCC)ccc2Cl)c(=O)n1Cc1ccc(cc1)-c1ccccc1S(=O)(=O)NC(=O)c1ccccc1Cl,0.26
CCCC(=O)Nc1c(C)nc2n(Cc3ccc(cc3)-c3ccccc3S(=O)(=O)NC(=O)CCC3CCCC3)c(CCC)nc2c1C,0.26
CCCCc1nn(-c2cc(NC(=O)COCC)ccc2C(F)(F)F)c(=O)n1Cc1ccc(cc1F)-c1ccccc1S(=O)(=O)NC(=O)OC(C)(C)C,0.26
CCCCc1nn(-c2cc(ccc2Cl)C(=O)NCCOC)c(=O)n1Cc1ccc(cc1F)-c1ccccc1S(=O)(=O)NC(=O)OC(C)(C)C,0.26
CCCCc1nn(-c2cc(ccc2Cl)C(=O)NCCOC)c(=O)n1Cc1ccc(cc1F)-c1ccccc1S(=O)(=O)NC(=O)OC(C)(C)C,0.26
CCCCc1nn(-c2cc(NC(=O)OCCC)ccc2Cl)c(=O)n1Cc1ccc(cc1)-c1ccccc1S(=O)(=O)NC(=O)c1ccccc1Cl,0.26
CCCCc1nn(-c2ccccc2C(F)(F)F)c(=O)n1Cc1ccc(cc1)-c1ccccc1S(=O)(=O)NC(=O)c1ccco1,0.26
CCCCOC(=O)NS(=O)(=O)c1ccccc1-c1ccc(Cn2c(CCC)nc3ccc(NC(=O)NC)cc3c2=O)cc1,0.26
CCCCc1nn(-c2cc(ccc2Cl)C(=O)NCCOC)c(=O)n1Cc1ccc(cc1F)-c1ccccc1S(=O)(=O)NC(=O)OC(C)(C)C,0.260016
CCCCc1nn(-c2cc(NC(=O)COCC)ccc2C(F)(F)F)c(=O)n1Cc1ccc(cc1F)-c1ccccc1S(=O)(=O)NC(=O)OC(C)(C)C,0.260016
CCCCc1nn(-c2cc(ccc2Cl)C(=O)NCCC)c(=O)n1Cc1ccc(cc1F)-c1ccccc1S(=O)(=O)NC(=O)OC(C)(C)C,0.27
CCCCOC(=O)NS(=O)(=O)c1ccccc1-c1ccc(Cn2c(CCC)nc3c(C)c(NC(=O)CCCC)cnc23)cc1,0.27
CCCCc1nn(-c2cc(ccc2Cl)C(=O)NCCC)c(=O)n1Cc1ccc(cc1F)-c1ccccc1S(=O)(=O)NC(=O)OC(C)(C)C,0.27
CCCCc1nn(-c2cc(ccc2Cl)C(=O)NCCC)c(=O)n1Cc1ccc(cc1F)-c1ccccc1S(=O)(=O)NC(=O)OC(C)(C)C,0.27
CCCC(=O)NS(=O)(=O)c1ccccc1-c1ccc(Cn2c(CC)nc3c(C)cc(C)nc23)cc1,0.27
CCCCc1nn(-c2ccccc2C(F)(F)F)c(=O)n1Cc1ccc(cc1)-c1ccccc1S(=O)(=O)NC(=O)c1ccccc1C(F)(F)F,0.27
CCCCc1nn(-c2ccccc2C(F)(F)F)c(=O)n1Cc1ccc(cc1)-c1ccccc1S(=O)(=O)NC(=O)c1sccc1Cl,0.27
CCCCc1nn(-c2cc(ccc2Cl)C(=O)NCCC)c(=O)n1Cc1ccc(cc1F)-c1ccccc1S(=O)(=O)NC(=O)OC(C)(C)C,0.270396
CCCCNC(=O)c1ccc(Br)c(c1)-n1nc(CCC)n(Cc2ccc(cc2F)-c2ccccc2S(=O)(=O)NC(=O)OC(C)(C)C)c1=O,0.28
CCCCc1nn(-c2cc(NC(=O)CC)ccc2C(F)(F)F)c(=O)n1Cc1ccc(cc1F)-c1ccccc1S(=O)(=O)NC(=O)OC(C)(C)C,0.28
CCCOC(=O)NS(=O)(=O)c1ccccc1-c1ccc(Cn2c(CCC)nc(CC)c2C(=O)OCc2ccccc2C(=O)c2ccccc2)c(F)c1,0.28
CCCCc1nn(-c2cc(NC(=O)CC)ccc2C(F)(F)F)c(=O)n1Cc1ccc(cc1F)-c1ccccc1S(=O)(=O)NC(=O)OC(C)(C)C,0.28
CCCCNC(=O)c1ccc(Br)c(c1)-n1nc(CCC)n(Cc2ccc(cc2F)-c2ccccc2S(=O)(=O)NC(=O)OC(C)(C)C)c1=O,0.28
CCCCc1nn(-c2cc(NC(=O)CC)ccc2C(F)(F)F)c(=O)n1Cc1ccc(cc1F)-c1ccccc1S(=O)(=O)NC(=O)OC(C)(C)C,0.28
CCCCc1nn(-c2cc(NC(=O)CC)ccc2C(F)(F)F)c(=O)n1Cc1ccc(cc1F)-c1ccccc1S(=O)(=O)NC(=O)OC(C)(C)C,0.280543
CCCCNC(=O)c1ccc(Br)c(c1)-n1nc(CCC)n(Cc2ccc(cc2F)-c2ccccc2S(=O)(=O)NC(=O)OC(C)(C)C)c1=O,0.280543
CCCCc1nn(-c2cc(NC(=O)CC)ccc2C(F)(F)F)c(=O)n1Cc1ccc(cc1)-c1ccccc1S(=O)(=O)NC(=O)OC(C)(C)C,0.29
CCCCc1nn(-c2cc(NC(=O)CC)ccc2C(F)(F)F)c(=O)n1Cc1ccc(cc1)-c1ccccc1S(=O)(=O)NC(=O)OC(C)(C)C,0.29
CCCCc1nn(-c2cc(NC(=O)CC)ccc2C(F)(F)F)c(=O)n1Cc1ccc(cc1)-c1ccccc1S(=O)(=O)NC(=O)OC(C)(C)C,0.29
CCCCc1nn(-c2cc(NC(=O)CC)ccc2C(F)(F)F)c(=O)n1Cc1ccc(cc1)-c1ccccc1S(=O)(=O)NC(=O)OC(C)(C)C,0.29
CCCCc1nn(-c2cc(NC(=O)CC)ccc2C(F)(F)F)c(=O)n1Cc1ccc(cc1)-c1ccccc1S(=O)(=O)NC(=O)OC(C)(C)C,0.29
CCCCc1nn(-c2cc(NC(=O)CC)ccc2C(F)(F)F)c(=O)n1Cc1ccc(cc1)-c1ccccc1S(=O)(=O)NC(=O)OC(C)(C)C,0.290402
CCCC(=O)Nc1cc(C)c2nc(CCC)n(Cc3ccc(cc3)-c3ccccc3C(O)=O)c2c1,0.3
CCCCc1nn(-c2cc(NCc3ccccc3)ccc2Cl)c(=O)n1Cc1ccc(cc1)-c1ccccc1S(=O)(=O)NC(=O)c1ccccc1Cl,0.3
CCc1nc2c(C)cc(C)nc2n1Cc1ccc(cc1)-c1ccccc1-c1nnn[nH]1,0.3
CCCNC(=O)NS(=O)(=O)c1ccccc1-c1ccc(Cn2c(CCC)nc(SC)c2C(O)=O)cc1,0.3
CCCc1nc(CC)c(C(=O)OCc2ccccc2C(=O)Nc2ccccc2)n1Cc1ccc(cc1F)-c1ccccc1S(=O)(=O)NC(=O)OCCC(C)C,0.3
CCCOC(=O)NS(=O)(=O)c1ccccc1-c1ccc(Cn2c(CCC)nc(CC)c2C(=O)OCc2cccc(c2)C(=O)c2ccccc2)c(F)c1,0.3
CCCc1nc(CC)c(C(=O)OCc2ccccc2NC(=O)c2ccccc2)n1Cc1ccc(cc1F)-c1ccccc1S(=O)(=O)NC(=O)OCCC(C)C,0.3
CCc1nc2c(C)cc(C)nc2n1Cc1ccc(cc1)-c1ccccc1-c1nnn[nH]1,0.3
CCCOC(=O)NS(=O)(=O)c1ccccc1-c1ccc(Cn2c(CCC)nc(CC)c2C(=O)OCc2ccccc2-c2ccsc2)c(F)c1,0.3
CCCc1nc(CC)c(C(=O)NCCCOc2ccccc2)n1Cc1ccc(cc1F)-c1ccccc1S(=O)(=O)NC(=O)OCCC(C)C,0.3
CCCc1nc(CC)c(C(=O)OCc2ccccc2C(=O)C(C)(C)C)n1Cc1ccc(cc1F)-c1ccccc1S(=O)(=O)NC(=O)OCCC(C)C,0.3
CCCc1nc(CC)c(C(=O)OCc2ccccc2-c2ccccn2)n1Cc1ccc(cc1F)-c1ccccc1S(=O)(=O)NC(=O)OCCC(C)C,0.3
CCc1nc2c(C)cc(C)nc2n1Cc1ccc(cc1)-c1ccccc1-c1nnn[nH]1,0.3
CCc1nc2c(C)cc(C)nc2n1Cc1ccc(cc1)-c1ccccc1-c1nnn[nH]1,0.3
CCCc1ccc(-c2nnn[nH]2)c(c1)-c1ccc(Cn2c(CC)nc3c(C)cc(C)nc23)cc1,0.3
CCc1nc2c(C)cc(C)nc2n1Cc1ccc(cc1)-c1ccccc1-c1nnn[nH]1,0.3
CCCCc1nn(-c2cc(NCc3ccccc3)ccc2Cl)c(=O)n1Cc1ccc(cc1)-c1ccccc1S(=O)(=O)NC(=O)c1ccccc1Cl,0.3
CCc1nc2c(C)cc(C)nc2n1Cc1ccc(cc1)-c1ccccc1-c1nnn[nH]1,0.3
CCc1nc2c(C)cc(C)nc2n1Cc1ccc(cc1)-c1ccccc1-c1nnn[nH]1,0.3
CCCCc1nn(-c2ccccc2C(F)(F)F)c(=O)n1Cc1ccc(cc1)-c1ccccc1S(=O)(=O)NC(=O)C1CCCCCC1,0.3
CCCc1nc2ccc3NCCCCCCCC(=O)NS(=O)(=O)c4ccccc4-c4ccc(Cn1c(=O)c2c3)cc4,0.3
CCc1nc2c(C)cc(C)nc2n1Cc1ccc(cc1)-c1ccccc1S(=O)(=O)NC(=O)c1ccccc1,0.3
CCc1nc2c(C)cc(C)nc2n1Cc1ccc(cc1)-c1cc(C)sc1S(=O)(=O)NC(=O)c1ccccc1,0.3
CCc1nc2c(C)cc(C)nc2n1Cc1ccc(cc1)-c1ccccc1-c1nnn[nH]1,0.3
CCc1nc2c(C)cc(C)nc2n1Cc1ccc(cc1)-c1ccccc1-c1nnn[nH]1,0.3
CCCCc1nn(-c2ccccc2C(F)(F)F)c(=O)n1Cc1ccc(cc1F)-c1ccccc1S(=O)(=O)NC(=O)OC(C)(C)C,0.31
CCCCc1nn(-c2ccccc2C(F)(F)F)c(=O)n1Cc1ccc(cc1)-c1ccccc1S(=O)(=O)NC(=O)c1ccccc1,0.31
CCCCc1nn(-c2ccccc2C(F)(F)F)c(=O)n1Cc1ccc(cc1)-c1ccccc1S(=O)(=O)NC(=O)c1cc2ccccc2s1,0.31
CCCCc1nn(-c2ccccc2C(F)(F)F)c(=O)n1Cc1ccc(cc1)-c1ccccc1S(=O)(=O)NC(=O)C1CCCC1,0.32
CCCCc1nc2ccc(NC(=O)NC(C)C)cc2c(=O)n1Cc1ccc(cc1)-c1ccccc1S(=O)(=O)NC(=O)OCCOC,0.32
CCCCc1nc(Cl)c(CO)n1Cc1ccc(cc1)-c1ccccc1-c1nnn[nH]1,0.33
CCCC(=O)Nc1cnc2n(Cc3ccc(cc3)-c3ccccc3S(=O)(=O)NC(=O)OCc3ccccc3)c(CCC)nc2c1C,0.33
CCCC(=O)Nc1cnc2n(Cc3ccc(cc3)-c3ccccc3S(=O)(=O)NC(=O)OCc3ccccc3)c(CCC)nc2c1C,0.33
CCCCc1nc2ccc(NC(=O)N(C)C(C)C)cc2c(=O)n1Cc1ccc(cc1)-c1ccccc1S(=O)(=O)NC(=O)OCCC(C)C,0.33
CCCCc1nn(-c2ccccc2C(F)(F)F)c(=O)n1Cc1ccc(cc1)-c1ccccc1S(=O)(=O)NC(=O)c1ccccc1,0.33
CCc1cc2c(s1)n(Cc1ccc(cc1)-c1ccccc1-c1nc(=O)o[nH]1)c(=O)n(CCc1ccc(F)cc1)c2=O,0.34
[Br-].CCCCc1c[n+](Cc2ccc(cc2)-c2ccccc2-c2nn[nH]n2)cn1Cc1ccc(cc1)-c1ccccc1-c1nn[nH]n1,0.346737
CCCCc1nn(c(C(O)=O)c1Cc1ccc(cc1)-c1ccccc1-c1nnn[nH]1)-c1ccccc1Cl,0.35
CCCc1nn(-c2cc(NC(=O)CC)ccc2Br)c(=O)n1Cc1ccc(cc1F)-c1ccccc1S(=O)(=O)NC(=O)OC(C)(C)C,0.35
CCCc1nc(CC)c(C(=O)OCc2ccccc2C(=O)c2ccccc2)n1Cc1ccc(cc1)-c1ccccc1S(=O)(=O)NC(=O)OCCC(C)C,0.35
CCCCc1nn(c(C(O)=O)c1Cc1ccc(cc1)-c1ccccc1-c1nnn[nH]1)-c1ccccc1Cl,0.35
CCCc1nn(-c2cc(NC(=O)CC)ccc2Br)c(=O)n1Cc1ccc(cc1F)-c1ccccc1S(=O)(=O)NC(=O)OC(C)(C)C,0.35
CCCc1nn(-c2cc(NC(=O)CC)ccc2Br)c(=O)n1Cc1ccc(cc1F)-c1ccccc1S(=O)(=O)NC(=O)OC(C)(C)C,0.35
CCCCc1nn(-c2ccccc2C(F)(F)F)c(=O)n1Cc1ccc(cc1)-c1ccccc1S(=O)(=O)NC(=O)C1SCCS1,0.35
CCCc1nc2ccc(NC(=O)c3ccccc3)cc2c(=O)n1Cc1ccc(cc1)-c1ccccc1S(=O)(=O)NC(=O)OCCC(C)C,0.35
CCCc1nn(-c2cc(NC(=O)CC)ccc2Br)c(=O)n1Cc1ccc(cc1F)-c1ccccc1S(=O)(=O)NC(=O)OC(C)(C)C,0.350752
CCCCc1nn(-c2cc(NC(=O)CC)ccc2C(F)(F)F)c(=O)n1Cc1ccc(cc1F)-c1ccccc1S(=O)(=O)NC(=O)c1cc(Cl)ccc1Cl,0.36
CCCCc1nn(-c2cc(NC(=O)CC)ccc2C(F)(F)F)c(=O)n1Cc1ccc(cc1F)-c1ccccc1S(=O)(=O)NC(=O)c1ccccc1F,0.36
CCCCc1nn(-c2cc(NC(=O)CC)ccc2C(F)(F)F)c(=O)n1Cc1ccc(cc1F)-c1ccccc1S(=O)(=O)NC(=O)c1cc(Cl)ccc1Cl,0.36
CCCCc1nn(-c2cc(NC(=O)CC)ccc2C(F)(F)F)c(=O)n1Cc1ccc(cc1F)-c1ccccc1S(=O)(=O)NC(=O)c1cc(Cl)ccc1Cl,0.36
CCCCc1nn(-c2ccccc2C(F)(F)F)c(=O)n1Cc1ccc(cc1)-c1ccccc1S(=O)(=O)NC(=O)C1CC1(C)C,0.36
FC(F)(F)CCCc1nn(-c2ccccc2C(F)(F)F)c(=O)n1Cc1ccc(cc1)-c1ccccc1S(=O)(=O)NC(=O)c1ccccc1Cl,0.36
CCCc1nc2ccc(NC(=O)c3ccco3)cc2c(=O)n1Cc1ccc(cc1)-c1ccccc1S(=O)(=O)NC(=O)OCCC(C)C,0.36
CCCCc1nn(-c2cc(NC(=O)CC)ccc2C(F)(F)F)c(=O)n1Cc1ccc(cc1F)-c1ccccc1S(=O)(=O)NC(=O)c1cc(Cl)ccc1Cl,0.360579
CCCCc1nn(-c2cc(NC(=O)c3ccco3)ccc2Cl)c(=O)n1Cc1ccc(cc1F)-c1ccccc1S(=O)(=O)NC(=O)OC(C)(C)C,0.37
CCCCc1nn(-c2ccc(NCc3ccccc3)cc2C(F)(F)F)c(=O)n1Cc1ccc(cc1)-c1ccccc1S(=O)(=O)NC(=O)c1ccccc1Cl,0.37
CCCCCC(=O)NS(=O)(=O)c1ccccc1-c1ccc(Cn2c(CCCC)nc3cc(NC(=O)CCCC)cnc23)cc1,0.37
CCCCc1nn(-c2cc(NC(=O)c3ccco3)ccc2Cl)c(=O)n1Cc1ccc(cc1F)-c1ccccc1S(=O)(=O)NC(=O)OC(C)(C)C,0.37
CCCCc1nn(-c2ccc(NCc3ccccc3)cc2C(F)(F)F)c(=O)n1Cc1ccc(cc1)-c1ccccc1S(=O)(=O)NC(=O)c1ccccc1Cl,0.37
CCCCc1nn(-c2cc(NC(=O)c3ccco3)ccc2Cl)c(=O)n1Cc1ccc(cc1F)-c1ccccc1S(=O)(=O)NC(=O)OC(C)(C)C,0.37
CCCCc1nn(-c2ccccc2C(F)(F)F)c(=O)n1Cc1ccc(cc1)-c1ccccc1S(=O)(=O)NC(=O)C1(C)CC1(Cl)Cl,0.37
CCCCc1nn(-c2cc(NC(=O)c3ccco3)ccc2Cl)c(=O)n1Cc1ccc(cc1F)-c1ccccc1S(=O)(=O)NC(=O)OC(C)(C)C,0.370681
CCCc1nn(-c2cc(NC(=O)c3ccccc3)ccc2C(F)(F)F)c(=O)n1Cc1ccc(cc1F)-c1ccccc1S(=O)(=O)NC(=O)OC(C)(C)C,0.38
CCCCC(=O)Nc1ccc(Br)c(c1)-n1nc(C)n(Cc2ccc(cc2F)-c2ccccc2S(=O)(=O)NC(=O)OC(C)(C)C)c1=O,0.38
CCCCc1nn(-c2cc(NC(=O)c3ccccc3)ccc2C(F)(F)F)c(=O)n1Cc1ccc(cc1F)-c1ccccc1S(=O)(=O)NC(=O)OC(C)(C)C,0.38
CCCCc1nn(-c2cc(NC(=O)c3ccccc3)ccc2C(F)(F)F)c(=O)n1Cc1ccc(cc1F)-c1ccccc1S(=O)(=O)NC(=O)OC(C)(C)C,0.38
CCCc1nn(-c2cc(NC(=O)c3ccccc3)ccc2C(F)(F)F)c(=O)n1Cc1ccc(cc1F)-c1ccccc1S(=O)(=O)NC(=O)OC(C)(C)C,0.38
CCCCC(=O)Nc1ccc(Br)c(c1)-n1nc(C)n(Cc2ccc(cc2F)-c2ccccc2S(=O)(=O)NC(=O)OC(C)(C)C)c1=O,0.38
CCCCc1nn(-c2cc(NC(=O)c3ccccc3)ccc2C(F)(F)F)c(=O)n1Cc1ccc(cc1F)-c1ccccc1S(=O)(=O)NC(=O)OC(C)(C)C,0.38
CCCCC(=O)Nc1ccc(Br)c(c1)-n1nc(C)n(Cc2ccc(cc2F)-c2ccccc2S(=O)(=O)NC(=O)OC(C)(C)C)c1=O,0.38
CCCc1nn(-c2cc(NC(=O)c3ccccc3)ccc2C(F)(F)F)c(=O)n1Cc1ccc(cc1F)-c1ccccc1S(=O)(=O)NC(=O)OC(C)(C)C,0.38
CCCc1nn(-c2cc(NC(=O)c3ccccc3)ccc2C(F)(F)F)c(=O)n1Cc1ccc(cc1F)-c1ccccc1S(=O)(=O)NC(=O)OC(C)(C)C,0.380189
CCCCc1nn(-c2cc(NC(=O)c3ccccc3)ccc2C(F)(F)F)c(=O)n1Cc1ccc(cc1F)-c1ccccc1S(=O)(=O)NC(=O)OC(C)(C)C,0.380189
CCCCC(=O)Nc1ccc(Br)c(c1)-n1nc(C)n(Cc2ccc(cc2F)-c2ccccc2S(=O)(=O)NC(=O)OC(C)(C)C)c1=O,0.380189
CCCCc1nn(-c2ccccc2C(F)(F)F)c(=O)n1Cc1ccc(cc1)-c1ccccc1S(=O)(=O)NC(=O)C1C2CCC(C2)C1=C,0.39
CCCc1nc2ccc(NC(=O)N3CCOCC3)cc2c(=O)n1Cc1ccc(cc1)-c1ccccc1S(=O)(=O)NC(=O)OCCCC(C)C,0.39
CCCc1nc2c(C)cc(NC(=O)CC)cc2n1Cc1ccc(cc1)-c1ccccc1C(O)=O,0.4
CNCC(=O)N[C@@H](CCCN=C(N)N)C(=O)N[C@@H](C(C)C)C(=O)N[C@@H](Cc1ccc(O)cc1)C(=O)N[C@@H](C(C)C)C(=O)N[C@@H](Cc1cnc[nH]1)C(=O)N1CCC[C@H]1C(=O)N[C@@H](C)C(O)=O,0.4
CCc1nc2c(C)cc(C)nc2n1Cc1ccc(cc1)-c1ccccc1-c1nnn[nH]1,0.4
CCCc1nc(CC)c(C(=O)NCc2ccccc2Sc2ccccc2)n1Cc1ccc(cc1F)-c1ccccc1S(=O)(=O)NC(=O)OCCC(C)C,0.4
CCCCOC(=O)NS(=O)(=O)c1ccccc1-c1ccc(Cn2c(CCC)nc(CC)c2C(=O)NCCCOc2ccccc2)c(F)c1,0.4
CCCc1nc(CC)c(C(=O)OCc2ccccc2S(=O)(=O)c2ccccc2)n1Cc1ccc(cc1F)-c1ccccc1S(=O)(=O)NC(=O)OCCC(C)C,0.4
CNCC(=O)N[C@@H](CCCN=C(N)N)C(=O)N[C@@H](C(C)C)C(=O)N[C@@H](Cc1ccc(O)cc1)C(=O)N[C@@H](C(C)C)C(=O)N[C@@H](Cc1cnc[nH]1)C(=O)N1CCC[C@H]1C(=O)N[C@@H](C)C(O)=O,0.4
CCc1nn(Cc2ccc(cc2)-c2ccccc2-c2nnn[nH]2)c(=NC(=O)C2=C(CCC2)C([O-])=O)s1,0.4
CCc1nc2c(C)cc(C)nc2n1Cc1ccc(cc1)-c1ccccc1-c1nnn[nH]1,0.4
CCCCc1nn(-c2ccccc2C(F)(F)F)c(=O)n1Cc1ccc(cc1)-c1ccccc1S(=O)(=O)NC(=O)c1ccc(Br)o1,0.4
CCCCc1nn(-c2ccccc2C(F)(F)F)c(=O)n1Cc1ccc(cc1)-c1ccccc1S(=O)(=O)NC(=O)c1ccccc1Br,0.4
CCCCc1nn(-c2ccccc2C(F)(F)F)c(=O)n1Cc1ccc(cc1)-c1ccccc1S(=O)(=O)NC(=O)c1ccc(C)o1,0.4
CCCc1nc2ccc(NC(=O)c3ccccc3)cc2c(=O)n1Cc1ccc(cc1)-c1ccccc1-c1nnn[nH]1,0.4
CCCCC(=O)Nc1ccc(c(c1)-n1nc(CC)n(Cc2ccc(cc2F)-c2ccccc2S(=O)(=O)NC(=O)OC(C)(C)C)c1=O)C(F)(F)F,0.41
CCCCc1nn(-c2cc(NC(=O)c3ccccc3)ccc2Cl)c(=O)n1Cc1ccc(cc1)-c1ccccc1S(=O)(=O)NC(=O)c1ccccc1Cl,0.41
CCCCc1nn(-c2cc(ccc2Cl)[N+]([O-])=O)c(=O)n1Cc1ccc(cc1)-c1ccccc1S(=O)(=O)NC(=O)c1ccccc1Cl,0.41
CCCCC(=O)Nc1ccc(c(c1)-n1nc(CCCC)n(Cc2ccc(cc2F)-c2ccccc2S(=O)(=O)NC(=O)OC(C)(C)C)c1=O)C(F)(F)F,0.41
CCCCC(=O)Nc1ccc(c(c1)-n1nc(CC)n(Cc2ccc(cc2F)-c2ccccc2S(=O)(=O)NC(=O)OC(C)(C)C)c1=O)C(F)(F)F,0.41
CCCCc1nn(-c2cc(NC(=O)c3ccccc3)ccc2Cl)c(=O)n1Cc1ccc(cc1)-c1ccccc1S(=O)(=O)NC(=O)c1ccccc1Cl,0.41
CCCCc1nn(-c2cc(ccc2Cl)[N+]([O-])=O)c(=O)n1Cc1ccc(cc1)-c1ccccc1S(=O)(=O)NC(=O)c1ccccc1Cl,0.41
CCCCC(=O)Nc1ccc(c(c1)-n1nc(CC)n(Cc2ccc(cc2F)-c2ccccc2S(=O)(=O)NC(=O)OC(C)(C)C)c1=O)C(F)(F)F,0.41
CCCCc1nn(-c2ccccc2C(F)(F)F)c(=O)n1Cc1ccc(cc1)-c1ccccc1S(=O)(=O)NC(=O)c1ccccc1OC,0.41
CCCCC(=O)Nc1ccc(c(c1)-n1nc(CC)n(Cc2ccc(cc2F)-c2ccccc2S(=O)(=O)NC(=O)OC(C)(C)C)c1=O)C(F)(F)F,0.410204
CCCCC(=O)Nc1ccc(c(c1)-n1nc(CCCC)n(Cc2ccc(cc2F)-c2ccccc2S(=O)(=O)NC(=O)OC(C)(C)C)c1=O)C(F)(F)F,0.42
CCCCc1nn(-c2ccc(NC(=O)CC)cc2C(F)(F)F)c(=O)n1Cc1ccc(cc1)-c1ccccc1S(=O)(=O)NC(=O)c1ccccc1Cl,0.42
CCCc1nn(Cc2ccccc2)c(C(O)=O)c1Cc1ccc(cc1)-c1ccccc1-c1nnn[nH]1,0.42
CCCCc1nc(C)c(CC(=S)N(C)C)c(=O)n1Cc1ccc(cc1)-c1ccccc1-c1nnn[nH]1,0.42
CCCc1nn(Cc2ccccc2)c(C(O)=O)c1Cc1ccc(cc1)-c1ccccc1-c1nnn[nH]1,0.42
CCCCC(=O)Nc1ccc(c(c1)-n1nc(CCCC)n(Cc2ccc(cc2F)-c2ccccc2S(=O)(=O)NC(=O)OC(C)(C)C)c1=O)C(F)(F)F,0.42
CCCCc1nn(-c2ccc(NC(=O)CC)cc2C(F)(F)F)c(=O)n1Cc1ccc(cc1)-c1ccccc1S(=O)(=O)NC(=O)c1ccccc1Cl,0.42
CCCCc1nn(-c2ccccc2C(F)(F)F)c(=O)n1Cc1ccc(cc1)-c1ccccc1S(=O)(=O)NC(=O)OCC(C)C,0.42
CCCCC(=O)Nc1ccc(c(c1)-n1nc(CCCC)n(Cc2ccc(cc2F)-c2ccccc2S(=O)(=O)NC(=O)OC(C)(C)C)c1=O)C(F)(F)F,0.420727
CCCCc1nn(-c2ccccc2C(F)(F)F)c(=O)n1Cc1ccc(cc1)-c1ccccc1S(=O)(=O)NC(=O)c1ccccc1,0.43
CCCCC(=O)Nc1ccc(Br)c(c1)-n1nc(CCC)n(Cc2ccc(cc2F)-c2ccccc2S(=O)(=O)NC(=O)OC(C)(C)C)c1=O,0.43
CCCCc1nn(-c2ccccc2C(F)(F)F)c(=O)n1Cc1ccc(cc1)-c1ccccc1S(=O)(=O)NC(=O)c1ccccc1,0.43
CCCCc1nn(-c2ccccc2C(F)(F)F)c(=O)n1Cc1ccc(cc1)-c1ccccc1S(=O)(=O)NC(=O)c1ccccc1,0.43
CCCCc1nn(-c2cc(NC(=O)CC)ccc2C(F)(F)F)c(=O)n1Cc1ccc(cc1F)-c1ccccc1S(=O)(=O)NC(=O)c1ccccc1Cl,0.43
CCCCc1nn(-c2ccccc2C(F)(F)F)c(=O)n1Cc1ccc(cc1)-c1ccccc1S(=O)(=O)NC(=O)c1oc2ccccc2c1C,0.43
CCCCc1nn(-c2ccccc2C(F)(F)F)c(=O)n1Cc1ccc(cc1)-c1ccccc1S(=O)(=O)NC(=O)c1ccccc1,0.43
CCCc1nc2ccc(NC(=O)NCC)cc2c(=O)n1Cc1ccc(cc1)-c1ccccc1S(=O)(=O)NC(=O)OCCC(C)(C)C,0.43
CCCCc1nn(-c2ccccc2C(F)(F)F)c(=O)n1Cc1ccc(cc1)-c1ccccc1S(=O)(=O)NC(=O)c1ccccc1,0.43
CCCCNC(=O)c1ccc(c(c1)-n1nc(CCC)n(Cc2ccc(cc2F)-c2ccccc2S(=O)(=O)NC(=O)OC(C)(C)C)c1=O)C(F)(F)F,0.44
CCCCNC(=O)c1ccc(Br)c(c1)-n1nc(CCC)n(Cc2ccc(cc2F)-c2ccccc2S(=O)(=O)NC(=O)c2cc(Cl)ccc2Cl)c1=O,0.44
CCc1nn(Cc2ccc(cc2)-c2ccccc2-c2nnn[nH]2)c(=NC(=O)C2=C(CCC2)C([O-])=O)s1,0.44
CCc1nn(Cc2ccc(cc2)-c2ccccc2-c2nnn[nH]2)c(=NC(=O)C2=C(CCC2)C(O)=O)s1,0.44
CCCCc1nn(-c2cc(NC(=O)CC)ccc2Cl)c(=O)n1Cc1ccc(cc1F)-c1ccccc1S(=O)(=O)NC(=O)OC(C)(C)C,0.44
CCCCNC(=O)c1ccc(Br)c(c1)-n1nc(CCC)n(Cc2ccc(cc2F)-c2ccccc2S(=O)(=O)NC(=O)c2cc(Cl)ccc2Cl)c1=O,0.44
CCCCNC(=O)c1ccc(c(c1)-n1nc(CCC)n(Cc2ccc(cc2F)-c2ccccc2S(=O)(=O)NC(=O)OC(C)(C)C)c1=O)C(F)(F)F,0.44
CCCCNC(=O)c1ccc(Br)c(c1)-n1nc(CCC)n(Cc2ccc(cc2F)-c2ccccc2S(=O)(=O)NC(=O)c2cc(Cl)ccc2Cl)c1=O,0.44
CCCCNC(=O)c1ccc(c(c1)-n1nc(CCC)n(Cc2ccc(cc2F)-c2ccccc2S(=O)(=O)NC(=O)OC(C)(C)C)c1=O)C(F)(F)F,0.440555
CCCCNC(=O)c1ccc(Br)c(c1)-n1nc(CCC)n(Cc2ccc(cc2F)-c2ccccc2S(=O)(=O)NC(=O)c2cc(Cl)ccc2Cl)c1=O,0.440555
CCCCc1nn(-c2ccccc2C(F)(F)F)c(=O)n1Cc1ccc(cc1)-c1ccccc1S(=O)(=O)NC(=O)OC(C)(C)C,0.45
CCCCc1nn(-c2ccccc2C(F)(F)F)c(=O)n1Cc1ccc(cc1)-c1ccccc1S(=O)(=O)NC(=O)OC(C)(C)C,0.45
CCCCc1nn(-c2cc(NC(=O)CC)ccc2C(F)(F)F)c(=O)n1Cc1ccc(cc1F)-c1ccccc1S(=O)(=O)NC(=O)OC(C)C,0.45
CCCCc1nn(-c2ccccc2C(F)(F)F)c(=O)n1Cc1ccc(cc1)-c1ccccc1S(=O)(=O)NC(=O)OC(C)(C)C,0.45
CCCCc1nn(-c2ccccc2C(F)(F)F)c(=O)n1Cc1ccc(cc1)-c1ccccc1S(=O)(=O)NC(=O)OC(C)(C)C,0.45
CCCCc1nn(-c2ccccc2C(F)(F)F)c(=O)n1Cc1ccc(cc1)-c1ccccc1S(=O)(=O)NC(=O)OC(C)(C)C,0.45
CCCCc1nn(c(C(O)=O)c1Cc1ccc(cc1)-c1ccccc1-c1nnn[nH]1)-c1ccccc1C,0.46
CC(C)(C)NS(=O)(=O)c1ccc(-c2sc(nc2CC2CCCCC2)C(=O)N[C@H]2C[C@@H](C2)C(O)=O)c2ccccc12,0.47
CC(O)CCC(=O)N([C@@H](C(C)C)C(O)=O)c1ccc(cc1)-c1ccccc1-c1nnn[nH]1,0.47
CCCc1cc(Cn2c(CC)nc3c(C)cc(C)nc23)cc(CCC)c1OC(C(O)=O)c1cccc(Oc2ccccc2)c1,0.47
CCCCc1nn(-c2ccccc2C(F)(F)F)c(=O)n1Cc1ccc(cc1)-c1ccccc1S(=O)(=O)NC(=O)c1cc(Cl)ccc1Cl,0.48
CCCc1nc2c(C)cc(cc2n1Cc1ccc(cc1)-c1ccccc1C(O)=O)-c1nc2ccccc2n1C,0.49
CCCc1nc2c(C)cc(cc2n1Cc1ccc(cc1)-c1ccccc1C(O)=O)-c1nc2ccccc2n1C,0.49
CCCCN1C(=O)N(CCCC)\C(=C\c2cnc(CCCC)n2Cc2ccc(cc2)C(O)=O)C1=O,0.5
CCCCN1C(=O)N(Cc2csc(N)n2)\C(=C\c2cnc(CCCC)n2Cc2ccc(cc2)C(O)=O)C1=O,0.5
CCCCc1nc2ccc(NC(=O)NC(C)C)cc2c(=O)n1Cc1ccc(cc1)-c1ccccc1-c1nnn[nH]1,0.5
CCCc1nc(CC)c(C(=O)OCc2ccccc2C(=O)c2ccccc2)n1Cc1ccc(cc1F)-c1ccccc1S(=O)(=O)NC(=O)OCC(C)C,0.5
CCCOC(=O)NS(=O)(=O)c1ccccc1-c1ccc(Cn2c(CCC)nc(CC)c2C(=O)OCc2ccccc2-c2cccs2)c(F)c1,0.5
CCCc1nc(CC)c(C(=O)OCc2ccccc2C(=O)c2ccccc2)n1Cc1ccc(cc1F)-c1ccccc1S(=O)(=O)NC(=O)OCCC(C)C,0.5
CCCc1nc2ccc(cc2c(=O)n1Cc1ccc(cc1)-c1ccccc1S(=O)(=O)NC(=O)c1ccccc1)N(C)C(=O)OCC(C)C,0.5
CCCCC(=O)N(Cc1ccccc1)c1cc2nc(CCCC)n(Cc3ccc(cc3)-c3ccccc3-c3nnn[nH]3)c2nc1C,0.5
CCCCc1nn(c(C(O)=O)c1Cc1ccc(cc1)-c1ccccc1-c1nnn[nH]1)-c1c(Cl)cc(Cl)cc1Cl,0.5
CCCCc1nn(-c2cc(NC(=O)CC)ccc2Br)c(=O)n1Cc1ccc(cc1F)-c1ccccc1S(=O)(=O)NC(=O)OC(C)(C)C,0.5
CCCc1nc(CC)c(C(=O)OC)n1Cc1ccc(cc1)-c1ccccc1S(=O)(=O)NC(=O)c1ccccc1,0.5
CCc1nc2c(C)cc(C)nc2n1Cc1ccc(cc1)-c1ccccc1-c1nnn[nH]1,0.5
CCCCc1nn(-c2ccccc2C(F)(F)F)c(=O)n1Cc1ccc(cc1)-c1ccccc1S(=O)(=O)NC(=O)c1ccccc1,0.5
CCCCC(=O)Nc1ccc(Cl)c(c1)-n1nc(CC)n(Cc2ccc(cc2F)-c2ccccc2S(=O)(=O)NC(=O)OC(C)(C)C)c1=O,0.51
CCCCOC(=O)NS(=O)(=O)c1ccccc1-c1ccc(Cn2c(CCC)nc3c(C)c(NC(=O)CCC)cnc23)cc1,0.51
CCCCC(=O)Nc1ccc(Cl)c(c1)-n1nc(CC)n(Cc2ccc(cc2F)-c2ccccc2S(=O)(=O)NC(=O)OC(C)(C)C)c1=O,0.51
CCCCC(=O)Nc1ccc(Cl)c(c1)-n1nc(CC)n(Cc2ccc(cc2F)-c2ccccc2S(=O)(=O)NC(=O)OC(C)(C)C)c1=O,0.51
CCCCC(=O)Nc1ccc(Cl)c(c1)-n1nc(CC)n(Cc2ccc(cc2F)-c2ccccc2S(=O)(=O)NC(=O)OC(C)(C)C)c1=O,0.510505
CCCc1nc2ccc(NC(=O)NC(C)C)cc2c(=O)n1Cc1ccc(cc1F)-c1ccccc1S(=O)(=O)NC(=O)COCC(C)C,0.52
CCCCc1nn(CC(F)(F)F)c(C(O)=O)c1Cc1ccc(cc1)-c1ccccc1-c1nnn[nH]1,0.52
CCCCNC(=O)c1ccc(c(c1)-n1nc(CC)n(Cc2ccc(cc2F)-c2ccccc2S(=O)(=O)NC(=O)OC(C)(C)C)c1=O)C(F)(F)F,0.53
CCCc1cc(Cn2c(CC)nc3c(C)cc(C)nc23)cc(CCC)c1OC(C(O)=O)c1ccccc1Cl,0.53
CCCCNC(=O)c1ccc(c(c1)-n1nc(CC)n(Cc2ccc(cc2F)-c2ccccc2S(=O)(=O)NC(=O)OC(C)(C)C)c1=O)C(F)(F)F,0.53
CCCCNC(=O)c1ccc(c(c1)-n1nc(CC)n(Cc2ccc(cc2F)-c2ccccc2S(=O)(=O)NC(=O)OC(C)(C)C)c1=O)C(F)(F)F,0.530884
CCc1ccc(cc1)C(=O)NS(=O)(=O)c1ccccc1-c1ccc(Cn2c(CC)nc3ccc(NC(=O)N(C)C(C)C)cc3c2=O)c(F)c1,0.54
CCc1nc2c(C)cc(C)nc2n1Cc1ccc(cc1)-c1ccccc1-c1nnn[nH]1,0.54
CCCCC1=NC(Cl)=C(C(C)N1Cc1ccc(cc1)-c1ccccc1-c1nnn[nH]1)C(O)=O,
CCCCOC(=O)NS(=O)(=O)c1sc(CC(C)C)cc1-c1ccc(cc1)C(=O)NCc1ccccc1,
CCCCC1=NC(Cl)=C(C(C)N1Cc1ccc(cc1)-c1ccccc1-c1nnn[nH]1)C(O)=O,
CCCc1nc(C)n2nc(N)nc2c1Cc1ccc(cc1)-c1ccccc1-c1nnn[nH]1,
CCc1nn(Cc2ccc(cc2)-c2ccccc2-c2nnn[nH]2)c(=NC(=O)C2=C(CCC2)C([O-])=O)s1,
CCCCOC(=O)NS(=O)(=O)c1sc(CC(C)C)cc1-c1ccc(Cn2c(CC)nc3c(C)cc(C)nc23)cc1,
CCCCC1=NC(C)(C)C(C(=O)OCC)=C(Cl)N1Cc1ccc(cc1)-c1ccccc1-c1nnn[nH]1,
CCCCOC(=O)NS(=O)(=O)c1sc(CC(C)C)cc1-c1ccc(Cn2c(CC)nc3c(C)cc(C)nc23)cc1,
CCc1cc(NCc2ccc3c(cc4ccccc4c(=O)c3c2)-c2nnn[nH]2)n2nccc2n1,
CCC(C)c1cc(Cc2cnc(N)nc2N)cc(CC)c1N,
CCCCC1=NC2(CCCC2)C(=O)N1Cc1ccc(cc1)-c1ccccc1-c1nnn[nH]1,
CCCCc1nn(-c2ccccc2C(F)(F)F)c(=O)n1Cc1ccc(cc1)-c1ccccc1-c1nnn[nH]1,
CCc1nn(Cc2ccc(cc2)-c2ccccc2-c2nnn[nH]2)c(=NC(=O)C2=C(CCC2)C([O-])=O)s1,
CCc1cc(OCc2ccc3c(cc4ccccc4c(=O)c3c2)-c2nnn[nH]2)c2CCCCc2n1,
CCOc1nc(CC)c(CNC(=O)[C@@H](CS)CC(C)C)n1Cc1ccc(c(F)c1)-c1ccccc1C(O)=O,
CCOc1nc(CC)c(CNC(=O)[C@@H](CS)CC(C)C)n1Cc1ccc(cc1)-c1ccccc1C(O)=O,
CCOc1nc(CC)c(CNC(=O)[C@@H](S)CC(C)C)n1Cc1ccc(cc1F)-c1ccccc1C(O)=O,
CC[C@H](C)[C@H](NC(=O)[C@H](Cc1ccc(O)cc1)NC(=O)[C@H](Cc1ccc(cc1)C1(N=N1)C(F)(F)F)NC(=O)[C@H](CCCN=C(N)N)NC(=O)CNC)C(=O)N[C@@H](Cc1cnc[nH]1)C(=O)N1CCC[C@H]1C(=O)N[C@@H](Cc1ccccc1)C(O)=O,
CCCCc1nn(-c2ccccc2C(C)C)c(=O)n1Cc1ccc(cc1)-c1ccccc1-c1nnn[nH]1,
CC[C@H](C)[C@H](NC(=O)[C@@H]1CCCN1C(=O)[C@H](Cc1cnc[nH]1)NC(=O)[C@@H](NC(=O)[C@H](Cc1ccc(O)cc1)NC(=O)[C@@H](NC(=O)[C@H](CCCNC(N)=N)NC(=O)[C@@H](N)CO)C(C)C)[C@@H](C)CC)C(O)=O,
CCCCc1ncc(CNc2ccccc2C(O)=O)n1Cc1ccc(cc1)C(=O)NS(=O)(=O)c1ccccc1N=[N+]=[N-],
CNCC(=O)N[C@@H](CCCN=C(N)N)C(=O)N[C@@H](C(C)C)C(=O)N[C@@H](Cc1ccc(O)cc1)C(=O)N[C@@H](C(C)C)C(=O)N[C@@H](Cc1cnc[nH]1)C(=O)N1CCC[C@H]1C(=O)N[C@@H](C)C(O)=O,
N[C@@H](CC(O)=O)C(=O)N[C@@H](CCCN=C(N)N)C(=O)N[C@H]1CS\C=C/CC[C@H](NC(=O)[C@H](Cc2ccc(O)cc2)NC1=O)C(=O)N[C@@H](Cc1cnc[nH]1)C(=O)N1CCC[C@H]1C(=O)N[C@@H](Cc1ccccc1)C(O)=O,
CCCCc1nn(-c2ccccc2C(F)(F)F)c(=O)n1Cc1ccc(cc1)-c1ccccc1S(=O)(=O)NC(=O)c1ccccc1,
N[C@@H](CC(O)=O)C(=O)N[C@@H](CCCN=C(N)N)C(=O)N[C@H]1CS\C=C\CC[C@H](NC(=O)[C@H](Cc2ccc(O)cc2)NC1=O)C(=O)N[C@@H](Cc1cnc[nH]1)C(=O)N1CCC[C@H]1C(=O)N[C@@H](Cc1ccccc1)C(O)=O,
CCCCN(Cc1ccc(cc1)-c1ccccc1-c1nnn[nH]1)c1ncncc1C(O)=O,
CCCCC1=NC2(CCCC2)C(=O)N1Cc1ccc(cc1)-c1ccccc1-c1nnn[nH]1,
CCCCc1nc(Cl)c(C(O)=O)n1Cc1ccc(cc1)-c1ccccc1-c1noc(=O)[nH]1,
CCCCC1=NC2(CCCC2)C(=O)N1Cc1ccc(cc1)-c1ccccc1-c1nnn[nH]1,
CCCc1nn(Cc2ccc(cc2)-c2ccccc2-c2nn[nH]n2)\c(=N\C(=O)c2ccccc2C(O)=O)s1,
CCCCOC(=O)NS(=O)(=O)c1sc(CC(C)C)cc1-c1ccc(Cn2c(CC)nc3c(C)cc(C)nc23)cc1,
CCCCc1nc(Cl)c(C(O)=O)n1Cc1ccc2c(cc3ccccc3c(=O)c2c1)-c1nnn[nH]1,
CCCCOC(=O)NS(=O)(=O)c1ccc(CC(C)C)cc1-c1ccc(Cn2c(CC)nc3c(C)cc(C)nc23)cc1,
OC(=O)C(F)(F)F.OC(=O)C(F)(F)F.OC(=O)C(F)(F)F.OC(=O)C(F)(F)F.CC[C@H](C)[C@H](NC(=O)[C@H](Cc1ccc(O)cc1)NC(=O)[C@@H](NC(=O)[C@H](CCCN\C(N)=N\C(=O)NCCCCN)NC(=O)[C@@H](N)CC(O)=O)C(C)C)C(=O)N[C@@H](Cc1cnc[nH]1)C(=O)N1CCC[C@H]1C(=O)N[C@@H](Cc1ccccc1)C(O)=O,
OC(=O)c1c(Oc2ccc(cc2)-c2ccccc2-c2nnn[nH]2)c(nc2cccnc12)C1CC1,
CCCCc1ncc(CNc2ccccc2C(O)=O)n1Cc1ccc(cc1)C(=O)NS(=O)(=O)c1ccccc1Cl,
CCCOc1nc(CC)c(CNC(=O)[C@@H](CS)CC(C)C)n1Cc1ccc(cc1)-c1ccccc1C(O)=O,
CCc1nn(Cc2ccc(cc2)-c2ccccc2-c2nn[nH]n2)\c(=N\C(=O)c2ccccc2OC)s1,
CCCCOC(=O)NS(=O)(=O)c1sc(CC(C)C)cc1-c1ccc(cc1)C(=O)NC(C)C,
CCc1cc(OCc2ccc3c(cc4ccccc4c(=O)c3c2)-c2nnn[nH]2)c2cc(ccc2n1)C(O)=O,
CCOc1nc2cccc(C(O)=O)c2n1Cc1ccc2c(cc3ccccc3c(=O)c2c1)-c1nnn[nH]1,
Cc1nn(Cc2ccc(cc2)-c2ccccc2-c2nn[nH]n2)\c(=N\C(=O)c2ccccc2C(O)=O)s1,
CCCN(Cc1ccc(cc1)-c1ccccc1-c1nnn[nH]1)c1nc(C)ncc1C(O)=O,
OC(=O)C(F)(F)F.OC(=O)C(F)(F)F.OC(=O)C(F)(F)F.OC(=O)C(F)(F)F.CC[C@H](C)[C@H](NC(=O)[C@H](Cc1ccc(O)cc1)NC(=O)[C@@H](NC(=O)[C@H](CCCN\C(N)=N\C(=O)NCCOCCOCCN)NC(=O)[C@@H](N)CC(O)=O)C(C)C)C(=O)N[C@@H](Cc1cnc[nH]1)C(=O)N1CCC[C@H]1C(=O)N[C@@H](Cc1ccccc1)C(O)=O,
CCCN(Cc1ccc(cc1)-c1ccccc1-c1nnn[nH]1)c1nc(C)ncc1C(O)=O,
CCOC(=O)c1c(C)nc(C)cc1NCc1ccc2c(cc3ccccc3c(=O)c2c1)-c1nnn[nH]1,
OC(=O)c1c(OCc2ccc(cc2)-c2ccccc2-c2nnn[nH]2)c(nc2ccccc12)C1CC1,
OC(=O)c1c(OCc2ccc(cc2)-c2ccccc2-c2nnn[nH]2)c(nc2ccccc12)C1CC1,
CCCCC(=O)N(Cc1ccc(cc1)-c1ccccc1-c1nnn[nH]1)[C@@H](C(C)C)C(O)=O,
CCCCOC(=O)NS(=O)(=O)c1sc(CC(C)C)cc1-c1ccc(cc1)C(=O)N(CC)CC,
CCc1nc2c(C)cc(C)nc2n1Cc1ccc(cc1)-c1ccccc1-c1nnn[nH]1,0.54
CCc1nc2c(C)cc(C)nc2n1Cc1ccc(cc1)-c1ccccc1-c1nnn[nH]1,0.54
CCCCc1nc(c(C(O)=O)n1Cc1ccc(cc1)-c1ccccc1-c1nnn[nH]1)-c1ccccc1Cl,0.55
CCCCc1nc(c(C(O)=O)n1Cc1ccc(cc1)-c1ccccc1-c1nnn[nH]1)-c1ccccc1Cl,0.55
CCCCc1nn(-c2ccccc2C(F)(F)F)c(=O)n1Cc1ccc(cc1)-c1ccccc1S(=O)(=O)NC(=O)c1ccccc1,0.55
CCCCc1nc(c(C(O)=O)n1Cc1ccc(cc1)-c1ccccc1-c1nnn[nH]1)-c1ccccc1Cl,0.55
CCCc1nc2ccc(NC(=O)Nc3ccccc3)cc2c(=O)n1Cc1ccc(cc1)-c1ccccc1S(=O)(=O)NC(=O)OCCC(C)C,0.55
CCCCc1nn(-c2ccccc2C(F)(F)F)c(=O)n1Cc1ccc(cc1)-c1ccccc1S(=O)(=O)NC(=O)c1ccccc1,0.55
CCC(=O)Nc1ccc(Br)c(c1)-n1nc(CC)n(Cc2ccc(cc2F)-c2ccccc2S(=O)(=O)NC(=O)OC(C)(C)C)c1=O,0.56
CCCCc1nn(-c2cc(N)ccc2Cl)c(=O)n1Cc1ccc(cc1)-c1ccccc1S(=O)(=O)NC(=O)c1ccccc1Cl,0.56
CCCCc1nn(-c2ccc(N)cc2C(F)(F)F)c(=O)n1Cc1ccc(cc1)-c1ccccc1S(=O)(=O)NC(=O)c1ccccc1Cl,0.56
CCCCc1nn(-c2cc(NC(=O)COCC)ccc2Cl)c(=O)n1Cc1ccc(cc1F)-c1ccccc1S(=O)(=O)NC(=O)OC(C)(C)C,0.56
CCC(=O)Nc1ccc(Br)c(c1)-n1nc(CC)n(Cc2ccc(cc2F)-c2ccccc2S(=O)(=O)NC(=O)OC(C)(C)C)c1=O,0.56
CCCCc1nn(-c2ccc(N)cc2C(F)(F)F)c(=O)n1Cc1ccc(cc1)-c1ccccc1S(=O)(=O)NC(=O)c1ccccc1Cl,0.56
CCCCc1nn(-c2cc(N)ccc2Cl)c(=O)n1Cc1ccc(cc1)-c1ccccc1S(=O)(=O)NC(=O)c1ccccc1Cl,0.56
CCCCc1nn(-c2ccccc2C(F)(F)F)c(=O)n1Cc1ccc(cc1)-c1ccccc1S(=O)(=O)NC(=O)C1CC1C,0.56
CCC(=O)Nc1ccc(Br)c(c1)-n1nc(CC)n(Cc2ccc(cc2F)-c2ccccc2S(=O)(=O)NC(=O)OC(C)(C)C)c1=O,0.56
CCCCc1nn(-c2ccccc2C(F)(F)F)c(=O)n1Cc1ccc(cc1)-c1ccccc1S(=O)(=O)NC(=O)c1ccccc1C,0.56
CCC(=O)Nc1ccc(Br)c(c1)-n1nc(CC)n(Cc2ccc(cc2F)-c2ccccc2S(=O)(=O)NC(=O)OC(C)(C)C)c1=O,0.561048
CNCC(=O)N[C@@H](CCCN=C(N)N)C(=O)N[C@@H](C(C)C)C(=O)N[C@@H](Cc1ccc(O)cc1)C(=O)N[C@@H](C(C)C)C(=O)N[C@@H](Cc1cnc[nH]1)C(=O)N1CCC[C@H]1C(=O)N[C@@H](C)C(O)=O,0.57
CCCc1nc(CC)c(C(=O)OCc2ccccc2C(=O)c2ccccc2)n1Cc1ccc(cc1F)-c1ccccc1S(=O)(=O)NC(=O)OCCc1ccccc1,0.57
CCc1nc2ccc(NC(=O)N(C)C(C)C)cc2c(=O)n1Cc1ccc(cc1F)-c1ccccc1S(=O)(=O)NC(=O)OCCC1CC1,0.57
CCc1nc2ccc(NC(=O)N(C)C(C)C)cc2c(=O)n1Cc1ccc(cc1F)-c1ccccc1S(=O)(=O)NC(=O)OCCC1CC1,0.57
CCCCc1nc2ccc(cc2c(=O)n1Cc1ccc(cc1)-c1ccccc1-c1nnn[nH]1)N(C)C(=O)N(C)C(C)C,0.58
CCCCOC(=O)NS(=O)(=O)c1ccccc1-c1ccc(Cn2c(CCCC)nn(-c3ccccc3C(F)(F)F)c2=O)cc1,0.59
CCCCN1C(=O)N(Cc2ccc(C)s2)\C(=C/c2cnc(CCCC)n2Cc2ccc(cc2)C(O)=O)C1=O,0.6
CCCCN1C(=O)N(Cc2csc(N)n2)\C(=C/c2cnc(CCCC)n2Cc2ccc(cc2)C(O)=O)C1=O,0.6
CCCCN1C(=O)N(Cc2cccs2)\C(=C\c2cnc(CCCC)n2Cc2ccc(cc2)C(O)=O)C1=O,0.6
CCCCOC(=O)NS(=O)(=O)c1ccccc1-c1ccc(Cn2c(CCC)nc(CC)c2C(=O)OCc2ccccc2Oc2ccccc2)c(F)c1,0.6
CCCc1nc(CC)c(C(=O)OCc2cccc(c2)C(=O)c2ccccc2)n1Cc1ccc(cc1F)-c1ccccc1S(=O)(=O)NC(=O)OCCC(C)C,0.6
CCCc1nc(CC)c(C(=O)OCc2ccccc2C(=O)c2ccccc2)n1Cc1ccc(cc1)-c1ccccc1S(=O)(=O)NC(=O)OC,0.6
CCCc1nc(CC)c(C(=O)NCc2ccccc2S(=O)c2ccccc2)n1Cc1ccc(cc1F)-c1ccccc1S(=O)(=O)NC(=O)OCCC(C)C,0.6
CCCc1nc(CC)c(C(=O)OCc2ccccc2-c2ccsc2)n1Cc1ccc(cc1F)-c1ccccc1S(=O)(=O)NC(=O)OCCC(C)C,0.6
CCCCN(C(=O)c1ccccc1)c1cnc2n(Cc3ccc(cc3)-c3ccccc3-c3nnn[nH]3)c(CCCC)nc2c1C,0.6
CCCCc1nc2cc(NC(=O)N(c3ccccc3)c3ccccc3)c(C)nc2n1Cc1ccc(cc1)-c1ccccc1-c1nnn[nH]1,0.6
CCCCc1nc2c(C)c(NC(=O)N(c3ccccc3)c3ccccc3)cnc2n1Cc1ccc(cc1)-c1ccccc1-c1nnn[nH]1,0.6
CCCCc1nn(c(C(O)=O)c1Cc1ccc(cc1)-c1ccccc1-c1nnn[nH]1)-c1ccc(Cl)cc1Cl,0.6
CCCCc1nc2c(C)c(NC(=O)N(c3ccccc3)c3ccccc3)cnc2n1Cc1ccc(cc1)-c1ccccc1-c1nnn[nH]1,0.6
CCCCc1nn(-c2ccccc2C(F)(F)F)c(=O)n1Cc1ccc(cc1)-c1ccccc1S(=O)(=O)NC(=O)c1ccccc1-c1ccccc1,0.6
CCCCc1nn(-c2cc(NC(C)=O)ccc2Cl)c(=O)n1Cc1ccc(cc1F)-c1cc(CCC)ccc1S(=O)(=O)NC(=O)c1ccccc1F,0.62
CCc1nc2ccc(NC(=O)N(C)C(C)C)cc2c(=O)n1Cc1ccc(cc1F)-c1ccccc1S(=O)(=O)NC(=O)OCCC(C)C,0.62
CCCCN(C)C(=O)c1ccc(Cl)c(c1)-n1nc(CCCC)n(Cc2ccc(cc2)-c2ccccc2S(=O)(=O)NC(=O)c2ccccc2Cl)c1=O,0.63
CCCCN(C)C(=O)c1ccc(Cl)c(c1)-n1nc(CCCC)n(Cc2ccc(cc2)-c2ccccc2S(=O)(=O)NC(=O)c2ccccc2Cl)c1=O,0.63
CCCCc1nn(c(C(O)=O)c1Cc1ccc(cc1)-c1ccccc1-c1nnn[nH]1)-c1ccccc1-c1ccccc1,0.64
CCCCc1nn(-c2ccccc2C(F)(F)F)c(=O)n1Cc1ccc(cc1)-c1ccccc1S(=O)(=O)NC(=O)c1ccc(C)s1,0.64
CCCCc1nn(-c2ccccc2C(F)(F)F)c(=O)n1Cc1ccc(cc1)-c1ccccc1S(=O)(=O)NC(=O)C1CC1(F)F,0.64
CCCc1cc(=O)n(CC(=O)N(C)C)c(=O)n1Cc1ccc(cc1)-c1ccccc1-c1nnn[nH]1,0.65
CCc1nn(Cc2ccc(cc2)-c2ccccc2-c2nnn[nH]2)c(=NC(=O)c2ccccc2C(O)=O)s1,0.66
CCCc1nn(c(C(O)=O)c1Cc1ccc(cc1)-c1ccccc1-c1nnn[nH]1)-c1ccccc1C(F)(F)F,0.67
CCCCc1nn(-c2ccccc2C(F)(F)F)c(=O)n1Cc1ccc(cc1)-c1ccccc1S(=O)(=O)NC(=O)c1cc(Br)sc1Br,0.67
CCc1nc2c(C)cc(C)nc2n1Cc1ccc(cc1)-c1ccccc1S(=O)(=O)NC(=O)C1CC1,0.68
CCCCc1nn(-c2ccccc2C(F)(F)F)c(=O)n1Cc1ccc(cc1)-c1ccccc1S(=O)(=O)NC(=O)c1ccc(F)cc1,0.68
CCOc1nc2cccc(C(O)=O)c2n1Cc1ccc(cc1)-c1ccccc1-c1nnn[nH]1,0.69
CCCc1nn(c(C(O)=O)c1Cc1ccc(cc1)-c1ccccc1-c1nnn[nH]1)-c1c(Cl)cccc1Cl,0.69
CCCCN1C(=O)N(Cc2cccs2)\C(=C/c2cnc(CCCC)n2Cc2ccc(cc2)C(O)=O)C1=O,0.7
CCCCc1nc(C)c(CC(=S)N2CCCC2)c(=O)n1Cc1ccc(cc1)-c1ccccc1-c1noc(=O)[nH]1,0.7
CCCc1nc2c(C)cc(NC(=O)OC)cc2n1Cc1ccc(cc1)-c1ccccc1C(O)=O,0.7
CCc1nc2c(C)cc(C)nc2n1Cc1ccc(cc1)-c1ccccc1C1=NS(=O)ON1,0.7
CCc1nc2c(C)cc(C)nc2n1Cc1ccc(cc1)-c1ccccc1C1=NS(=O)ON1,0.7
CCCc1nc2ccc(NC(=O)N3CCOCC3)cc2c(=O)n1Cc1ccc(cc1F)-c1ccccc1S(=O)(=O)NC(=O)OCCC(C)C,0.71
CCCCc1nn(-c2ccccc2C(F)(F)F)c(=O)n1Cc1ccc(cc1)-c1ccccc1S(=O)(=O)NC(=O)c1sccc1Br,0.72
CCCCc1nn(-c2ccccc2C(F)(F)F)c(=O)n1Cc1ccc(cc1)-c1ccccc1S(=O)(=O)NC(=O)c1cccc(Cl)c1Cl,0.72
CC[C@H](C)[C@H](NC(=O)[C@H](Cc1ccc(O)cc1)NC(=O)[C@@H](NC(=O)[C@H](CCCN=C(N)N)NC(=O)[C@@H](N)CC(O)=O)C(C)C)C(=O)N[C@@H](Cc1cnc[nH]1)C(=O)N1CCC[C@H]1C(=O)N[C@@H](Cc1ccccc1)C(O)=O,0.724436
CCNC(=O)Nc1ccc2nc(CC)n(Cc3ccc(cc3F)-c3ccccc3S(=O)(=O)NC(=O)OCCC3CC3)c(=O)c2c1,0.73
CCCCc1nn(-c2ccc(OC)cc2[N+]([O-])=O)c(=O)n1Cc1ccc(cc1)-c1ccccc1-c1nnn[nH]1,0.74
CCCCc1nn(-c2ccc(OC)cc2[N+]([O-])=O)c(=O)n1Cc1ccc(cc1)-c1ccccc1-c1nnn[nH]1,0.74
CCCc1nc(CC)c(C(=O)OCc2ccccc2C(=O)c2ccccc2)n1Cc1ccc(cc1)-c1ccccc1S(=O)(=O)NC(=O)OCCc1ccccc1,0.74
CCCc1cc(Cn2c(CC)nc3c(C)cc(C)nc23)cc(CCC)c1OC(C(O)=O)c1cccc(C)c1,0.74
CCCCc1nn(-c2ccc(OC)cc2[N+]([O-])=O)c(=O)n1Cc1ccc(cc1)-c1ccccc1-c1nnn[nH]1,0.74
CCCCc1nn(-c2ccccc2C(F)(F)F)c(=O)n1Cc1ccc(cc1)-c1ccccc1S(=O)(=O)NC(=O)c1ccc(OC)cc1,0.74
CCCc1cc(Cn2c(CC)nc3c(C)cc(C)nc23)cc(CCC)c1OC(C(O)=O)c1cccc(Cl)c1,0.75
CCCCc1nn(-c2ccccc2C(F)(F)F)c(=O)n1Cc1ccc(cc1)-c1ccccc1S(=O)(=O)NC(=O)COCC,0.75
CCCCc1nc2ccc(NC(=O)NC(C)C)cc2c(=O)n1Cc1ccc(cc1)-c1ccccc1-c1nnn[nH]1,0.75
CCCCc1nn(-c2ccccc2C(F)(F)F)c(=O)n1Cc1ccc(cc1)-c1ccccc1S(=O)(=O)NC(=O)c1ccc(cc1)C#N,0.76
CCCCC1=N[C@](C)(C2CCCCC2)C(=O)N1Cc1ccc(cc1)-c1ccccc1-c1nnn[nH]1,0.77
CCc1nc2ccc(NC(=O)N(C)C(C)C)cc2c(=O)n1Cc1ccc(cc1F)-c1ccccc1S(=O)(=O)NC(=O)OCC=C(C)C,0.77
CCCCc1nn(c(C(O)=O)c1Cc1ccc(cc1)-c1ccccc1-c1nnn[nH]1)-c1cccc(Cl)c1Cl,0.77
CCc1cc2c(s1)n(Cc1ccc(cc1F)-c1ccccc1-c1nc(=O)o[nH]1)c(=O)n(CC(=O)c1ccc(OC)cc1)c2=O,0.77
CCCCc1nn(-c2ccccc2C(F)(F)F)c(=O)n1Cc1ccc(cc1)-c1ccccc1S(=O)(=O)NC(=O)n1cnnn1,0.78
CCCCc1nn(-c2ccccc2C(F)(F)F)c(=O)n1Cc1ccc(cc1)-c1ccccc1-c1nnn[nH]1,0.78
CCCCc1nn(-c2ccccc2C(F)(F)F)c(=O)n1Cc1ccc(cc1)-c1ccccc1-c1nnn[nH]1,0.78
CCCCc1nn(-c2ccccc2C(F)(F)F)c(=O)n1Cc1ccc(cc1)-c1ccccc1-c1nnn[nH]1,0.78
CCCc1nc2c(C)cc(C)nc2n1Cc1ccc(cc1)-c1ccccc1-c1nnn[nH]1,0.8
CCCc1nc(CC)c(C(=O)OCc2ccccc2-c2cccs2)n1Cc1ccc(cc1F)-c1ccccc1S(=O)(=O)NC(=O)OCCC(C)C,0.8
CCCc1nc(CC)c(C(=O)OC(C(=O)c2ccccc2)c2ccccc2)n1Cc1ccc(cc1F)-c1ccccc1S(=O)(=O)NC(=O)OCCC(C)C,0.8
CCc1nc2c(C)cc(C)nc2n1Cc1ccc2n(ccc2c1)C(=O)c1c(Cl)ccc(Cl)c1C(O)=O,0.8
CCCOC(=O)NS(=O)(=O)c1ccccc1-c1ccc(Cn2c(CCC)nc(CC)c2C(=O)OCc2ccccc2-c2cncnc2)c(F)c1,0.8
CCCc1nc2c(C)cc(C)nc2n1Cc1ccc(cc1)-c1ccccc1-c1nnn[nH]1,0.8
CCCCc1nn(c(C(O)=O)c1Cc1ccc(cc1)-c1ccccc1-c1nnn[nH]1)-c1ccc(OC)cc1,0.8
CCc1nc2c(C)cc(C)nc2n1Cc1ccc2n(ccc2c1)C(=O)c1c(Cl)ccc(Cl)c1C(O)=O,0.8
CCCN(C(C(=O)NS(=O)(=O)c1ccccc1)c1ccccc1)c1ccc(Cn2c(CC)nc3c(C)cc(C)nc23)cc1,0.8
CCCCc1nn(-c2ccccc2C(F)(F)F)c(=O)n1Cc1ccc(cc1)-c1ccccc1S(=O)(=O)NC(=O)C(F)(F)F,0.8
CCCCc1nn(-c2ccccc2C(F)(F)F)c(=O)n1Cc1ccc(cc1)-c1ccccc1S(=O)(=O)NC(=O)C(C)C,0.8
CCCCc1nn(-c2ccccc2C(F)(F)F)c(=O)n1Cc1ccc(cc1)-c1ccccc1S(=O)(=O)NC(=O)C1(C)CC1,0.8
CCc1nc2c(C)cc(C)nc2n1Cc1ccc(cc1)-c1ccccc1-c1nnn[nH]1,0.8
CCc1nc2c(C)cc(C)nn2c1Cc1ccc(cc1)-c1ccccc1S(=O)(=O)NC(=O)c1ccccc1,0.8
CCCCc1nn(-c2ccccc2C(F)(F)F)c(=O)n1Cc1ccc(cc1)-c1ccccc1S(=O)(=O)NC(=O)C(=O)C(F)(F)F,0.8
CCCCc1nn(-c2ccccc2C(F)(F)F)c(=O)n1Cc1ccc(cc1)-c1ccccc1S(=O)(=O)NC(=O)C(=O)C(C)C,0.8
CCCCc1nn(-c2ccccc2C(F)(F)F)c(=O)n1Cc1ccc(cc1)-c1ccccc1S(=O)(=O)NC(=O)c1sccc1C,0.81
CCCCC(=O)Nc1ccc(Br)c(c1)-n1nc(CC)n(Cc2ccc(cc2F)-c2ccccc2S(=O)(=O)NC(=O)OC(C)C)c1=O,0.82
CCCCC(=O)Nc1ccc(Br)c(c1)-n1nc(CC)n(Cc2ccc(cc2F)-c2ccccc2S(=O)(=O)NC(=O)OC(C)C)c1=O,0.82
CCCCc1nn(-c2ccccc2C(F)(F)F)c(=O)n1Cc1ccc(cc1)-c1ccccc1S(=O)(=O)NC(=O)c1ccccc1Cc1ccccc1,0.82
CCCCC(=O)Nc1ccc(Br)c(c1)-n1nc(CC)n(Cc2ccc(cc2F)-c2ccccc2S(=O)(=O)NC(=O)OC(C)C)c1=O,0.820352
CCCCc1nc2ccc(cc2c(=O)n1Cc1ccc(cc1)-c1ccccc1-c1nnn[nH]1)N(C)C(=O)OCc1ccccc1,0.83
CCCCc1nn(-c2cc(NC(C)=O)ccc2Cl)c(=O)n1Cc1ccc(cc1F)-c1cc(CCC)ccc1S(=O)(=O)NC(=O)OC(C)(C)C,0.84
CCCc1nc2ccc(NC(=O)NC(C)C)cc2c(=O)n1Cc1ccc(cc1F)-c1ccccc1S(=O)(=O)NC(=O)c1ccc(CC)cc1F,0.84
CCCCNC(=O)c1ccc(Br)c(c1)-n1nc(CCC)n(Cc2ccc(cc2F)-c2ccccc2S(=O)(=O)NC(=O)OC(C)(C)C)c1=O,0.84
CCCCc1nn(-c2cc(NC(C)=O)ccc2Cl)c(=O)n1Cc1ccc(cc1F)-c1cc(CCC)ccc1S(=O)(=O)NC(=O)OC(C)(C)C,0.84
CCCCc1nn(-c2ccccc2C(F)(F)F)c(=O)n1Cc1ccc(cc1)-c1ccccc1S(=O)(=O)NC(=O)C1CCC1,0.84
CCCCc1nn(-c2ccccc2[N+]([O-])=O)c(=O)n1Cc1ccc(cc1)-c1ccccc1-c1nnn[nH]1,0.85
CCCCc1nn(-c2ccccc2[N+]([O-])=O)c(=O)n1Cc1ccc(cc1)-c1ccccc1-c1nnn[nH]1,0.85
CCCCc1nn(-c2cccc(NC(=O)CC)c2)c(=O)n1Cc1ccc(cc1)-c1ccccc1S(=O)(=O)NC(=O)c1ccccc1Cl,0.85
CCCCc1nn(-c2ccccc2[N+]([O-])=O)c(=O)n1Cc1ccc(cc1)-c1ccccc1-c1nnn[nH]1,0.85
CCCCc1nn(-c2cccc(NC(=O)CC)c2)c(=O)n1Cc1ccc(cc1)-c1ccccc1S(=O)(=O)NC(=O)c1ccccc1Cl,0.85
CCCCOC(=O)NS(=O)(=O)c1ccccc1-c1ccc(Cn2c(CCC)nc3ccc(N)cc3c2=O)cc1,0.86
CCCCNC(=O)c1ccc(c(c1)-n1nc(CCC)n(Cc2ccc(cc2F)-c2ccccc2S(=O)(=O)NC(=O)OC(C)(C)C)c1=O)C(F)(F)F,0.88
CCCCOC(=O)NS(=O)(=O)c1ccccc1-c1ccc(Cn2c(CCCC)nc3ccc(NC(=O)N(C)C(C)C)cc3c2=O)c(F)c1,0.89
CCCCN1C(=O)N(Cc2ccsc2)\C(=C/c2cnc(CCCC)n2Cc2ccc(cc2)C(O)=O)C1=O,0.9
CCCc1nc2c(C)cc(cc2n1Cc1ccc(cc1)-c1ccccc1-c1nnn[nH]1)C(=O)NCC(C)c1ccccc1,0.9
CCCCC(=O)Nc1cccc(c1)-n1nc(CCCC)n(Cc2ccc(cc2)-c2ccccc2S(=O)(=O)NC(=O)c2ccccc2Cl)c1=O,0.9
CCCC1=NC2(CCCC2)C(=O)N1Cc1ccc(cc1)-c1ccccc1-c1nnn[nH]1,0.9
CCCc1nc(CN2CCN(CC2)c2ccccn2)c(C(O)=O)n1Cc1ccc(cc1F)-c1ccccc1-c1nnn[nH]1,0.9
CCCCc1nn(-c2cc(NC(C)=O)ccc2Cl)c(=O)n1Cc1ccc(cc1F)-c1cc(CCC)ccc1S(=O)(=O)NC(=O)c1ccccc1Cl,0.9
CCCCC1=NC2(CCCC2)C(=O)N1Cc1ccc(cc1)-c1ccccc1-c1nnn[nH]1,0.9
Cn1nnnc1-c1ccccc1-c1ccc(Cn2cnc3ccc(cc3c2=O)N(Cc2cccnc2)C(=O)c2ccccc2)cc1,0.9
CCCc1cc(Cn2c(CC)nc3c(C)cc(C)nc23)cc(CCC)c1OC(C(O)=O)c1ccccc1,0.9
CCN(C(C(=O)NS(=O)(=O)c1ccccc1)c1ccccc1)c1ccc(Cn2c(CC)nc3c(C)cc(C)nc23)cc1,0.9
CCCCc1nn(CCc2ccccc2)c(=O)n1Cc1ccc(cc1)-c1ccccc1-c1nnn[nH]1,0.9
CCCCC(=O)Nc1cccc(c1)-n1nc(CCCC)n(Cc2ccc(cc2)-c2ccccc2S(=O)(=O)NC(=O)c2ccccc2Cl)c1=O,0.9
CCCCC(=O)Nc1ccc(c(c1)-n1nc(CCCC)n(Cc2ccc(cc2F)-c2ccccc2S(=O)(=O)NC(=O)OC(C)(C)C)c1=O)C(F)(F)F,0.9
CCCc1nc2ccc(NC(=O)NC(C)C)cc2c(=O)n1Cc1ccc(cc1)-c1ccccc1S(=O)(=O)NC(=O)c1ccccc1,0.9
CCCCCN(C(=O)c1ccc(O)cc1)c1ccc2ncn(Cc3ccc(cc3)-c3ccccc3-c3nnnn3C)c(=O)c2c1,0.9
CCCCc1nc2ccc(cc2c(=O)n1Cc1ccc(cc1)-c1ccccc1-c1nnn[nH]1)S(C)=O,0.9
CCCCC(=O)c1ccc(Cl)c(c1)-n1nc(CCCC)n(Cc2ccc(cc2F)-c2ccccc2S(=O)(=O)NC(=O)OC(C)(C)C)c1=O,0.91
CCCCC(=O)c1ccc(Cl)c(c1)-n1nc(CCCC)n(Cc2ccc(cc2F)-c2ccccc2S(=O)(=O)NC(=O)OC(C)(C)C)c1=O,0.91
CCCCC(=O)c1ccc(Cl)c(c1)-n1nc(CCCC)n(Cc2ccc(cc2F)-c2ccccc2S(=O)(=O)NC(=O)OC(C)(C)C)c1=O,0.91
[K+].[K+].[Br-].CCCCc1c[n+](Cc2ccc(cc2)-c2ccccc2-c2nn[n-]n2)cn1Cc1ccc(cc1)-c1ccccc1-c1nn[n-]n1,0.912011
CCCCC(=O)c1ccc(Cl)c(c1)-n1nc(CCCC)n(Cc2ccc(cc2F)-c2ccccc2S(=O)(=O)NC(=O)OC(C)(C)C)c1=O,0.912011
CCc1nc2ccc(NC(=O)NC(C)C)cc2c(=O)n1Cc1ccc(cc1F)-c1ccccc1S(=O)(=O)NC(=O)OCCC1CC1,0.92
CCCCCc1nn(-c2ccccc2[N+]([O-])=O)c(=O)n1Cc1ccc(cc1)-c1ccccc1-c1nnn[nH]1,0.93
CCCCCc1nn(-c2ccccc2[N+]([O-])=O)c(=O)n1Cc1ccc(cc1)-c1ccccc1-c1nnn[nH]1,0.93
CCCCCc1nn(-c2ccccc2[N+]([O-])=O)c(=O)n1Cc1ccc(cc1)-c1ccccc1-c1nnn[nH]1,0.93
CCCCc1nn(-c2cc(NC(=O)COCC)ccc2C(F)(F)F)c(=O)n1Cc1ccc(cc1F)-c1ccccc1S(=O)(=O)NC(=O)OC(C)(C)C,0.94
CCCCc1nn(-c2ccccc2C(F)(F)F)c(=O)n1Cc1ccc(cc1)-c1ccccc1S(=O)(=O)NC(=O)c1cccs1,0.94
CCCc1nc2ccc(NC(=O)c3ccccc3)cc2c(=O)n1Cc1ccc(cc1)-c1ccccc1S(=O)(=O)NC(=O)c1ccccc1,0.99
CCCCC1=NC2(CCCC2)CC(=O)N1Cc1ccc(cc1)-c1ccccc1-c1nnn[nH]1,1
CCCc1nc2c(C)ccnc2n1Cc1ccc(cc1)-c1ccccc1-c1nnn[nH]1,1
CCCCCN(C(=O)c1ccccc1)c1ccc2nc(CCC)n(Cc3ccc(cc3)-c3ccccc3-c3nnn[nH]3)c(=O)c2c1,1
CCCCCCCOC(=O)NS(=O)(=O)c1ccccc1-c1ccc(Cn2c(CCC)nc(CC)c2C(=O)OCc2ccccc2OC)c(F)c1,1
CCCCc1ncc(\C=C(/Cc2cccs2)C(O)=O)n1Cc1ccc(cc1)C(O)=O,1
CCCCc1ncc(\C=C(/Cc2cccs2)C(O)=O)n1Cc1ccc(C(O)=O)c(Cl)c1,1
CCCCC(=O)Nc1ccc(Cl)c(c1)-n1nc(CCCC)n(Cc2ccc(cc2)-c2cc(CC)ccc2S(=O)(=O)NC(=O)c2ccccc2Cl)c1=O,1
CCCc1nc(CC)c(C(=O)OC)n1Cc1ccc(cc1F)-c1ccccc1S(=O)(=O)NC(=O)OCCC(C)C,1
CCCc1nc(CC)c(C(=O)OCc2ccccc2Sc2ccccc2)n1Cc1ccc(cc1F)-c1ccccc1S(=O)(=O)NC(=O)OCCC(C)C,1
CCc1nc2c(C)cc(C)nc2n1Cc1ccc2N(CCc2c1)C(c1nnn[nH]1)c1ccccc1,1
CCCCC1=NC2(CCCC2)C(=O)N1Cc1ccc(cc1)-c1ccccc1S(=O)(=O)NC(=O)c1ccccc1,1
CCCC1=NC2(CCSCC2)C(=O)N1Cc1ccc(cc1)-c1ccccc1S(=O)(=O)NC(=O)c1ccccc1,1
CCCc1nc2c(C)cc(cc2n1Cc1ccc(cc1)-c1ccccc1C(O)=O)-c1nc2ccccc2n1C,1
CCCc1nc2c(C)cc(cc2n1Cc1ccc(cc1)-c1ccccc1C(O)=O)-c1nc2ccccc2n1C,1
CCCCc1nc2ccc(cc2c(=O)n1Cc1ccc(cc1)-c1ccccc1-c1nnn[nH]1)S(C)=O,1
CCCc1nc2c(C)cc(cc2n1Cc1ccc(cc1)-c1ccccc1C(O)=O)-c1nc2ccccc2n1C,1
CCCCc1nn(-c2cc(NCCC)ccc2Cl)c(=O)n1Cc1ccc(cc1)-c1ccccc1S(=O)(=O)NC(=O)c1ccccc1Cl,1
CCCc1nc2ccc(NC(=O)c3ccccc3)cc2c(=O)n1Cc1ccc(cc1)-c1ccccc1S(=O)(=O)NC(=O)c1ccccc1,1
CCCCc1nn(-c2cc(NCCC)ccc2Cl)c(=O)n1Cc1ccc(cc1)-c1ccccc1S(=O)(=O)NC(=O)c1ccccc1Cl,1
CCCCc1nn(-c2ccccc2C(F)(F)F)c(=O)n1Cc1ccc(cc1)-c1ccccc1S(=O)(=O)NC(=O)c1cccnc1Cl,1
CCCCc1nn(-c2ccccc2C(F)(F)F)c(=O)n1Cc1ccc(cc1)-c1ccccc1S(=O)(=O)NC(=O)c1cc(C)oc1C,1
CCc1nc2c(C)cc(C)nc2n1Cc1ccc2n(Cc3c(Cl)cccc3-c3nnn[nH]3)ccc2c1,1
CCc1nc2c(C)cc(C)nc2n1Cc1ccc(cc1)N(CC=C)C(C(=O)NS(=O)(=O)c1ccccc1)c1ccccc1,1
CCCNC(=O)c1ccc(c(c1)-n1nc(CCC)n(Cc2ccc(cc2F)-c2ccccc2S(=O)(=O)NC(=O)c2ccccc2)c1=O)C(F)(F)F,1
CCCc1nc2c(C)ccnc2n1Cc1ccc(cc1)-c1ccccc1-c1nnn[nH]1,1
CCCc1nc2c(C)ccnc2n1Cc1ccc(cc1)-c1ccccc1-c1nnn[nH]1,1
Fc1cccc(CCn2c(=O)n(Cc3ccc(cc3)-c3ccccc3-c3nc(=O)o[nH]3)c3sc(CC(F)(F)F)cc3c2=O)c1,1
CCc1cc2c(s1)n(Cc1ccc(cc1)-c1ccccc1-c1nc(=O)o[nH]1)c(=O)n(CC(=O)c1ccc(OC)cc1C)c2=O,1
COc1ccc(cc1)C(=O)Cn1c(=O)n(Cc2ccc(cc2F)-c2ccccc2-c2noc(O)n2)c2sc(cc2c1=O)C1CC1,1
CCCCc1nc2ccc(OC(=O)NC(C)C)cc2c(=O)n1Cc1ccc(cc1)-c1ccccc1-c1nnn[nH]1,1
CCCCc1nc(C)c(CC(=O)N2CC(C)OC(C)C2)c(=O)n1Cc1ccc(cc1)-c1ccccc1-c1nnn[nH]1,1.03
CCCCOC(=O)NS(=O)(=O)c1sc(CC(C)C)cc1-c1ccc(Cn2c(CC)nc3c(C)cc(C)nc23)cc1,1.1
CCCCc1nc2ccn(CC(N)=O)c(=O)c2n1Cc1ccc(cc1)-c1ccccc1-c1nnn[nH]1,1.1
CCCCc1nc2ccc(cc2c(=O)n1Cc1ccc(cc1)-c1ccccc1S(=O)(=O)NC(=O)C1(C)CC1)C(C)C,1.1
CCCCOC(=O)NS(=O)(=O)c1sc(CC(C)C)cc1-c1ccc(Cn2c(CC)nc3c(C)cc(C)nc23)cc1,1.1
CCCCc1nc2ccc(NCc3ccccc3)cc2c(=O)n1Cc1ccc(cc1)-c1ccccc1-c1nnn[nH]1,1.1
CCCCc1nc2ccc(C)cc2c(=O)n1Cc1ccc(cc1)-c1ccccc1-c1nnn[nH]1,1.1
CCCc1nc2c(C)cc(cc2n1Cc1ccc(cc1)-c1ccccc1-c1nnn[nH]1)C(=O)NC[C@H](C)c1ccccc1,1.1
CCCCCN(C(=O)c1ccccc1OC)c1ccc2ncn(Cc3ccc(cc3)-c3ccccc3-c3nnnn3C)c(=O)c2c1,1.1
CCCCc1nn(-c2ccccc2C(F)(F)F)c(=O)n1Cc1ccc(cc1)-c1ccccc1S(=O)(=O)NC(=O)c1ocnc1C,1.1
CCCCc1nn(-c2ccccc2C(F)(F)F)c(=O)n1Cc1ccc(cc1)-c1ccccc1S(=O)(=O)NC(=O)CC(C)(C)C,1.1
CCCCc1nn(-c2ccccc2Cl)c(=O)n1Cc1ccc(cc1)-c1ccccc1S(=O)(=O)NC(=O)C(F)(F)F,1.1
CCCCc1nn(-c2ccccc2C(F)(F)F)c(=O)n1Cc1ccc(cc1)-c1ccccc1S(=O)(=O)NC(=O)NC(C)C,1.1
CCCc1nc(c(C(O)=O)n1Cc1ccc(cc1)-c1ccccc1-c1nnn[nH]1)C(F)(F)C(F)(F)F,1.1
Fc1ccc(cc1)C(=O)Cn1c(=O)n(Cc2ccc(cc2)-c2ccccc2-c2nc(=O)o[nH]2)c2sc(cc2c1=O)C1CC1,1.1
COc1cccc(c1)C(=O)Cn1c(=O)n(Cc2ccc(cc2)-c2ccccc2-c2noc(O)n2)c2sc(cc2c1=O)C1CC1,1.1
CCCCc1nc2ccc(NC(=O)NCC)cc2c(=O)n1Cc1ccc(cc1)-c1ccccc1S(=O)(=O)NC(=O)Oc1occc1C,1.1
CCCCc1nn(-c2ccccc2C(F)(F)F)c(=O)n1Cc1ccc(cc1)-c1ccccc1-c1nnn[nH]1,1.2
CCCCN1C(=O)N(Cc2csc(N)n2)\C(=C/c2cnc(CCCC)n2Cc2ccc(cc2)C(=O)OC)C1=O,1.2
CCCCN1C(=O)N(Cc2csc(C)n2)\C(=C/c2cnc(CCCC)n2Cc2ccc(cc2)C(O)=O)C1=O,1.2
CCCCc1nc2ccc(NC(=O)N(C)C(C)C)cc2c(=O)n1Cc1ccc(cc1F)-c1ccccc1S(=O)(=O)NC(=O)OCCC1CC1,1.2
CCCCc1nn(-c2ccccc2C(F)(F)F)c(=O)n1Cc1ccc(cc1)-c1ccccc1-c1nnn[nH]1,1.2
CCCCc1nn(CC(C)(C)C)c(=O)n1Cc1ccc(cc1)-c1ccccc1-c1nnn[nH]1,1.2
CCCCc1nc(C)c(CC(=S)N2CCCC2C)c(=O)n1Cc1ccc(cc1)-c1ccccc1-c1noc(=O)[nH]1,1.2
CCCc1nc2c(C)cc(NC(=O)Cc3ccccc3)cc2n1Cc1ccc(cc1)-c1ccccc1C(O)=O,1.2
CCCCc1nn(-c2ccccc2C(F)(F)F)c(=O)n1Cc1ccc(cc1)-c1ccccc1-c1nnn[nH]1,1.2
CCCCN(C(=O)c1ccc(O)cc1)c1ccc2ncn(Cc3ccc(cc3)-c3ccccc3-c3nnnn3C)c(=O)c2c1,1.2
CCCCc1nn(-c2ccccc2C(F)(F)F)c(=O)n1Cc1ccc(cc1)-c1ccccc1S(=O)(=O)NC(=O)CCC1CCCC1,1.2
CCCCc1nn(-c2ccccc2C(F)(F)F)c(=O)n1Cc1ccc(cc1)-c1ccccc1-c1nnn[nH]1,1.2
CC(C)CCOC(=O)NS(=O)(=O)c1ccccc1-c1ccc(Cn2c(C)nc3ccc(NC(=O)NC(C)C)cc3c2=O)c(F)c1,1.2
CCCc1cc(Cn2c(CC)nc3c(C)cc(C)nc23)cc(CCC)c1OC(C(O)=O)c1ccccc1C,1.2
CCCCc1ncc(\C=C(/Cc2cccs2)C(O)=O)n1Cc1ccc(C(O)=O)c2ccccc12,1.2
Cc1ccc(CCn2c(=O)n(Cc3ccc(cc3)-c3ccccc3-c3nc(=O)o[nH]3)c3sc(CC(F)(F)F)cc3c2=O)cc1,1.2
COc1ccccc1C(=O)Cn1c(=O)n(Cc2ccc(cc2)-c2ccccc2-c2noc(O)n2)c2sc(cc2c1=O)C1CC1,1.2
CCc1cc2c(s1)n(Cc1ccc(cc1)-c1ccccc1-c1nc(=O)o[nH]1)c(=O)n(CC(=O)C(C)(C)C)c2=O,1.2
CCc1cc2c(s1)n(Cc1ccc(cc1F)-c1ccccc1-c1nc(=O)o[nH]1)c(=O)n(-c1ccc3OC(C)(C)Cc3c1)c2=O,1.2
CC(C)(C)C(=O)Cn1c(=O)n(Cc2ccc(cc2)-c2ccccc2-c2nc(=O)o[nH]2)c2sc(cc2c1=O)C1CC1,1.2
CCCCc1nn(-c2ccccc2C(F)(F)F)c(=O)n1Cc1ccc(cc1)-c1ccccc1S(=O)(=O)NC(=O)c1ccc(Cl)cc1,1.2
CCCCN1C(=O)N(CCCC)\C(=C/c2cnc(CCCC)n2Cc2ccc(cc2)C(O)=O)C1=O,1.3
CCCCC1=NC2(CCCC2)C(=O)N1Cc1ccc(cc1)-c1ccccc1-c1nnn[nH]1,1.3
CCCCc1nc2ccn(CC(=O)OC)c(=O)c2n1Cc1ccc(cc1)-c1ccccc1-c1nnn[nH]1,1.3
CCCCc1nn(-c2ccccc2C(F)(F)F)c(=O)n1Cc1ccc(cc1)-c1cc(CCC)ccc1S(=O)(=O)NC(=O)c1ccccc1Cl,1.3
CCCc1nc2c(C)cc(cc2n1Cc1ccc(cc1)-c1ccccc1C(O)=O)C(=O)NCCc1cc(OC)ccc1OC,1.3
CCCc1nc2c(C)cc(cc2n1Cc1ccc(cc1)-c1ccccc1-c1nnn[nH]1)C(=O)NCCc1ccccc1,1.3
CC(=O)OCCCCN(C(=O)c1ccccc1)c1ccc2ncn(Cc3ccc(cc3)-c3ccccc3-c3nnnn3C)c(=O)c2c1,1.3
CCCCc1nn(-c2ccccc2C(F)(F)F)c(=O)n1Cc1ccc(cc1)-c1ccccc1S(=O)(=O)NC(=O)CCCCCN,1.3
CCCCc1nn(-c2ccccc2C(F)(F)F)c(=O)n1Cc1ccc(cc1)-c1ccccc1S(=O)(=O)NC(=O)C(C)(C)C,1.3
CCCCc1nn(-c2ccccc2C(F)(F)F)c(=O)n1Cc1ccc(cc1)-c1ccccc1S(=O)(=O)NC(=O)c1ccc(Cl)s1,1.3
CCCCc1nn(c(C(O)=O)c1Cc1ccc(cc1)-c1ccccc1-c1nnn[nH]1)-c1ccc(Cl)cc1,1.3
CCCCC1=NC2(CCCC2)C(=O)N1Cc1ccc(cc1)-c1ccccc1-c1nnn[nH]1,1.3
CCCCc1nc2ccc(N)cc2c(=O)n1Cc1ccc(cc1)-c1ccccc1-c1nnn[nH]1,1.3
CCc1cc2c(s1)n(Cc1ccc(cc1F)-c1ccccc1-c1nc(=O)o[nH]1)c(=O)n(CC(OC(C)=O)c1ccc(OC)cc1)c2=O,1.3
CCc1cc2c(s1)n(Cc1ccc(cc1)-c1ccccc1-c1nc(=O)o[nH]1)c(=O)n(CC(=NOC)c1ccccc1)c2=O,1.3
CCCCc1nc2ccc(N)cc2c(=O)n1Cc1ccc(cc1)-c1ccccc1-c1nnn[nH]1,1.3
CCCc1nc2ccc3cc2c(=O)n1Cc1ccc(cc1)-c1ccccc1S(=O)(=O)NC(=O)CCCCCCCN3C(=O)c1ccccc1,1.3
CCCCc1nc(C)c(CC(=S)N(CC)CC)c(=O)n1Cc1ccc(cc1)-c1ccccc1-c1nnn[nH]1,1.31
CCCCc1nn(-c2ccccc2C(C)C)c(=O)n1Cc1ccc(cc1)-c1ccccc1-c1nnn[nH]1,1.4
CCCCc1nn(-c2ccccc2C(C)C)c(=O)n1Cc1ccc(cc1)-c1ccccc1-c1nnn[nH]1,1.4
CCCCOC(=O)NS(=O)(=O)c1ccc(Cc2cccc(OC)c2)cc1-c1ccc(Cn2c(CC)nc3c(C)cc(C)nc23)cc1,1.4
CCCCN1C(=O)NC(=O)C1=Cc1cnc(CCCC)n1Cc1ccc(cc1)-c1ccccc1-c1nnn[nH]1,1.4
CCCCc1nnc(SCc2ccccc2-c2nnn[nH]2)n1Cc1ccc(NC(=O)c2ccccc2-c2nnn[nH]2)cc1,1.4
CCCCc1nn(-c2cc(NC(C)=O)ccc2Cl)c(=O)n1Cc1ccc(cc1F)-c1cc(CCC)ccc1S(=O)(=O)NC(=O)OCC,1.4
CCCc1cc(=O)n(CCNC(=O)NC2CCCCC2)c(=O)n1Cc1ccc(cc1)-c1ccccc1-c1nnn[nH]1,1.4
CCCCOC(=O)NS(=O)(=O)c1ccc(Cc2cccc(OC)c2)cc1-c1ccc(Cn2c(CC)nc3c(C)cc(C)nc23)cc1,1.4
CCCCc1nnc(SCc2ccccc2C(O)=O)n1Cc1ccc(cc1)-c1ccccc1-c1nnn[nH]1,1.4
CCCSc1nc2c(C)cc(cc2n1Cc1ccc(cc1)-c1ccccc1-c1nnn[nH]1)C(=O)NC[C@H](C)c1ccccc1,1.4
CCCCc1nn(-c2ccc(cc2Cl)C(=O)OCC)c(=O)n1Cc1ccc(cc1)-c1ccccc1S(=O)(=O)NC(=O)c1ccccc1Cl,1.4
CCCCc1nn(-c2ccc(cc2Cl)C(=O)OCC)c(=O)n1Cc1ccc(cc1)-c1ccccc1S(=O)(=O)NC(=O)c1ccccc1Cl,1.4
CCCCc1nnc(SCc2ccccc2-c2nnn[nH]2)n1Cc1ccc(cc1)-c1ccccc1-c1nnn[nH]1,1.4
CCCCc1nn(-c2ccccc2C(C)C)c(=O)n1Cc1ccc(cc1)-c1ccccc1-c1nnn[nH]1,1.4
CCCCc1nn(-c2ccccc2Cl)c(=O)n1Cc1ccc(cc1)-c1ccccc1S(=O)(=O)NC(=O)c1ccccc1,1.4
CCc1cc2c(s1)n(Cc1ccc(cc1)-c1ccccc1-c1noc([O-])n1)c(=O)n(CC(=O)c1ccccc1OC)c2=O,1.4
COc1ccccc1C(=O)Cn1c(=O)n(Cc2c(F)cc(cc2F)-c2ccccc2-c2nc(=O)o[nH]2)c2sc(CC(F)(F)F)cc2c1=O,1.4
CC(C)(C)C(O)Cn1c(=O)n(Cc2ccc(cc2)-c2ccccc2-c2nc(=O)o[nH]2)c2sc(cc2c1=O)C1CC1,1.4
CCc1cc2c(s1)n(Cc1ccc(cc1F)-c1ccccc1-c1noc(=O)[nH]1)c(=O)n(CC(=O)c1ccc(OC)c(F)c1)c2=O,1.4
CCc1cc2c(s1)n(Cc1c(F)cc(cc1F)-c1ccccc1-c1nc(=O)o[nH]1)c(=O)n(CC(=O)c1ccc(OC)cc1)c2=O,1.4
CCc1cc2c(s1)n(Cc1ccc(cc1)-c1ccccc1-c1nc(=O)o[nH]1)c(=O)n(CC(=O)c1ccccc1)c2=O,1.4
CCc1cc2c(s1)n(Cc1ccc(cc1)-c1ccccc1-c1nc(=O)o[nH]1)c(=O)n(CC(=O)c1cccs1)c2=O,1.4
CCCCOC(=O)NS(=O)(=O)c1ccc(CC)cc1-c1ccc(Cn2c(CC)nc3c(C)cc(C)nc23)cc1,1.4
CCCCc1nn(-c2ccccc2Cl)c(=O)n1Cc1ccc(cc1)-c1ccccc1S(=O)(=O)NC(=O)c1ccccc1,1.4
CCCCC1=NC(C)=C(CC(=S)N(C)C)CN1Cc1ccc(cc1)-c1ccccc1-c1nnn[nH]1,1.5
CCc1nn(-c2cc(NC(=O)c3ccccc3)ccc2Br)c(=O)n1Cc1ccc(cc1F)-c1ccccc1S(=O)(=O)NC(=O)OC(C)(C)C,1.5
CCc1nn(-c2cc(NC(=O)c3ccccc3)ccc2Br)c(=O)n1Cc1ccc(cc1F)-c1ccccc1S(=O)(=O)NC(=O)OC(C)(C)C,1.5
CCCCN1C(=O)N(Cc2cc(C)cs2)\C(=C/c2cnc(CCCC)n2Cc2ccc(cc2)C(O)=O)C1=O,1.5
CCCCc1ncc(\C=C(/Cc2cccs2)C(O)=O)n1Cc1ccc(cc1Cl)C(O)=O,1.5
CCCCc1nc2ccc(cc2c(=O)n1Cc1ccc(cc1)-c1ccccc1S(=O)(=O)NC(=O)CCC1CCCC1)C(C)C,1.5
CCCCCN(C(=O)c1ccccc1)c1ccc2nc(CCC)n(Cc3ccc(cc3)-c3ccccc3-c3nnn[nH]3)c(=O)c2c1,1.5
CCCCOC(=O)NS(=O)(=O)c1ccc(CCC)cc1-c1ccc(Cn2c(CC)nc3c(C)cc(C)nc23)cc1,1.5
CCCCc1nnc(SCc2ccccc2C(O)=O)n1Cc1ccc(NC(=O)c2ccccc2-c2nnn[nH]2)cc1,1.5
CCCCCN(C(=O)c1ccccc1)c1ccc2nc(CCC)n(Cc3ccc(cc3)-c3ccccc3-c3nnn[nH]3)c(=O)c2c1,1.5
CCCCc1nnc(SCc2ccccc2C(O)=O)n1Cc1ccc(cc1)-c1ccccc1-c1nnn[nH]1,1.5
CCCCc1nn(-c2ccccc2C(F)(F)F)c(=O)n1Cc1ccc(cc1)-c1ccccc1S(=O)(=O)NC(=O)C1CC1,1.5
CCc1nn(-c2cc(NC(=O)c3ccccc3)ccc2Br)c(=O)n1Cc1ccc(cc1F)-c1ccccc1S(=O)(=O)NC(=O)OC(C)(C)C,1.5
CCCCc1nc(Cl)c(CO)n1Cc1ccc(cc1)-c1ccccc1-c1nn[n-]n1,1.5
CCCCOC(=O)NS(=O)(=O)c1ccc(CCC)cc1-c1ccc(Cn2c(CC)nc3c(C)cc(C)nc23)cc1,1.5
CCCc1nc2ccc(NC(=O)NC(C)C)cc2c(=O)n1Cc1ccc(cc1F)-c1ccccc1S(=O)(=O)NC(=O)COCC(C)C,1.5
CCc1cc2c(s1)n(Cc1ccc(cc1)-c1ccccc1-c1nc(=O)o[nH]1)c(=O)n(CC(=O)c1ccc(OC)cc1F)c2=O,1.5
COc1ccc(cc1)C(=O)Cn1c(=O)n(Cc2c(F)cc(cc2F)-c2ccccc2-c2nc(=O)o[nH]2)c2sc(cc2c1=O)C1CC1,1.5
FC(F)(F)Cc1cc2c(s1)n(Cc1ccc(cc1)-c1ccccc1-c1nc(=O)o[nH]1)c(=O)n(CC(=O)C1CCCCC1)c2=O,1.5
CCc1cc2c(s1)n(Cc1ccc(cc1)-c1ccccc1-c1nc(=O)o[nH]1)c(=O)n(C\C(=N\OC)C(C)(C)C)c2=O,1.5
CCc1cc2c(s1)n(Cc1ccc(cc1)-c1ccccc1-c1nc(=O)o[nH]1)c(=O)n(CC(=O)C(C)(C)COC(C)=O)c2=O,1.5
CCc1cc2c(s1)n(Cc1ccc(cc1)-c1ccccc1-c1nc(=O)o[nH]1)c(=O)n(CC(=O)c1ccc(Cl)s1)c2=O,1.5
CCc1cc2c(s1)n(Cc1ccc(cc1F)-c1ccccc1-c1nc(=O)o[nH]1)c(=O)n(CC(O)c1ccc(OC)cc1)c2=O,1.5
CCc1cc2c(s1)n(Cc1ccc(cc1)-c1ccc(F)cc1-c1nc(=O)o[nH]1)c(=O)n(CC(=O)c1ccc(OC)cc1)c2=O,1.5
CCc1cc2c(s1)n(Cc1ccc(cc1)-c1ccccc1-c1nc(=O)o[nH]1)c(=O)n(CC(=O)C1CCCCC1)c2=O,1.5
CCc1nc2c(C)cc(C)nc2n1Cc1ccc(cc1)-c1ccsc1S(=O)(=O)NC(=O)c1ccccc1,1.5
CCCc1nc2ccc3cc2c(=O)n1Cc1ccc(cc1)-c1ccccc1S(=O)(=O)NC(=O)CCCCCCCN3C(=O)OCc1ccccc1,1.5
CCCCc1nc(C)c(CC(=O)N2CCCC2)c(=O)n1Cc1ccc(cc1)-c1ccccc1-c1nnn[nH]1,1.58
CCCCC(=O)Nc1cnc2n(Cc3ccc(cc3)-c3ccccc3S(=O)(=O)NC(=O)CCCC)c(CCCC)nc2c1,1.6
CCc1ccc(C(=O)NS(=O)(=O)c2ccccc2-c2ccc(Cn3c(CC)nc4ccc(NC(=O)NC(C)C)cc4c3=O)c(F)c2)c(F)c1,1.6
CCCCc1nn(-c2ccc(cc2C(F)(F)F)[N+]([O-])=O)c(=O)n1Cc1ccc(cc1)-c1ccccc1S(=O)(=O)NC(=O)c1ccccc1Cl,1.6
CCc1nc2c(C)cc(CC(C)C)nc2n1[C@H]1CCc2cc(ccc12)-c1ccccc1-c1nnn[nH]1,1.6
CCc1nc2c(C)cc(CC(C)C)nc2n1[C@H]1CCc2cc(ccc12)-c1ccccc1-c1nnn[nH]1,1.6
CCCCc1nc2ccc(NC(=O)OCC(C)C)cc2c(=O)n1Cc1ccc(cc1)-c1ccccc1-c1nnn[nH]1,1.6
CCCCc1nc2ccc(cc2c(=O)n1Cc1ccc(cc1)-c1ccccc1-c1nnn[nH]1)N(C)C(=O)OCC(C)C,1.6
CCCCc1nc(C)c(CC(=S)N(C)C)c(=O)n1Cc1ccc(cc1)-c1ccccc1-c1noc(=O)[nH]1,1.6
CCOCCN(C(=O)c1ccccc1)c1ccc2ncn(Cc3ccc(cc3)-c3ccccc3-c3nnnn3C)c(=O)c2c1,1.6
CCCCc1nn(-c2ccccc2C(F)(F)F)c(=O)n1Cc1ccc(cc1)-c1ccccc1S(=O)(=O)NC(=O)Cc1ccccc1,1.6
CCCCc1nn(-c2ccc(cc2C(F)(F)F)[N+]([O-])=O)c(=O)n1Cc1ccc(cc1)-c1ccccc1S(=O)(=O)NC(=O)c1ccccc1Cl,1.6
CCCCc1nn(-c2ccccc2C(F)(F)F)c(=O)n1Cc1ccc(cc1)-c1ccccc1S(=O)(=O)NC(=O)c1cccn1C,1.6
CCCc1nn(CC(F)(F)F)c(C(O)=O)c1Cc1ccc(cc1)-c1ccccc1-c1nnn[nH]1,1.6
CCCCc1nn(-c2ccccc2C(F)(F)F)c(=O)n1Cc1ccc(cc1)-c1ccccc1S(=O)(=O)NC(=O)Cc1ccccc1,1.6
FC(F)(F)Cc1cc2c(s1)n(Cc1ccc(cc1)-c1ccccc1-c1nc(=O)o[nH]1)c(=O)n(CCc1ccc(Cl)cc1)c2=O,1.6
COc1cc(F)ccc1C(=O)Cn1c(=O)n(Cc2ccc(cc2F)-c2ccccc2-c2nc(=O)o[nH]2)c2sc(cc2c1=O)C1CC1,1.6
COc1cc(F)ccc1C(=O)Cn1c(=O)n(Cc2ccc(cc2)-c2ccccc2-c2nc(=O)o[nH]2)c2sc(cc2c1=O)C1CC1,1.6
CCc1cc2c(s1)n(Cc1ccc(cc1F)-c1ccccc1-c1nc(=O)o[nH]1)c(=O)n(-c1ccc(OC(C)C)cc1)c2=O,1.6
CCO\N=C(\Cn1c(=O)n(Cc2ccc(cc2)-c2ccccc2-c2nc(=O)o[nH]2)c2sc(CC)cc2c1=O)c1ccc(OC)cc1,1.6
CCc1cc2c(s1)n(Cc1ccc(cc1)-c1ccccc1-c1noc(=O)[nH]1)c(=O)n(CC(C)(C)c1ccccc1)c2=O,1.6
CCCCN1C(=O)N(Cc2csc(C)n2)\C(=C\c2cnc(CCCC)n2Cc2ccc(cc2)C(O)=O)C1=O,1.7
CCCCc1nc2ccn(Cc3ccccc3)c(=O)c2n1Cc1ccc(cc1)-c1ccccc1-c1nnn[nH]1,1.7
CCCCCN(C(=O)c1ccccc1)c1ccc2nc(CCC)n(Cc3ccc(cc3)-c3ccccc3-c3nnn[nH]3)c(=O)c2c1,1.7
CCCCCN(C(=O)c1ccccc1)c1ccc2nc(CCC)n(Cc3ccc(cc3)-c3ccccc3-c3nnn[nH]3)c(=O)c2c1,1.7
CCCCCN(C(=O)c1ccc(F)cc1)c1ccc2ncn(Cc3ccc(cc3)-c3ccccc3-c3nnnn3C)c(=O)c2c1,1.7
Cn1nnnc1-c1ccccc1-c1ccc(Cn2cnc3ccc(cc3c2=O)N(Cc2cccnc2)C(=O)c2ccccc2)cc1,1.7
CCCCCN(C(=O)c1ccccc1)c1ccc2ncn(Cc3ccc(cc3)-c3ccccc3-c3nnnn3C)c(=O)c2c1,1.7
CCCCCN(C(=O)c1ccccc1)c1ccc2nc(CCC)n(Cc3ccc(cc3)-c3ccccc3-c3nnn[nH]3)c(=O)c2c1,1.7
CCCCCN(C(=O)c1ccccc1)c1ccc2nc(CCC)n(Cc3ccc(cc3)-c3ccccc3-c3nnn[nH]3)c(=O)c2c1,1.7
CCCCCN(C(=O)c1ccccc1)c1ccc2nc(CCC)n(Cc3ccc(cc3)-c3ccccc3-c3nnn[nH]3)c(=O)c2c1,1.7
CCCCCN(C(=O)c1ccccc1)c1ccc2nc(CCC)n(Cc3ccc(cc3)-c3ccccc3-c3nnn[nH]3)c(=O)c2c1,1.7
CCc1nc2c(CC)cn(Cc3ccc(cc3)-c3ccccc3-c3nnn[nH]3)n2n1,1.7
CCCCc1nn(c(C(O)=O)c1Cc1ccc(cc1)-c1ccccc1-c1nnn[nH]1)-c1ccccn1,1.7
CCCCc1nn(c(C(O)=O)c1Cc1ccc(cc1)-c1ccccc1-c1nnn[nH]1)-c1ccccc1[N+]([O-])=O,1.7
CCCCCN(C(=O)c1ccccc1)c1ccc2ncn(Cc3ccc(cc3)-c3ccccc3-c3nnnn3C)c(=O)c2c1,1.7
CCc1cc2c(s1)n(Cc1ccc(cc1)-c1ccccc1-c1nc(=O)o[nH]1)c(=O)n(CC(=O)c1ccc(Cl)cc1)c2=O,1.7
CCc1cc2c(s1)n(Cc1ccc(cc1)-c1ccccc1-c1nc(=O)o[nH]1)c(=O)n(CC(=O)C13CC4CC(CC(C4)C1)C3)c2=O,1.7
CCc1cc2c(s1)n(Cc1ccc(cc1)-c1ccccc1-c1nc(=O)o[nH]1)c(=O)n(CC(=O)c1nc3ccccc3n1C)c2=O,1.7
CCc1cc2c(s1)n(Cc1ccc(cc1)-c1ccccc1-c1nc(=O)o[nH]1)c(=O)n(CC1(C)COC1)c2=O,1.7
CCc1cc2c(s1)n(Cc1ccc(cc1)-c1ccccc1-c1nc(=O)o[nH]1)c(=O)n(CC1(O)CCOCC1)c2=O,1.7
CCCc1cc2c(s1)n(Cc1ccc(cc1F)-c1ccccc1-c1nc(=O)o[nH]1)c(=O)n(CC(=O)c1ccc(OC)cc1)c2=O,1.7
CCc1cc2c(s1)n(Cc1ccc(cc1Br)-c1ccccc1-c1noc(O)n1)c(=O)n(CC(=O)c1ccc(OC)cc1)c2=O,1.7
CCCc1nc(CC)c(C(O)=O)n1Cc1ccc(cc1)-c1ccccc1S(=O)(=O)NC(=O)c1ccccc1,1.7
CCCc1nc2ccc(cc2c(=O)n1Cc1ccc(cc1)-c1ccccc1-c1nnn[nH]1)N(C(=O)c1ccccc1)c1ccccc1,1.7
CCc1nc2c(C)cc(C)nn2c1Cc1ccc(cc1)-c1ccccc1NS(=O)(=O)C(F)(F)F,1.7
CCCCc1nc(C)c(CC(=O)N2CCOCC2)c(=O)n1Cc1ccc(cc1)-c1ccccc1-c1nnn[nH]1,1.75
CCCCc1nn(C(C)CC)c(=O)n1Cc1ccc(cc1)-c1ccccc1-c1nnn[nH]1,1.8
CCCCc1nn(C(C)CC)c(=O)n1Cc1ccc(cc1)-c1ccccc1-c1nnn[nH]1,1.8
CCCCNC(=O)c1ccc(Br)c(c1)-n1nc(CC)n(Cc2ccc(cc2F)-c2ccccc2S(=O)(=O)NC(=O)OC(C)(C)C)c1=O,1.8
CCCCNC(=O)c1ccc(Br)c(c1)-n1nc(CC)n(Cc2ccc(cc2F)-c2ccccc2S(=O)(=O)NC(=O)OC(C)(C)C)c1=O,1.8
CC1CC(=O)NN=C1c1ccc2nc(C3CC3)n(Cc3ccc(cc3)-c3ccccc3-c3nnn[nH]3)c2c1,1.8
CCCCc1nn(CCCC)c(=O)n1Cc1ccc(cc1)-c1ccccc1-c1nnn[nH]1,1.8
CCCCc1nc(C)c(CC(=S)N2[C@H](C)CC[C@H]2C)c(=O)n1Cc1ccc(cc1)-c1ccccc1-c1noc(=O)[nH]1,1.8
CCCCc1nn(-c2ccc(cc2Cl)C(=O)OCC)c(=O)n1Cc1ccc(cc1)-c1ccccc1S(=O)(=O)NC(=O)OC(C)(C)C,1.8
CCCCc1nn(-c2ccc(cc2Cl)C(=O)OCC)c(=O)n1Cc1ccc(cc1)-c1ccccc1S(=O)(=O)NC(=O)OC(C)(C)C,1.8
CCCCNC(=O)c1ccc(Br)c(c1)-n1nc(CC)n(Cc2ccc(cc2F)-c2ccccc2S(=O)(=O)NC(=O)OC(C)(C)C)c1=O,1.8
CCCCc1nn(-c2ccccc2C(F)(F)F)c(=O)n1Cc1ccc(cc1)-c1ccccc1NS(=O)(=O)C(F)(F)F,1.8
CCCCc1nn(C2CCCC2)c(=O)n1Cc1ccc(cc1)-c1ccccc1-c1nnn[nH]1,1.8
CCCCc1nn(C(C)CC)c(=O)n1Cc1ccc(cc1)-c1ccccc1-c1nnn[nH]1,1.8
CCCCc1nn(-c2cc(NC(=O)CC)ccc2C(F)(F)F)c(=O)n1Cc1ccc(cc1)-c1ccccc1S(=O)(=O)NC(=O)OC(C)(C)C,1.8
CCc1cc2c(s1)n(Cc1ccc(cc1C)-c1ccccc1-c1noc(O)n1)c(=O)n(CC(=O)c1ccc(OC)cc1)c2=O,1.8
CCc1cc2c(s1)n(Cc1ccc(cc1F)-c1ccccc1-c1nc(=O)o[nH]1)c(=O)n(CCN1CCOCC1)c2=O,1.8
CCc1cc2c(s1)n(Cc1ccc(cc1)-c1ccccc1-c1nc(=O)o[nH]1)c(=O)n(CC(O)C(C)(C)C)c2=O,1.8
CCc1cc2c(s1)n(Cc1ccc(cc1)-c1cc(F)ccc1-c1nc(=O)o[nH]1)c(=O)n(CC(=O)c1ccc(OC)cc1)c2=O,1.8
CCc1cc2c(s1)n(Cc1ccc(cc1)-c1ccccc1-c1nc(=O)o[nH]1)c(=O)n(CC(=NOCC=C)c1ccc(OC)cc1)c2=O,1.8
CCOCC(=O)Nc1ccc(Cl)c(c1)-n1nc(CC)n(Cc2ccc(cc2F)-c2ccccc2S(=O)(=O)NC(=O)OC(C)(C)C)c1=O,1.9
CCOCC(=O)Nc1ccc(Cl)c(c1)-n1nc(CC)n(Cc2ccc(cc2F)-c2ccccc2S(=O)(=O)NC(=O)OC(C)(C)C)c1=O,1.9
CCCCN1C(=O)N(Cc2csc(C)n2)\C(=C/c2cnc(CCCC)n2Cc2ccc(cc2)C(=O)OC)C1=O,1.9
CCCN(C(=O)c1ccc(F)cc1)c1ccc2ncn(Cc3ccc(cc3)-c3ccccc3-c3nnnn3C)c(=O)c2c1,1.9
CCCCCCCC(=O)NS(=O)(=O)Nc1ccccc1-c1ccc(Cn2c(CCCC)ncc2C(=O)OC)cc1,1.9
CCOCC(=O)Nc1ccc(Cl)c(c1)-n1nc(CC)n(Cc2ccc(cc2F)-c2ccccc2S(=O)(=O)NC(=O)OC(C)(C)C)c1=O,1.9
CCCc1nc(CC)c(C=O)n1Cc1ccc(cc1)-c1ccccc1S(=O)(=O)NC(=O)c1ccccc1,1.9
CCCCC(=O)N(Cc1ccc(cc1)-c1ccccc1-c1nnn[nH]1)[C@@H](C(C)C)C(O)=O,1.9
CCCCc1nc2ccc(NC(=O)N(C)C(C)C)cc2c(=O)n1Cc1ccc(cc1F)-c1ccccc1S(=O)(=O)NC(=O)OCCC(C)C,1.9
CCc1cc2c(s1)n(Cc1ccc(cc1OC)-c1ccccc1C#N)c(=O)[nH]c2=O,1.9
CCc1cc2c(s1)n(Cc1ccc(cc1)-c1ccccc1-c1nc(=O)o[nH]1)c(=O)n(CC(=O)c1sccc1Br)c2=O,1.9
CCCCc1nc(Cl)c(C(O)=O)n1Cc1ccc(cc1)-c1ccccc1S(=O)(=O)NC(=O)c1ccccc1,2
CCc1cc2c(s1)n(Cc1ccc(cc1)-c1ccccc1-c1nc(=O)o[nH]1)c(=O)n(CC(=NOC(C)C)c1ccc(OC)cc1)c2=O,2
CC1CC(=O)NN=C1c1ccc2nc(C3CC3)n(Cc3ccc(cc3)-c3ccccc3-c3nnn[nH]3)c2c1,2
CCCCc1nc2ccc(NC)cc2c(=O)n1Cc1ccc(cc1)-c1ccccc1-c1nnn[nH]1,2
CCCCC(=O)Nc1ccc2nc(CCCC)n(Cc3ccc(cc3)-c3ccccc3-c3nnn[nH]3)c(=O)c2c1,2
CCCCc1nn(-c2ccccc2C(F)(F)F)c(=O)n1Cc1ccc(cc1)-c1ccccc1S(=O)(=O)NC(=O)CCOC,2
CCCCc1nn(-c2ccccc2Br)c(=O)n1Cc1ccc(cc1)-c1ccccc1-c1nnn[nH]1,2
CCCc1nn(-c2cc(NC(=O)c3ccccc3)ccc2Br)c(=O)n1Cc1ccc(cc1F)-c1ccccc1S(=O)(=O)NC(=O)OC(C)(C)C,2
CCCCc1[nH]nc(C(O)=O)c1Cc1ccc(cc1)-c1ccccc1-c1nnn[nH]1,2
CCCCC(=O)Nc1ccc2nc(CCCC)n(Cc3ccc(cc3)-c3ccccc3-c3nnn[nH]3)c(=O)c2c1,2
CCCCc1nc(CN2CCN(CC2)c2ccccn2)c(C(O)=O)n1Cc1ccc(cc1)-c1ccccc1-c1nnn[nH]1,2
CCCc1nc(CN2CCN(CC2)c2ccccn2)c(C=O)n1Cc1ccc(cc1)-c1ccccc1-c1nnn[nH]1,2
CCCc1nc(CC)c(C(=O)OCc2ccccc2C(=O)c2ccccc2)n1Cc1ccc(cc1)-c1ccccc1-c1nnn[nH]1,2
CCCCCN(CCCCC)Cc1nc(CCC)n(Cc2ccc(cc2)-c2ccccc2-c2nnn[nH]2)c1C(O)=O,2
CCCCc1ncc(\C=C(/Cc2cccs2)C(O)=O)n1Cc1ccc(cc1)C(O)=O,2
CCc1nc2ccc(NC(=O)N3CCOCC3)cc2c(=O)n1Cc1ccc(cc1F)-c1ccccc1S(=O)(=O)NC(=O)OCCC(C)C,2
CCCC1=NC2(CCSCC2)C(=O)N1Cc1ccc(cc1)-c1ccccc1-c1nnn[nH]1,2
CCCc1nc(CN2CCN(CC2)c2ccccc2OC)c(C(O)=O)n1Cc1ccc(cc1)-c1ccccc1-c1nnn[nH]1,2
CCCc1nc(C(=O)N2CCN(CC2)c2ccccn2)c(C(O)=O)n1Cc1ccc(cc1)-c1ccccc1-c1nnn[nH]1,2
CCCCN(Cc1nc(CCC)n(Cc2ccc(cc2)-c2ccccc2S(=O)(=O)NC(=O)CCC)c1C(O)=O)C(=O)CCC,2
CCCc1nc(CN(Cc2ccccc2)C(=O)Nc2ccccc2)c(C(O)=O)n1Cc1ccc(cc1)-c1ccccc1-c1nnn[nH]1,2
CCCc1nc(CN2CCN(C[C@H]2C)c2ccccc2)c(C(O)=O)n1Cc1ccc(cc1)-c1ccccc1-c1nnn[nH]1,2
CCCc1nc(CN2CCN(CC2)c2ncccn2)c(C(O)=O)n1Cc1ccc(cc1)-c1ccccc1-c1nnn[nH]1,2
CCCc1nc(CN2CCN(CC2)c2ccccc2Cl)c(C(O)=O)n1Cc1ccc(cc1)-c1ccccc1-c1nnn[nH]1,2
CCCc1nc(CN2CCC(CC2)c2ccccc2)c(C(O)=O)n1Cc1ccc(cc1)-c1ccccc1-c1nnn[nH]1,2
CC1CC(=O)N(CC(=O)N(C)C)N=C1c1ccc2nc(C3CC3)n(Cc3ccc(cc3)-c3ccccc3-c3nn[n-]n3)c2c1,2
CCCc1nc2ccc(cc2n1Cc1ccc(cc1)-c1ccccc1-c1nn[n-]n1)C1=NN(CC(=O)N(C)C)C(=O)CC1,2
CN(C)C(=O)CN1N=C(c2ccc3nc(C4CC4)n(Cc4ccc(cc4)-c4ccccc4-c4nn[n-]n4)c3c2)C(C)(C)CC1=O,2
CN(C)C(=O)CN1N=C(CCC1=O)c1ccc2nc(C3CC3)n(Cc3ccc(cc3)-c3ccccc3-c3nn[n-]n3)c2c1,2
CCCCc1nc(C)c(CC(=S)N(CC)CC)c(=O)n1Cc1ccc(cc1)-c1ccccc1-c1noc(=O)[nH]1,2
CCCCc1nc(Cl)c(C(O)=O)n1Cc1ccc(cc1)-c1ccccc1-c1nn[nH]n1,2
CCCCc1nn(-c2ccccc2Br)c(=O)n1Cc1ccc(cc1)-c1ccccc1-c1nnn[nH]1,2
CCCCc1nn(-c2ccccc2Br)c(=O)n1Cc1ccc(cc1)-c1ccccc1-c1nnn[nH]1,2
CCCc1nc2c(C)cc(cc2n1Cc1ccc(cc1)-c1ccccc1C(O)=O)-c1nc2ccccc2n1C,2
CCCCc1nc(C)c(CC(=O)N2CCC[C@H]2C(=O)OC)c(=O)n1Cc1ccc(cc1)-c1ccccc1-c1nnn[nH]1,2.06
CCCCc1nc(C)c(CC(=O)N2CCC[C@H]2C(N)=O)c(=O)n1Cc1ccc(cc1)-c1ccccc1-c1nnn[nH]1,2.08
CCCCc1nn(C(C)CC)c(=O)n1Cc1ccc(cc1)-c1ccccc1-c1nnn[nH]1,2.1
CCCCc1nc(C)c(CC(=S)N(C)CC(C)C)c(=O)n1Cc1ccc(cc1)-c1ccccc1-c1noc(=O)[nH]1,2.1
CCCCOC(=O)NS(=O)(=O)c1ccc(CCC)cc1-c1ccc(Cn2c(CC)nc3c(C)cc(C)nc23)cc1,2.1
CCCCc1nn(CC(C)(C)C)c(=O)n1Cc1ccc(cc1)-c1ccccc1-c1nnn[nH]1,2.1
CCCCc1nn(CC(C)(C)C)c(=O)n1Cc1ccc(cc1)-c1ccccc1-c1nnn[nH]1,2.1
CCCCOC(=O)NS(=O)(=O)c1ccc(CC(C)C)cc1-c1ccc(Cn2c(CC)nc3c(C)cc(C)nc23)cc1,2.1
CCCc1nc2ccc(cc2c(=O)n1Cc1ccc(cc1)-c1ccccc1-c1nnn[nH]1)N(C)C(=O)OCC(C)C,2.1
CCCCc1nc(c(C(O)=O)n1Cc1ccc(cc1)-c1ccccc1-c1nnn[nH]1)-c1ccccc1,2.1
CCCCc1nc(C(C)C)c(CC(=S)N2CCCC2)c(=O)n1Cc1ccc(cc1)-c1ccccc1-c1noc(=O)[nH]1,2.2
CCCCC1=NC(C(C)C)=C(CC(=S)N2CCCC2)CN1Cc1ccc(cc1)-c1ccccc1-c1noc(=O)[nH]1,2.2
CCc1nc2c(C)cc(C)nc2n1Cc1cc(Cl)c(OC(C(O)=O)c2ccccc2)c(CC=C)c1,2.2
CCCCN(C(=O)c1ccc(OP([O-])([O-])=O)cc1)c1ccc2ncn(Cc3ccc(cc3)-c3ccccc3-c3nnnn3C)c(=O)c2c1,2.2
COCCOCCN(C(=O)c1ccccc1)c1ccc2ncn(Cc3ccc(cc3)-c3ccccc3-c3nnnn3C)c(=O)c2c1,2.2
CCCCc1nn(-c2ccccc2C(F)(F)F)c(=O)n1Cc1ccc(cc1)-c1ccccc1S(=O)(=O)NC(=O)OCC,2.2
CCc1nc2c(C)cc(C)nc2n1Cc1ccc(cc1)-c1ccccc1S(=O)(=O)NC(C)=O,2.2
CCc1nc2ccc(NC(=O)N(C)C(C)C)cc2c(=O)n1Cc1ccc(cc1F)-c1ccccc1S(=O)(=O)NC(=O)COCC(C)C,2.2
CCCCC1=NC2(CCCC2)C(C)(C)C(=O)N1Cc1ccc(cc1)-c1ccccc1-c1nnn[nH]1,2.2
OC(=O)C(F)(F)F.OC(=O)C(F)(F)F.OC(=O)C(F)(F)F.CC[C@H](C)[C@H](NC(=O)[C@H](Cc1ccc(O)cc1)NC(=O)[C@@H](NC(=O)[C@H](CCCN\C(N)=N\C(=O)NCCCCNC(=O)CC)NC(=O)[C@@H](N)CC(O)=O)C(C)C)C(=O)N[C@@H](Cc1cnc[nH]1)C(=O)N1CCC[C@H]1C(=O)N[C@@H](Cc1ccccc1)C(O)=O,2.2
CCCCc1ncc(\C=C2/N(Cc3cccs3)C(=O)NC2=O)n1Cc1ccc(cc1)C(O)=O,2.3
CCc1cc2c(s1)n(Cc1ccc(cc1OC)-c1ccccc1-c1nc(=O)o[nH]1)c(=O)n(CC(=O)c1ccc(OC)cc1)c2=O,2.3
CCc1nc2c(C)cc(C)nc2n1Cc1ccc(cc1)-c1ccsc1-c1nnn[nH]1,2.3
CCOC(=O)CCCN(C(=O)c1ccccc1)c1ccc2ncn(Cc3ccc(cc3)-c3ccccc3-c3nnnn3C)c(=O)c2c1,2.3
CCCCN(C(=O)c1ccc(F)cc1)c1ccc2ncn(Cc3ccc(cc3)-c3ccccc3-c3nnnn3C)c(=O)c2c1,2.3
CCc1nc2ccc(NC(=O)c3ccccn3)cc2c(=O)n1Cc1ccc(cc1F)-c1ccccc1S(=O)(=O)NC(=O)OCCC(C)C,2.3
CCCCc1nn(c(C(O)=O)c1Cc1ccc(cc1)-c1ccccc1-c1nnn[nH]1)-c1cccc(Cl)c1,2.3
CN(C)C(=O)Nc1ccc2nc(C)n(Cc3ccc(cc3F)-c3ccccc3S(=O)(=O)NC(=O)OCCC3CC3)c(=O)c2c1,2.3
CCCc1cc(=O)n(Cc2ccccc2C(=O)OC)c(=O)n1Cc1ccc(cc1)-c1ccccc1-c1nnn[nH]1,2.3
CC(C)CCOC(=O)NS(=O)(=O)c1ccccc1-c1ccc(Cn2c(C)nc3ccc(NC(=O)N(C)C(C)C)cc3c2=O)c(F)c1,2.3
CCCCc1nc(C)c(CC(=O)N(C)C)c(=O)n1Cc1ccc(cc1)-c1ccccc1-c1nnn[nH]1,2.37
CCCc1nc2c(C)cc(cc2n1Cc1ccc(cc1)-c1ccccc1C(O)=O)C(=O)NCc1ccccc1OC,2.4
CCCCCNC(=O)c1ccc(c(Cl)c1)-n1nc(CCCC)n(Cc2ccc(cc2)-c2ccccc2S(=O)(=O)NC(=O)c2ccccc2Cl)c1=O,2.4
CCCCc1nn(-c2ccccc2Cl)c(=O)n1Cc1ccc(cc1)-c1ccccc1-c1nnn[nH]1,2.4
CCCCc1nn(-c2ccccc2Cl)c(=O)n1Cc1ccc(cc1)-c1ccccc1-c1nnn[nH]1,2.4
CCCCN1C(=O)NC(=O)\C1=C/c1cnc(CCCC)n1Cc1ccc(cc1)C(O)=O,2.4
CCCc1nc(CC)c(C=O)n1Cc1ccc(cc1)-c1ccccc1S(=O)(=O)NC(=O)c1ccccc1,2.4
CCCCc1nn(-c2ccccc2Cl)c(=O)n1Cc1ccc(cc1)-c1ccccc1-c1nnn[nH]1,2.4
CCCCc1nn(-c2ccccc2C(F)(F)F)c(=O)n1Cc1ccc(cc1)-c1ccccc1S(=O)(=O)NC(=O)c1cccc(Cl)c1,2.4
CCCCC(=O)N(Cc1ccccc1)c1ccc2ncn(Cc3ccc(cc3)-c3ccccc3-c3nnnn3C)c(=O)c2c1,2.4
CCCCCNC(=O)c1ccc(c(Cl)c1)-n1nc(CCCC)n(Cc2ccc(cc2)-c2ccccc2S(=O)(=O)NC(=O)c2ccccc2Cl)c1=O,2.4
CCCCc1nn(-c2ccccc2Cl)c(=O)n1Cc1ccc(cc1)-c1ccccc1-c1nnn[nH]1,2.4
CCCCC(=O)N(Cc1ccccc1)c1ccc2nc(CCC)n(Cc3ccc(cc3)-c3ccccc3-c3nnn[nH]3)c(=O)c2c1,2.4
CNCC(=O)N[C@@H](CCCN=C(N)N)C(=O)N[C@@H](C(C)C)C(=O)N[C@@H](Cc1ccc(O)cc1)C(=O)N[C@@H](C(C)C)C(=O)N[C@@H](Cc1cnc[nH]1)C(=O)N1CCC[C@H]1C(=O)N[C@@H](C)C(O)=O,2.4
CCCCC(=O)N(Cc1ccccc1)c1ccc2ncn(Cc3ccc(cc3)-c3ccccc3-c3nnnn3C)c(=O)c2c1,2.4
CCCCc1cc(=O)n(Cc2ccccc2C(=O)OC)c(=O)n1Cc1ccc(cc1)-c1ccccc1-c1nnn[nH]1,2.4
CCCCc1nc(C)c(CC(=O)N2CCCCC2)c(=O)n1Cc1ccc(cc1)-c1ccccc1-c1nnn[nH]1,2.46
CCCCc1nn(C)c(=O)n1Cc1ccc(cc1)-n1cccc1-c1nnn[nH]1,2.5
CCCCN1C(=O)NC(=O)\C1=C/c1cnc(CCCC)n1Cc1ccc(cc1)C1(CCCC1)C(=O)OC,2.5
Cn1nnnc1-c1ccccc1-c1ccc(Cn2cnc3ccc(cc3c2=O)N(C(=O)c2ccccc2)c2ccccc2)cc1,2.5
CCCCc1nc2ccc(cc2c(=O)n1Cc1ccc(cc1)-c1ccccc1-c1nnn[nH]1)N(C)C(=O)OCC(C)C,2.5
CCCOC(=O)N(Cc1ccccc1)c1ccc2nc(CCC)n(Cc3ccc(cc3)-c3ccccc3-c3nnn[nH]3)c(=O)c2c1,2.5
CCCCc1nc2ccc(cc2c(=O)n1Cc1ccc(cc1)-c1ccccc1-c1nnn[nH]1)N(C)C(=O)OCC(C)C,2.5
CCCCc1nn(c(C(O)=O)c1Cc1ccc(cc1)-c1ccccc1-c1nnn[nH]1)-c1ccc(OC)cc1[N+]([O-])=O,2.5
CCCCc1nc(C)c(CCC(=O)OCC)c(=O)n1Cc1ccc(cc1)-c1ccccc1-c1nnn[nH]1,2.51
CCCCn1ncc(C(O)=O)c1Nc1ccc(cc1)-c1ccccc1-c1nnn[nH]1,2.6
CCCc1nc2c(C)cc(cc2n1Cc1ccc(cc1)-c1ccccc1-c1nnn[nH]1)C(=O)NCCc1cccc(OC)c1,2.6
CCCCc1ncc(\C=C2\N(Cc3cccs3)C(=O)NC2=O)n1Cc1ccc(cc1)C(O)=O,2.6
CCCc1nc(CC)c(C(=O)OC)n1Cc1ccc(cc1)-c1ccccc1S(=O)(=O)NC(=O)C1CC1,2.6
CCCCc1nn(-c2c(Cl)cccc2Cl)c(=O)n1Cc1ccc(cc1)-c1ccccc1S(=O)(=O)NC(=O)c1ccccc1,2.6
CCCCc1nn(-c2ccccc2C(F)(F)F)c(=O)n1Cc1ccc(cc1)-c1ccccc1S(=O)(=O)NC(=O)NC(C)(C)C,2.6
Cn1nnnc1-c1ccccc1-c1ccc(Cn2cnc3ccc(cc3c2=O)N(CCCCO)C(=O)c2ccccc2)cc1,2.6
CCCCc1nn(-c2c(Cl)cccc2Cl)c(=O)n1Cc1ccc(cc1)-c1ccccc1S(=O)(=O)NC(=O)c1ccccc1,2.6
CCCCc1nn(-c2ccccc2C(F)(F)F)c(=O)n1Cc1ccc(cc1)-c1ccccc1S(=O)(=O)NC(=O)c1cc(Cl)sc1Cl,2.6
CCCCc1nc2ccc(cc2c(=O)n1Cc1ccc(cc1)-c1ccccc1S(=O)(=O)NC(=O)C1CC1)C(C)C,2.6
CCCCc1nc(C)c(CC(O)=O)c(=O)n1Cc1ccc(cc1)-c1ccccc1-c1nnn[nH]1,2.63
CCc1nc2c(C)cc(C)nc2n1Cc1ccc(cc1)-c1ccccc1-c1nnn[nH]1,2.7
CCCSc1nc2c(C)cc(cc2n1Cc1ccc(cc1)-c1ccccc1-c1nnn[nH]1)C(=O)NC[C@@H](C)c1ccccc1,2.7
CCCCN1C(=O)NC(=O)\C1=C/c1cnc(CCCC)n1Cc1ccc(cc1)-c1ccccc1-c1nn[nH]n1,2.7
CCCCc1nn(CC)c(C(O)=O)c1Cc1ccc(cc1)-c1ccccc1-c1nnn[nH]1,2.7
CCCCC(=O)N(Cc1ccc(cc1)-c1ccccc1-c1nnn[nH]1)[C@@H](C(C)C)C(O)=O,2.7
CCCCc1nc(Cl)c(C(O)=O)n1Cc1ccc(cc1)-c1ccccc1-c1noc(=O)[nH]1,2.7
CCCCc1nc(C)c(CC(=O)N2CCSCC2)c(=O)n1Cc1ccc(cc1)-c1ccccc1-c1nnn[nH]1,2.76
CCCc1nc2ccc(cc2c(=O)n1Cc1ccc(cc1)-c1ccccc1S(=O)(=O)NC(=O)C1CC1)C(C)C,2.8
CCCc1cc(Cn2c(CC)nc3c(C)cc(C)nc23)cc(CCC)c1OC(C(O)=O)c1ccc(Cl)cc1,2.8
CCCCc1nc(Cl)c(C(O)=O)n1Cc1ccc(cc1)-c1ccccc1-c1nnn[nH]1,2.8
CCCCCN(C(=O)c1ccncc1)c1ccc2ncn(Cc3ccc(cc3)-c3ccccc3-c3nnnn3C)c(=O)c2c1,2.8
CCCCCN(C(=O)c1cccs1)c1ccc2ncn(Cc3ccc(cc3)-c3ccccc3-c3nnnn3C)c(=O)c2c1,2.8
CCCCc1nn(-c2ccccc2C(F)(F)F)c(=O)n1Cc1ccc(cc1)-c1ccccc1S(=O)(=O)NC(=O)C(c1ccccc1)c1ccccc1,2.8
CCCCc1nn(-c2ccccc2C(F)(F)F)c(=O)n1Cc1ccc(cc1)-c1ccccc1S(=O)(=O)NC(=O)C1CCOC1,2.8
CCCCN1C(=O)NC(=O)\C1=C\c1cnc(CCCC)n1Cc1ccc(cc1)C(O)=O,2.8
CCCCc1nc(Cl)c(C(O)=O)n1Cc1ccc(cc1)-c1ccccc1-c1nnn[nH]1,2.8
CCCCc1nn(c(C(O)=O)c1Cc1ccc(cc1)-c1ccccc1-c1nnn[nH]1)-c1ccccc1,2.9
CCCc1nc2c(C)cc(cc2n1Cc1ccc(cc1)-c1ccccc1C1=NCCN1)-c1nc2ccccc2n1C,2.9
CCCCc1nn(CC2CCCCC2)c(=O)n1Cc1ccc(cc1)-c1ccccc1-c1nnn[nH]1,2.9
CCCCc1nn(CCCC)c(=O)n1Cc1ccc(cc1)-c1ccccc1-c1nnn[nH]1,2.9
CCCCc1ncc(C(O)=O)n1Cc1ccc(cc1)-c1ccccc1-n1cnnn1,2.9
CCCCCCCC(=O)NS(=O)(=O)c1ccccc1-c1ccc(Cn2c(CCCC)nn(-c3ccccc3C(F)(F)F)c2=O)cc1,2.9
CCCCCCCC(=O)NS(=O)(=O)c1ccccc1-c1ccc(Cn2c(CCCC)nn(-c3ccccc3C(F)(F)F)c2=O)cc1,2.9
CCCCc1nn(CC2CCCCC2)c(=O)n1Cc1ccc(cc1)-c1ccccc1-c1nnn[nH]1,2.9
CCCCc1nn(CCCC)c(=O)n1Cc1ccc(cc1)-c1ccccc1-c1nnn[nH]1,2.9
CCCCc1nn(CC2CCCCC2)c(=O)n1Cc1ccc(cc1)-c1ccccc1-c1nnn[nH]1,2.9
[Na+].[Na+].[Br-].CCCCc1c[n+](Cc2ccc(cc2)-c2ccccc2-c2nn[n-]n2)cn1Cc1ccc(cc1)-c1ccccc1-c1nn[n-]n1,2.9
CCCCc1ncc(CN[C@H](Cc2c[nH]c3ccccc23)C(O)=O)n1Cc1ccc(cc1)C(O)=O,2.9
CCCCc1nn(CCCC)c(=O)n1Cc1ccc(cc1)-c1ccccc1-c1nnn[nH]1,2.9
CCCCN1C(=O)N(Cc2ccc(N)cc2)\C(=C/c2cnc(CCCC)n2Cc2ccc(cc2)C(=O)OC)C1=O,3
CCCCN(Cc1nc(CCC)n(Cc2ccc(cc2)-c2ccccc2-c2nnn[nH]2)c1C(O)=O)Cc1ccccc1,3
CCCc1nc(CN2CCN(CC2)c2ccc(F)cc2)c(C(O)=O)n1Cc1ccc(cc1)-c1ccccc1-c1nnn[nH]1,3
CCCC1=NC2(CC2)C(=O)N1Cc1ccc(cc1)-c1ccccc1-c1nnn[nH]1,3
CCCC1=NC2(CCCCC2)C(=O)N1Cc1ccc(cc1)-c1ccccc1-c1nnn[nH]1,3
CCCC1=NC(C)(C)C(=O)N1Cc1ccc(cc1)-c1ccccc1S(=O)(=O)NC(=O)c1ccccc1,3
CCCc1nc2c(C)cc(cc2n1Cc1ccc(cc1)-c1ccccc1C(O)=O)-c1nc2ccccc2n1C,3
CCCc1nc(CC)c(C(=O)OCc2ccccc2-c2ccccc2)n1Cc1ccc(cc1F)-c1ccccc1S(=O)(=O)NC(=O)OCCC(C)C,3
CCCc1nc(CC)c(C(=O)OCc2ccccc2OCCC(C)C)n1Cc1ccc(cc1F)-c1ccccc1S(=O)(=O)NC(=O)OCCC(C)C,3
CCCCc1nc2ccc(cc2c(=O)n1Cc1ccc(cc1)-c1ccccc1S(=O)(=O)NC(=O)c1ccccc1)C(C)C,3
CCCc1nc(CC)c(C(=O)OCc2ccccc2-c2ccccc2)n1Cc1ccc(cc1)-c1ccccc1-c1nnn[nH]1,3
CCCc1nc(CC)c(C(=O)OCc2ccc(cc2)-c2ccccc2)n1Cc1ccc(cc1)-c1ccccc1-c1nnn[nH]1,3
OC(=O)C(F)(F)F.OC(=O)C(F)(F)F.OC(=O)C(F)(F)F.CC[C@H](C)[C@H](NC(=O)[C@H](Cc1ccc(O)cc1)NC(=O)[C@@H](NC(=O)[C@H](CCCN\C(N)=N\C(=O)NCCOCCOCCNC(=O)CC)NC(=O)[C@@H](N)CC(O)=O)C(C)C)C(=O)N[C@@H](Cc1cnc[nH]1)C(=O)N1CCC[C@H]1C(=O)N[C@@H](Cc1ccccc1)C(O)=O,
CCCCN(Cc1ccc(cc1)-c1ccccc1-c1nnn[nH]1)c1ncncc1C(O)=O,
CCCCc1nc(Cl)c(C=O)n1Cc1ccc(cc1)-c1ccccc1-c1noc(=O)[nH]1,
CCCCOC(=O)NS(=O)(=O)c1sc(CC(C)C)cc1-c1ccc(cc1)C(=O)N1CCCCC1,
Cc1nc2ccccc2c(C(O)=O)c1Oc1ccc(cc1)-c1ccccc1-c1nnn[nH]1,
CCc1nn(Cc2ccc(cc2)-c2ccccc2-c2nn[nH]n2)\c(=N\C(=O)c2ccccc2[N+]([O-])=O)s1,
CCCCc1ncc(\C=C(/Cc2cccs2)C(O)=O)n1Cc1ccc(cc1)C(O)=O,
CCc1nn(Cc2ccc(cc2)-c2ccccc2-c2nnn[nH]2)c(=NC(=O)c2ccccc2Cl)s1,
CCCc1nc2ccccc2c(C(O)=O)c1Oc1ccc(cc1)-c1ccccc1-c1nnn[nH]1,
CCc1nn(Cc2ccc(cc2)-c2ccccc2-c2nn[nH]n2)\c(=N\C(=O)c2ccccc2Br)s1,
CCOc1nc2cccc(C(O)=O)c2n1Cc1ccc(cc1)-c1ccccc1-c1nnn[nH]1,
CCCCC1=NC(Cl)C(CO)N1Cc1ccc(cc1)-c1ccccc1-c1nnn[nH]1,
CCCCOC(=O)NS(=O)(=O)c1sc(CC(C)C)cc1-c1ccc(Cn2c(CC)nc3c(C)cc(C)nc23)cc1,
CCc1nn(Cc2ccc(cc2)-c2ccccc2-c2nn[nH]n2)\c(=N\C(=O)c2ccccc2I)s1,
CCOc1nc2cccc(C(O)=O)c2n1Cc1ccc2c(Oc3ccccc3C=C2c2nnn[nH]2)c1,
CCCCOC(=O)NS(=O)(=O)c1sc(CC(C)C)cc1-c1ccc(Cn2c(CC)nc3c(C)cc(C)nc23)cc1,
CCCCc1nccc(=O)n1Cc1ccc(cc1)-c1ccccc1C(O)=O,
CCCCc1nc(C)n(Cc2ccccc2)c(=O)c1Cc1ccc(cc1)-c1ccccc1-c1nnn[nH]1,
CCCCc1nc(C)n(Cc2ccccc2C(O)=O)c(=O)c1Cc1ccc(cc1)-c1ccccc1-c1nnn[nH]1,
CCCCc1nc[nH]c(=O)c1Cc1ccc(cc1)-c1ccccc1C(O)=O,
CCCCc1ncn(Cc2ccccc2)c(=O)c1Cc1ccc(cc1)-c1ccccc1C(O)=O,
CCCCc1ncn(Cc2ccccc2C(O)=O)c(=O)c1Cc1ccc(cc1)-c1ccccc1C(O)=O,
CCCCc1nc(C)n(Cc2sccc2C(=O)OC)c(=O)c1Cc1ccc(cc1)-c1ccccc1-c1nnn[nH]1,
CCCCc1nc(C)n(Cc2cccs2)c(=O)c1Cc1ccc(cc1)-c1ccccc1-c1nnn[nH]1,
CCCCc1nc(C)n(Cc2sccc2C(O)=O)c(=O)c1Cc1ccc(cc1)-c1ccccc1-c1nnn[nH]1,
CCCCc1nc(C)n(Cc2occc2C(=O)OC)c(=O)c1Cc1ccc(cc1)-c1ccccc1-c1nnn[nH]1,
CCCCc1ncn(Cc2ccc(cc2)C(O)=O)c(=O)c1Cc1ccc(cc1)-c1ccccc1C(O)=O,
CCCCc1nc(C)[nH]c(=O)c1Cc1ccc(cc1)-c1ccccc1-c1nnn[nH]1,
CCCCc1nc(C)n(Cc2ccccc2C(O)=O)c(=O)c1Cc1ccc(cc1)-c1ccccc1C(O)=O,
CCCCc1nc(C)[nH]c(=O)c1Cc1ccc(cc1)-c1ccccc1C(O)=O,
CCCCc1nc(C)n(Cc2occc2C(O)=O)c(=O)c1Cc1ccc(cc1)-c1ccccc1-c1nnn[nH]1,
CCCCc1nc(C)cc(=O)n1Cc1ccc(cc1)-c1ccccc1C(O)=O,
CCCCc1nc(C)n(Cc2ccsc2C(=O)OC)c(=O)c1Cc1ccc(cc1)-c1ccccc1-c1nnn[nH]1,
CCCCc1ncn(Cc2cccs2)c(=O)c1Cc1ccc(cc1)-c1ccccc1C(O)=O,
CCCCc1nc(C)n(Cc2occc2C(O)=O)c(=O)c1Cc1ccc(cc1)-c1ccccc1C(O)=O,
CCCCc1nc(C)n(Cc2sccc2C(O)=O)c(=O)c1Cc1ccc(cc1)-c1ccccc1C(O)=O,
CCOC(=O)c1c(C)nc(C)cc1OCc1ccc2c(cc3ccccc3c(=O)c2c1)-c1nnn[nH]1,
Cc1cc(OCc2ccc3c(cc4ccccc4c(=O)c3c2)-c2nnn[nH]2)c2CCCCc2n1,
CCCCc1nc(Cl)c(CO)n1Cc1ccc(cc1)-c1ccccc1-c1noc(=O)[nH]1,
CCCCc1nc(Cl)c(C(=O)OC(C)OC(C)=O)n1Cc1cccc2n(ccc12)-c1ccccc1-c1nn[n-]n1,
OC(=O)c1c(Oc2ccc(cc2)-c2ccccc2-c2nnn[nH]2)c(nc2ncccc12)C1CC1,
CCCCC1=NC2(CCCC2)C(=O)N1Cc1ccc(cc1)-c1ccccc1S(=O)(=O)Nc1onc(C)c1C,
CCCc1nc(C)n2nc(CO)nc2c1Cc1ccc(cc1)-c1ccccc1-c1nnn[nH]1,
CCCc1nc(C)n2nc(NC)nc2c1Cc1ccc(cc1)-c1ccccc1-c1nnn[nH]1,
CCOc1nc(CC)c(CNC(=O)[C@@H](S)CC(C)C)n1Cc1cc(F)c(cc1F)-c1ccccc1C(O)=O,
CCOc1nc(CC)c(CNC(=O)[C@@H](S)CC(C)C)n1Cc1ccc(c(F)c1)-c1ccccc1C(O)=O,
CCCCc1nc(Cl)c(CO)n1Cc1ccc(cc1)-c1ccccc1-c1nnn[nH]1,
CCCCc1nc(CC)c(CNC(=O)[C@@H](CS)CC(C)C)n1Cc1ccc(cc1)-c1ccccc1C(O)=O,
CCc1nc2ccccc2c(C(O)=O)c1Oc1ccc(cc1)-c1ccccc1-c1nnn[nH]1,
CCCc1nc(C)n2c(nn(CCO)c2=O)c1Cc1ccc(cc1)-c1ccccc1-c1nnn[nH]1,
CCCc1nc2c(C)cc(cc2n1Cc1ccc(cc1)-c1ccccc1C(O)=O)-c1nc2ccccc2n1C,3
CCCCc1nc2ccc(cc2n1Cc1ccc(cc1)-c1ccccc1-c1nnn[nH]1)N1CCCCS1(=O)=O,3
CCCc1nc2c(C)cc(cc2n1Cc1ccc(cc1)-c1ccccc1-c1nnn[nH]1)-c1cn2ccccc2n1,3
CCCc1nc2ccc(cc2n1Cc1ccc(cc1)-c1ccccc1C(O)=O)-c1nc2ccccc2n1C,3
CCCCc1nc2ccn(Cc3ccccc3C(O)=O)c(=O)c2n1Cc1ccc(cc1)-c1ccccc1-c1nnn[nH]1,3
CCCCc1nn(-c2ccccc2C(F)(F)F)c(=O)n1Cc1ccc(cc1)-c1ccccc1S(=O)(=O)NC(=O)c1ccoc1C,3
CCCCc1nnc(SCc2ccc(OC)cc2)n1Cc1ccc(NC(=O)c2ccccc2C(O)=O)cc1,3
CCCCc1nc2ccc(cc2c(=O)n1Cc1ccc(cc1)-c1ccccc1-c1nnn[nH]1)S(C)(=O)=O,3
CCCCc1nc(Cl)c(CO)n1Cc1ccc(cc1)-c1ccccc1-c1nnn[nH]1,3
Cc1cc(=O)[nH]nc1-c1ccc2nc(C3CC3)n(Cc3ccc(cc3)-c3ccccc3-c3nnn[nH]3)c2c1,3
CCCCc1nnc(SCc2ccc(OC)cc2)n1Cc1ccc(NC(=O)c2ccccc2C(O)=O)cc1,3
CCc1nc2ccc(cc2n1Cc1ccc(cc1)-c1ccccc1-c1nn[n-]n1)C1=NN(CC(=O)N(C)C)C(=O)CC1,3
CCCc1nc2c(C)cc(cc2n1Cc1ccc(cc1)-c1ccccc1C(O)=O)C(=O)NCCc1ccccc1,3
CCCCc1ncc(\C=C2/N(Cc3ccc(Cl)cc3)C(=O)NC2=O)n1Cc1ccc(cc1)C(O)=O,3
CCCCc1nn(CCc2ccccc2)c(=O)n1Cc1ccc(cc1)-c1ccccc1-c1nnn[nH]1,3.1
CC(C)CCc1nn(CCc2ccccc2)c(=O)n1Cc1ccc(cc1)-c1ccccc1-c1nnn[nH]1,3.1
CCCCc1nc(Cl)c(CO)n1Cc1ccc(cc1)-c1ccccc1-c1nnn[nH]1,3.2
CCCCc1nn(-c2ccccc2N(C)C)c(=O)n1Cc1ccc(cc1)-c1ccccc1-c1nnn[nH]1,3.2
CCCCc1nn(CC(C)C)c(=O)n1Cc1ccc(cc1)-c1ccccc1-c1nnn[nH]1,3.2
CCCCc1nn(-c2ccccc2N(C)C)c(=O)n1Cc1ccc(cc1)-c1ccccc1-c1nnn[nH]1,3.2
CCCCc1nn(CC(C)C)c(=O)n1Cc1ccc(cc1)-c1ccccc1-c1nnn[nH]1,3.2
CCCCc1nn(CC(C)C)c(=O)n1Cc1ccc(cc1)-c1ccccc1-c1nnn[nH]1,3.2
CCCCc1nn(-c2ccccc2N(C)C)c(=O)n1Cc1ccc(cc1)-c1ccccc1-c1nnn[nH]1,3.2
CCCCc1nn(c(C(O)=O)c1Cc1ccc(cc1)-c1ccccc1-c1nnn[nH]1)-c1cc(Cl)ccc1Cl,3.2
CCCCCN(C(=O)c1ccco1)c1ccc2ncn(Cc3ccc(cc3)-c3ccccc3-c3nnnn3C)c(=O)c2c1,3.2
CCCCc1nn(-c2ccccc2C(F)(F)F)c(=O)n1Cc1ccc(cc1)-c1ccccc1S(=O)(=O)NC(=O)c1cccc(c1)C(F)(F)F,3.3
CCCCc1nnc(SCc2ccccc2C(O)=O)n1Cc1ccc(NC(=O)c2ccccc2C(O)=O)cc1,3.3
CCCc1nc2c(C)cc(C)nc2n1Cc1ccc(cc1)-c1c(C(O)=O)c(N)nc2ccccc12,3.3
CCCCN1C(=O)NC(=O)\C1=C\c1cnc(CCCC)n1Cc1ccc(cc1)S(=O)(=O)NC(F)(F)F,3.3
CCCCN1C(=O)N(CC2CCCCC2)\C(=C/c2cnc(CCCC)n2Cc2ccc(cc2)C(=O)OC)C1=O,3.3
CCCCc1nnc(SCc2ccccc2C(O)=O)n1Cc1ccc(NC(=O)c2ccccc2C(O)=O)cc1,3.3
CCCCc1nn(CC(C)(C)C)c(=O)n1Cc1ccc(cc1)-c1ccccc1S(=O)(=O)NC(=O)c1ccccc1,3.3
CCCc1cc(=O)n(CC=C)c(=O)n1Cc1ccc(cc1)-c1ccccc1-c1nnn[nH]1,3.3
CCCCc1nn(-c2ccccc2C(F)(F)F)c(=O)n1Cc1ccc(cc1)-c1ccccc1S(=O)(=O)NC(=O)C1C(C)(C)C1(C)C,3.3
CCCCc1nn(CC(C)(C)C)c(=O)n1Cc1ccc(cc1)-c1ccccc1S(=O)(=O)NC(=O)c1ccccc1,3.3
CCCC(=O)Nc1cnc2n(Cc3ccc(cc3)-c3ccccc3S(=O)(=O)NC(=O)c3ccc(CCC)cc3)c(CCC)nc2c1C,3.3
CCCCC1=NC(C)(C2CCCC2)C(=O)N1Cc1ccc(cc1)-c1ccccc1C(O)=O,3.3
CCCCc1nc(C)c(CCC(=O)N2CCC[C@H]2C(=O)OC)c(=O)n1Cc1ccc(cc1)-c1ccccc1-c1nnn[nH]1,3.36
CCCCc1ncc(\C=C2\N(Cc3ccccc3)C(=O)NC2=O)n1Cc1ccc(cc1)C(O)=O,3.4
CCCCN1C(=O)N(Cc2cccs2)\C(=C/c2cnc(CCCC)n2Cc2ccc(cc2)C(=O)OC)C1=O,3.4
CCCCC(=O)N(Cc1ccc(cc1)-c1ccccc1-c1nnn[nH]1)[C@@H](C(C)C)C(O)=O,3.4
CCCCc1nc2ccc(cc2c(=O)n1Cc1ccc(cc1)-c1ccccc1-c1nnn[nH]1)N(C)C(=O)OCC(C)C,3.4
CCCc1cc(=O)n(CCNC(C)=O)c(=O)n1Cc1ccc(cc1)-c1ccccc1-c1nnn[nH]1,3.4
Cn1nnnc1-c1ccccc1-c1ccc(Cn2cnc3ccc(cc3c2=O)N(Cc2ccccc2)C(=O)c2ccncc2)cc1,3.4
CCc1nc2c(C)cc(C)nc2n1Cc1ccc(OC(C(O)=O)c2ccccc2C)c(Cl)c1,3.4
CCCCc1cnc(C(O)=O)n1Cc1ccc(cc1)-c1ccccc1-c1nnn[nH]1,3.47
CCCCc1cnc(C(O)=O)n1Cc1ccc(cc1)-c1ccccc1-c1nnn[nH]1,3.47
CCCCN1C(=O)NC(=O)\C1=C\c1cnc(CCCC)n1Cc1ccc(cc1)C(=O)OC,3.5
CCOc1nc2c(C)cc(cc2n1Cc1ccc(cc1)-c1ccccc1-c1nnn[nH]1)C(=O)NC[C@H](C)c1ccccc1,3.5
CC(C)Cc1cc(C)c2nc(C(C)C)n([C@H]3CCc4cc(ccc34)-c3ccccc3-c3nnn[nH]3)c2n1,3.5
CCCCc1nc2ccc(cc2c(=O)n1Cc1ccc(cc1)-c1ccccc1-c1nnn[nH]1)C(C)(O)C[C@H]1CCCN1,3.5
CCCCC(=O)Nc1ccc(Br)c(c1)-n1nc(CC)n(Cc2ccc(cc2F)-c2ccccc2S(=O)(=O)NC(=O)OC(C)(C)C)c1=O,3.5
CCCCc1nc(C)c(CC(=O)N2CCN(C)CC2)c(=O)n1Cc1ccc(cc1)-c1ccccc1-c1nnn[nH]1,3.59
CCCCc1nn(CC(O)c2ccccc2)c(=O)n1Cc1ccc(cc1)-c1ccccc1-c1nnn[nH]1,3.6
CCCc1[nH]nc(C(O)=O)c1Cc1ccc(cc1)-c1ccccc1-c1nnn[nH]1,3.6
CCCCc1nn(-c2ccccc2-c2ccccc2)c(=O)n1Cc1ccc(cc1)-c1ccccc1-c1nnn[nH]1,3.6
CCCc1nc2ccc(cc2c(=O)n1Cc1ccc(cc1)-c1ccccc1S(=O)(=O)NC(=O)c1ccccc1)N(C)C,3.6
CCc1nn(Cc2ccc(cc2)-c2ccccc2-c2nnn[nH]2)c(=NC(=O)c2ccccc2Cl)s1,3.6
CCCCc1nn(-c2ccccc2-c2ccccc2)c(=O)n1Cc1ccc(cc1)-c1ccccc1-c1nnn[nH]1,3.6
CCCCc1nn(-c2ccccc2-c2ccccc2)c(=O)n1Cc1ccc(cc1)-c1ccccc1-c1nnn[nH]1,3.6
CCCc1nc2c(C)cc(cc2n1Cc1ccc(cc1)-c1ccccc1-c1nnn[nH]1)C(=O)NCCc1ccc(OC)c(OC)c1,3.7
CCc1nn(-c2cc(NC(=O)c3ccccc3)ccc2Cl)c(=O)n1Cc1ccc(cc1F)-c1ccccc1S(=O)(=O)NC(=O)OC(C)(C)C,3.7
CCc1nn(-c2cc(NC(=O)c3ccccc3)ccc2Cl)c(=O)n1Cc1ccc(cc1F)-c1ccccc1S(=O)(=O)NC(=O)OC(C)(C)C,3.7
OC(=O)c1c(Cc2ccc(cc2)-c2ccccc2-c2nnn[nH]2)c(CC2CC2)nn1-c1c(Cl)cccc1Cl,3.7
CCc1nn(-c2cc(NC(=O)c3ccccc3)ccc2Cl)c(=O)n1Cc1ccc(cc1F)-c1ccccc1S(=O)(=O)NC(=O)OC(C)(C)C,3.7
CCc1cc2N(Cc3ccc(cc3)-c3ccccc3-c3nnn[nH]3)C(=O)CCc2c(CC)n1,3.8
CCCCc1nn(-c2ccccc2C(F)(F)F)c(=O)n1Cc1ccc(cc1)-c1ccccc1S(=O)(=O)NC(=O)c1ccc(cc1)C(F)(F)F,3.8
CCc1cc2N(Cc3ccc(cc3)-c3ccccc3-c3nnn[nH]3)C(=O)CCc2c(CC)n1,3.8
CCCCOC(=O)NS(=O)(=O)c1ccccc1-c1ccc(Cn2c(CC)nc3ccc(NC(=O)N4CCOCC4)cc3c2=O)c(F)c1,3.8
CCc1nc2c(C)cc(C)nc2n1Cc1ccc(cc1)-c1ccccc1C(O)=O,3.8
CCCCc1nn(-c2ccccc2C(F)(F)F)c(=O)n1Cc1ccc(cc1)-c1ccccc1S(=O)(=O)NC(=O)c1ccoc1,3.9
CCCc1nc2c(C)cc(NC(=O)c3ccccc3)cc2n1Cc1ccc(cc1)-c1ccccc1C(O)=O,3.9
COC(=O)c1ccc(CN(C(=O)c2ccccc2)c2ccc3ncn(Cc4ccc(cc4)-c4ccccc4-c4nnnn4C)c(=O)c3c2)cc1,3.9
CCCc1ccc2c(c1)-c1ccc(Cn3c(CCC)nc4ccc(NCCCCCCCC(=O)NS2(=O)=O)cc4c3=O)cc1,3.9
CCCc1nc2ccc(NC(=O)OCC(C)C)cc2c(=O)n1Cc1ccc(cc1)-c1ccccc1-c1nnn[nH]1,3.9
CCCCc1nn(-c2ccccc2C(F)(F)F)c(=O)n1Cc1ccc(cc1F)-c1cc(CCC)ccc1S(=O)(=O)NC(=O)c1ccccc1Cl,3.9
CCCCc1ncc(\C=C2/N(Cc3ccccc3)C(=O)NC2=O)n1Cc1ccc(cc1)C(O)=O,4
CCCCc1nc2ccc(cc2c(=O)n1Cc1ccc(cc1)-c1ccccc1-c1nnn[nH]1)C(C)C,4
COC(=O)CN1N=C(C(C)CC1=O)c1ccc2nc(C3CC3)n(Cc3ccc(cc3)-c3ccccc3-c3nnn[nH]3)c2c1,4
CCCCc1nc2ccc(CC)cc2c(=O)n1Cc1ccc(cc1)-c1ccccc1-c1nnn[nH]1,4
CCCCc1nc2ccc(C)cc2c(=O)n1Cc1ccc(cc1)-c1ccccc1-c1nnn[nH]1,4
CCc1cc(OCc2ccc(cc2)-c2ccccc2-c2nnn[nH]2)c(C(=O)c2ccccc2)c(C)n1,4
CCN(C(C(O)=O)c1ccccc1)c1ccc(Cn2c(CC)nc3c(C)cc(C)nc23)cc1,4
CCCCc1nc2ccc(NC(=O)OCC(C)C)cc2c(=O)n1Cc1ccc(cc1)-c1ccccc1-c1nnn[nH]1,4
CCCc1cc(Cn2c(CC)nc3c(C)cc(C)nc23)cc(CCC)c1OC(C(O)=O)c1ccc(C)cc1,4
CCCCN(C(=O)c1ccc(O)cc1)c1ccc2ncn(Cc3ccc(cc3)-c3ccccc3-c3nnnn3C)c(=O)c2c1,4
CCCCc1nc2ccc(C)cc2c(=O)n1Cc1ccc(cc1)-c1ccccc1-c1nnn[nH]1,4
CCCc1nc2c(C)cc(cc2n1Cc1ccc(cc1)-c1ccccc1C(O)=O)-c1cn2ccccc2n1,4
CCCCc1nc2ccc(cc2n1Cc1ccc(cc1)-c1ccccc1-c1nnn[nH]1)N1CCCCC1=O,4
CCCc1nc2c(C)ccnc2n1Cc1ccc(cc1)-c1ccncc1-c1nnn[nH]1,4
CCCCc1nc2ccc(cc2c(=O)n1Cc1ccc(cc1)-c1ccccc1S(=O)(=O)NC(=O)c1ccc(F)cc1)C(C)C,4
CCCCOC(=O)NS(=O)(=O)c1ccccc1-c1ccc(Cn2c(CCCC)nc3ccc(NC(=O)N(C)C(C)C)cc3c2=O)cc1,4
CCNC(=O)Nc1ccc2nc(CC)n(Cc3ccc(cc3F)-c3ccccc3S(=O)(=O)NC(=O)c3ccccc3F)c(=O)c2c1,4
CCCC1=NC(C)(C)C(=O)N1Cc1ccc(cc1)-c1ccccc1-c1nnn[nH]1,4
CC1(C)CC(=O)NN=C1c1ccc2nc(C3CC3)n(Cc3ccc(cc3)-c3ccccc3-c3nn[n-]n3)c2c1,4
CCCc1nc2c(C)ccnc2n1Cc1ccc(cc1)-c1ccncc1-c1nnn[nH]1,4
CCCc1ccc2c(c1)-c1ccc(Cn3c(CCC)nc4ccc(NCCCCCCC(=O)NS2(=O)=O)cc4c3=O)cc1,4
CCCCc1nc(C)c(CCC(=O)N2CCSCC2)c(=O)n1Cc1ccc(cc1)-c1ccccc1-c1nnn[nH]1,4.06
CCCCc1nn(-c2ccccc2C)c(=O)n1Cc1ccc(cc1)-c1ccccc1-c1nnn[nH]1,4.1
CCCCc1nnc(SCc2ccc(OC)cc2)n1Cc1ccc(NC(=O)c2ccccc2-c2nnn[nH]2)cc1,4.1
CCCCc1nn(-c2ccccc2C)c(=O)n1Cc1ccc(cc1)-c1ccccc1-c1nnn[nH]1,4.1
CCCCc1nnc(SCc2ccc(OC)cc2)n1Cc1ccc(NC(=O)c2ccccc2-c2nnn[nH]2)cc1,4.1
CCCCc1nn(-c2ccccc2C)c(=O)n1Cc1ccc(cc1)-c1ccccc1-c1nnn[nH]1,4.1
CCCc1nc(CN2CCN(CC2)c2ccccn2)c(C(O)=O)n1Cc1ccc(cc1)-c1ccccc1-c1nnn[nH]1,4.2
CCCc1nc2c(C)cc(C)nc2n1Cc1ccc(cc1)-c1c(C(O)=O)c(N)nc2ccccc12,4.2
CCCCN1C(=O)N(Cc2ccc(s2)C(=O)OC)\C(=C/c2cnc(CCCC)n2Cc2ccc(cc2)C(=O)OC)C1=O,4.2
CCCc1nc(CN2CCN(CC2)c2ccccn2)c(C(O)=O)n1Cc1ccc(cc1)-c1ccccc1-c1nnn[nH]1,4.2
CCCCN1C(=O)NC(=O)\C1=C/c1cnc(CCCC)n1Cc1ccc(cc1)-c1nn[nH]n1,4.2
[Br-].CCCCc1c[n+](Cc2ccc(cc2)-c2ccccc2-c2nn[nH]n2)c(CO)n1Cc1ccc(cc1)-c1ccccc1-c1nn[nH]n1,4.3
CCCCc1nc(Cl)c(C=O)n1Cc1ccc(cc1)-c1ccccc1-c1noc(=O)[nH]1,4.3
CCCc1cc(=O)[nH]c(=O)n1Cc1ccc(cc1)-c1ccccc1-c1nnn[nH]1,4.3
CCCCc1nc2ccc(NC(=O)OCc3ccccc3)cc2c(=O)n1Cc1ccc(cc1)-c1ccccc1-c1nnn[nH]1,4.3
CCCCNC(=O)NS(=O)(=O)c1ccccc1-c1ccc(Cn2c(CCC)nc3c(C)c(NC(=O)CCC)cnc23)cc1,4.3
CCCCC(=O)Nc1ccc(Br)c(c1)-n1nc(CC)n(Cc2ccc(cc2F)-c2ccccc2S(=O)(=O)NC(=O)OC(C)C)c1=O,4.3
CCCCc1nn(-c2ccccc2C(F)(F)F)c(=O)n1Cc1ccc(cc1)-c1ccccc1S(=O)(=O)NC(=O)C1CCCO1,4.3
CCCc1nc(CC)c(C(O)=O)n1Cc1ccc(cc1)-c1ccccc1S(=O)(=O)NC(=O)C1CC1,4.3
CCCc1nc2c(C)cc(cc2n1Cc1ccc(cc1)-c1ccccc1C(O)=O)C(=O)NCc1ccc(OC)cc1,4.3
CCCCc1nc2ccc(cc2c(=O)n1Cc1ccc(cc1)-c1ccccc1S(=O)(=O)NC(=O)CCCCCN)C(C)C,4.4
CCCc1cc(=O)n(CCN2C(=O)c3ccccc3C2=O)c(=O)n1Cc1ccc(cc1)-c1ccccc1-c1nnn[nH]1,4.4
Cn1nnnc1-c1ccccc1-c1ccc(Cn2cnc3ccc(cc3c2=O)N(Cc2ccccn2)C(=O)c2ccncc2)cc1,4.4
CCCCc1nn(CCCCC(=O)OC)c(=O)n1Cc1ccc(cc1)-c1ccccc1-c1nnn[nH]1,4.4
CCCCc1cc(=O)n(C)c(=O)n1Cc1ccc(cc1)-c1ccccc1-c1nnn[nH]1,4.5
CCCCCN(C(=O)c1cccnc1)c1ccc2ncn(Cc3ccc(cc3)-c3ccccc3-c3nnnn3C)c(=O)c2c1,4.5
CCCCc1nc(C)c(CC(=S)N(C)C)c(=O)n1Cc1ccc(cc1)-c1ccccc1-c1nnn[nH]1,4.5
Cn1nnnc1-c1ccccc1-c1ccc(Cn2cnc3ccc(cc3c2=O)N(Cc2ccccc2)C(=O)c2ccccc2)cc1,4.6
CCCCc1nn(Cc2ccccc2)c(=O)n1Cc1ccc(cc1)-c1ccccc1-c1nnn[nH]1,4.6
CCc1nc2c(C)cc(C)nc2n1Cc1ccc(cc1)-c1c(C(O)=O)n(C)c(=O)c2ccccc12,4.6
CCCC(=O)Nc1cnc2n(Cc3ccc(cc3)-c3ccccc3S(=O)(=O)NC(=O)c3ccccc3)c(CCC)nc2c1C,4.6
CCCCc1nn(Cc2ccccc2)c(=O)n1Cc1ccc(cc1)-c1ccccc1-c1nnn[nH]1,4.6
CCCCc1nn(Cc2ccccc2)c(=O)n1Cc1ccc(cc1)-c1ccccc1-c1nnn[nH]1,4.6
CCCCc1nn(Cc2ccccc2)c(=O)n1Cc1ccc(cc1)-c1ccccc1-c1nnn[nH]1,4.6
CCCCc1nc(C)c(CC(=O)OCC)c(=O)n1Cc1ccc(cc1)-c1ccccc1-c1nnn[nH]1,4.63
CCCc1nc(C)c(CC(=O)N(CC)CC)c(=O)n1Cc1ccc(cc1)-c1ccccc1-c1nnn[nH]1,4.69
CCCCc1nc2ccn(CC(=O)N3CCCCC3)c(=O)c2n1Cc1ccc(cc1F)-c1ccccc1S(=O)(=O)NC(=O)OCc1ccccc1,4.7
CCCCc1nn(-c2ccccc2C(F)(F)F)c(=O)n1Cc1ccc(cc1)-c1ccccc1S(=O)(=O)NC#N,4.7
CCCc1nc(C)c(CC(=S)N(C)C)c(=O)n1Cc1ccc(cc1)-c1ccccc1-c1noc(=O)[nH]1,4.7
CCCCN1C(=O)N(Cc2ccsc2)\C(=C/c2cnc(CCCC)n2Cc2ccc(cc2)C(=O)OC)C1=O,4.8
CCCc1nc2c(C)cc(NC(=O)c3ccc(C)cc3)cc2n1Cc1ccc(cc1)-c1ccccc1C(O)=O,4.9
CCCCc1cn([C@@H]2[C@@H](C)CCC[C@H]2C)c(=O)n1Cc1ccc(nc1)-c1ccccc1-c1nnn[nH]1,4.9
CCCc1nc(C(C)O)c(C(O)=O)n1Cc1ccc(cc1)-c1ccccc1-c1nnn[nH]1,4.9
CCCCCN(C(=O)c1ccc(O)cc1)c1ccc2ncn(Cc3ccc(cc3)-c3ccccc3-c3nnnn3C)c(=O)c2c1,4.9
CCCc1nc2ccc(cc2c(=O)n1Cc1ccc(cc1)-c1ccccc1-c1nnn[nH]1)N(Cc1ccccc1)C(=O)OCC(C)C,4.9
CCCCc1nn(C(C)c2ccccc2)c(=O)n1Cc1ccc(cc1)-c1ccccc1-c1nnn[nH]1,4.9
Cn1nnnc1-c1ccccc1-c1ccc(Cn2cnc3ccc(cc3c2=O)N(Cc2ccc(O)cc2)C(=O)c2ccccc2)cc1,4.9
CCCc1nc2ccc(cc2c(=O)n1Cc1ccc(cc1)-c1ccccc1-c1nnn[nH]1)N(Cc1ccccc1)C(=O)OCC(C)C,4.9
CCCCc1ncc(\C=C2\N(CCC(C)C)C(=O)NC2=O)n1Cc1ccc(cc1)C(O)=O,4.9
CCCCN1C(=O)N(Cc2ccc(O)c(O)c2)\C(=C/c2cnc(CCCC)n2Cc2ccc(cc2)C(=O)OC)C1=O,4.9
CCCCc1nn(C(C)c2ccccc2)c(=O)n1Cc1ccc(cc1)-c1ccccc1-c1nnn[nH]1,4.9
CCCCc1nn(C(C)c2ccccc2)c(=O)n1Cc1ccc(cc1)-c1ccccc1-c1nnn[nH]1,4.9
CCCCc1nn(-c2ccc(OC)cc2)c(=O)n1Cc1ccc(cc1)-c1ccccc1-c1nnn[nH]1,5
CCc1nc2c(C)cc(C)nc2n1Cc1ccc2n(ccc2c1)C(=O)c1ccccc1-c1nnn[nH]1,5
CCc1nc2c(C)cc(C)nc2n1Cc1ccc2n(ccc2c1)C(=O)c1cccc(c1)-c1nnn[nH]1,5
CCCCc1nn(CCCC)c(=O)n1Cc1ccc(cc1)-c1ccccc1-c1nnn[nH]1,5
CCCCc1nc2ccc(OC)cc2c(=O)n1Cc1ccc(cc1)-c1ccccc1-c1nnn[nH]1,5
CCCc1nc(CN2CCN(CC2)c2ccccc2)c(C(O)=O)n1Cc1ccc(cc1)-c1ccccc1-c1nnn[nH]1,5
CCCCc1nn(-c2ccc(OC)cc2)c(=O)n1Cc1ccc(cc1)-c1ccccc1-c1nnn[nH]1,5
CCCc1nc2c(C)cc(nc2n1Cc1cc(Br)c(O)c(Br)c1)C(=O)OC,5
CCCCc1nc2ccc(cc2c(=O)n1Cc1ccc(cc1)-c1ccccc1S(=O)(=O)NC(=O)c1nnn[nH]1)C(C)C,5
CCCCc1nn(-c2ccc(OC)cc2)c(=O)n1Cc1ccc(cc1)-c1ccccc1-c1nnn[nH]1,5
CCCCc1nc2ccc(cc2c(=O)n1Cc1ccc(cc1)-c1ccccc1-c1nnn[nH]1)-c1ccccn1,5
CCCc1nc2c(C)ccnc2n1Cc1ccc(OC(C(O)=O)c2ccccc2C)cc1,5
CCCc1nc(CN2CCN(CC2)C(=O)c2ccccc2)c(C(O)=O)n1Cc1ccc(cc1)-c1ccccc1-c1nnn[nH]1,5
CCc1cc(OCc2ccc(cc2)-c2ccccc2-c2nnn[nH]2)c2CCCCc2n1,5
CCCCc1nn(CCCC)c(=O)n1Cc1ccc(cc1)-c1ccccc1-c1nnn[nH]1,5
CCc1cc(OCc2ccc(cc2)-c2ccccc2-c2nnn[nH]2)c2CCCCc2n1,5
CCCc1nc2c(C)cc(nc2n1Cc1cc(Br)c(O)c(Br)c1)C(=O)OC,5
CCCCc1nc2ccc(cc2c(=O)n1Cc1ccc(cc1)-c1ccccc1-c1nnn[nH]1)N(C)C,5
CCCCc1nc2ccc(cc2c(=O)n1Cc1ccc(cc1)-c1ccccc1-c1nnn[nH]1)C(C)C,5
CCCCc1nc2ccc(OC)cc2c(=O)n1Cc1ccc(cc1)-c1ccccc1-c1nnn[nH]1,5
CCCCc1nn(-c2ccccc2C(F)(F)F)c(=O)n1Cc1ccc(cc1)-c1ccccc1S(=O)(=O)NC(=O)c1ccsc1,5
CCCCC1=NC(Cl)C(CO)N1Cc1ccc(cc1)-c1ccccc1-c1nnn[nH]1,5
CCCc1nc2ccc(cc2n1Cc1ccc(cc1)-c1ccccc1-c1nnn[nH]1)-c1nc2ccccc2n1C,5
CCCc1nc2c(C)cc(cc2n1Cc1ccc(cc1)-c1ccccc1-c1nnn[nH]1)-c1ccccn1,5
CCCc1nc2c(C)cc(cc2n1Cc1ccc(cc1)-c1ccccc1-c1nnn[nH]1)C(=O)NC[C@@H](C)c1ccccc1,5
CCc1cc(OCc2ccc(cc2)-c2ccccc2-c2nnn[nH]2)c2CCCCc2n1,5
CCc1cc(OCc2ccc(cc2)-c2ccccc2-c2nnn[nH]2)c(C(=O)OC)c(CC)n1,5
CCc1cc(OCc2ccc(cc2)-c2ccccc2-c2nnn[nH]2)c(C(=O)OC)c(C)n1,5
CCc1nc2ccn(Cc3ccccc3C)c(=O)c2n1[C@H]1CCc2cc(ccc12)-c1ccccc1-c1nnn[nH]1,5.1
Cn1nnnc1-c1ccccc1-c1ccc(Cn2cnc3ccc(cc3c2=O)N(Cc2ccccn2)C(=O)c2ccccc2)cc1,5.1
CCCCc1nc2ccc(cc2c(=O)n1Cc1ccc(cc1)-c1ccccc1-c1nnn[nH]1)N(Cc1ccccc1)C(=O)OCC(C)C,5.1
CCCCc1nn(CCCC)c(=O)n1Cc1ccc(cc1)-c1ccccc1-c1nnn[nH]1,5.1
CCCCc1nn(-c2ccccc2C(F)(F)F)c(=O)n1Cc1ccc(cc1)-c1ccccc1S(=O)(=O)Nc1nc2ccccc2o1,5.2
CCCc1cc(c(s1)S(=O)(=O)NC(=O)c1ccccc1)-c1ccc(Cn2c(CC)nc3c(C)cc(C)nc23)cc1,5.2
CCCCC1=NC(C)(C2CCCCC2)C(=O)N1Cc1ccc(cc1)-c1ccccc1-c1nnn[nH]1,5.2
CCc1nc2c(C)cc(Cc3ccccc3)nc2n1[C@H]1CCc2cc(ccc12)-c1ccccc1-c1nnn[nH]1,5.2
CCCCC1=NC(C)(C2CCCCC2)C(=O)N1Cc1ccc(cc1)-c1ccccc1-c1nnn[nH]1,5.2
CCCc1cc(Cn2c(CC)nc3c(C)cc(C)nc23)cc(CCC)c1OC(C(O)=O)c1ccc(Oc2ccccc2)cc1,5.2
CCCCc1nc(C)c(CCC(=O)N2CCOCC2)c(=O)n1Cc1ccc(cc1)-c1ccccc1-c1nnn[nH]1,5.22
CCc1nc2c(C)cc(C)nc2n1Cc1ccc(cc1)N(CC=C)C(C(O)=O)c1ccccc1,5.3
CCc1nc2c(C)cc(C)nc2n1Cc1ccc(cc1)N(CC=C)C(C(O)=O)c1ccccc1,5.3
CCc1nc(c(C(O)=O)n1Cc1ccc(cc1)-c1ccccc1-c1nnn[nH]1)C(C)(C)O,5.3
CCCCc1nc2ccn(Cc3ccccc3C(=O)OCC)c(=O)c2n1Cc1ccc(cc1)-c1ccccc1-c1nnn[nH]1,5.3
CCCCCCN1C(=O)N(Cc2csc(C)n2)\C(=C/c2cnc(CCCC)n2Cc2ccc(cc2)C(=O)OC)C1=O,5.3
CCCN(C(C(O)=O)c1ccccc1)c1ccc(Cn2c(CC)nc3c(C)cc(C)nc23)cc1,5.3
CCCCc1nn(-c2ccccc2C(F)(F)F)c(=O)n1Cc1ccc(cc1)-c1ccccc1S(=O)(=O)NC(=O)CCCC(O)=O,5.5
Cn1nnnc1-c1ccccc1-c1ccc(Cn2cnc3ccc(cc3c2=O)N(Cc2ccncc2)C(=O)c2ccccc2)cc1,5.5
FC(F)(F)CCCc1nn(-c2ccccc2C(F)(F)F)c(=O)n1Cc1ccc(cc1)-c1ccccc1S(=O)(=O)NC(=O)c1ccccc1,5.5
CCCCc1nc(Cl)c(CO)n1Cc1ccc(cc1)-c1ccccc1-c1nn[n-]n1,5.5
CCCCc1nc2ccc(cc2c(=O)n1Cc1ccc(cc1)-c1ccccc1S(=O)(=O)NC(=O)NC(C)C)C(C)C,5.6
CCCCc1nn(-c2ccccc2C(=O)OC)c(=O)n1Cc1ccc(cc1)-c1ccccc1-c1nnn[nH]1,5.6
CCCCc1nc2ccc(cc2c(=O)n1Cc1ccc(cc1)-c1ccccc1S(=O)(=O)NC(=O)C1CC1)N(C)C,5.6
CCCCc1nn(-c2ccccc2C(=O)OC)c(=O)n1Cc1ccc(cc1)-c1ccccc1-c1nnn[nH]1,5.6
CCCCc1nc(CCCC)n(Cc2ccc(cc2)-c2ccccc2-c2nnn[nH]2)n1,5.6
CCCCc1nc(Cl)c(CO)n1Cc1ccc(cc1)-c1ccccc1-c1nnn[nH]1,5.6
CCCCc1nc(C)c(CC(=S)N2CCOCC2)c(=O)n1Cc1ccc(cc1)-c1ccccc1-c1noc(=O)[nH]1,5.6
CCCCc1nn(-c2ccccc2C(=O)OC)c(=O)n1Cc1ccc(cc1)-c1ccccc1-c1nnn[nH]1,5.6
CCCCc1nc(CCCC)n(Cc2ccc(cc2)-c2ccccc2-c2nnn[nH]2)n1,5.6
CCCCCn1nc(CCCC)n(Cc2ccc(cc2)-c2ccccc2-c2nnn[nH]2)c1=O,5.6
CCCCc1nc(Cl)c(CO)n1Cc1ccc(cc1)-c1ccccc1-c1nnn[nH]1,5.62
CCCCCc1nn(-c2ccccc2Cl)c(=O)n1Cc1ccc(cc1)-c1ccccc1-c1nnn[nH]1,5.7
CCCCCc1nn(-c2ccccc2Cl)c(=O)n1Cc1ccc(cc1)-c1ccccc1-c1nnn[nH]1,5.7
CCc1nc2c(C)cc(C)nn2c1Cc1ccc(cc1)-c1ccccc1-c1nnn[nH]1,5.7
CCCCCc1nn(-c2ccccc2Cl)c(=O)n1Cc1ccc(cc1)-c1ccccc1-c1nnn[nH]1,5.7
CCCCc1nn(-c2c(Cl)cccc2Cl)c(=O)n1Cc1ccc(cc1)-c1ccccc1-c1nnn[nH]1,5.8
CCCCc1ncc(C(O)=O)n1Cc1ccc(cc1)-c1ccccc1S(=O)(=O)NC(=O)C1CC1,5.8
CCCCc1nn(-c2cccc(N)c2)c(=O)n1Cc1ccc(cc1)-c1ccccc1S(=O)(=O)NC(=O)c1ccccc1Cl,5.8
CCCCN1C(=O)N(Cc2ccccn2)\C(=C/c2cnc(CCCC)n2Cc2ccc(cc2)C(=O)OC)C1=O,5.8
CCCCc1nn(-c2c(Cl)cccc2Cl)c(=O)n1Cc1ccc(cc1)-c1ccccc1-c1nnn[nH]1,5.8
CCCCc1nn(-c2c(Cl)cccc2Cl)c(=O)n1Cc1ccc(cc1)-c1ccccc1-c1nnn[nH]1,5.8
CCCCc1nn(-c2cccc(N)c2)c(=O)n1Cc1ccc(cc1)-c1ccccc1S(=O)(=O)NC(=O)c1ccccc1Cl,5.8
CC1CC1Cc1nn(-c2ccccc2C(F)(F)F)c(=O)n1Cc1ccc(cc1)-c1ccccc1S(=O)(=O)NC(=O)c1ccccc1,5.8
CCc1ccc(cc1)C(=O)NS(=O)(=O)c1ccccc1-c1ccc(Cn2c(CC)nc3ccc(NC(=O)N(C)C(C)C)cc3c2=O)c(F)c1,5.8
CCCCc1nn(-c2c(Cl)cccc2Cl)c(=O)n1Cc1ccc(cc1)-c1ccccc1-c1nnn[nH]1,5.8
CCCCc1nc(C)c(CCC(=O)N2CCCC2)c(=O)n1Cc1ccc(cc1)-c1ccccc1-c1nnn[nH]1,5.86
CCCCc1nc(Cl)c(CO)n1Cc1ccc(cc1)-c1ccccc1-c1noc(=O)[nH]1,5.9
CCCCc1nc2ccc(cc2c(=O)n1Cc1ccc(cc1)-c1ccccc1S(=O)(=O)NC(=O)Nc1ccccc1)C(C)C,5.9
CCCCc1nn(-c2cc(NC(C)=O)ccc2Cl)c(=O)n1Cc1ccc(cc1F)-c1cc(CCC)ccc1S(=O)(=O)NC(=O)c1ccccc1F,5.9
CCCCc1nn(-c2ccccc2C(F)(F)F)c(=O)n1Cc1ccc(cc1)-c1ccccc1S(=O)(=O)NC(=O)c1c(C)cccc1C,5.9
CCc1nc2c(C)cc(C)nc2n1Cc1ccc(cc1)-c1ccccc1C1=NS(=O)N(N1)c1ccccc1,6
CCCCC1=NC2(CCCC2)C(=O)N1Cc1ccc(cc1)-c1ccccc1-c1nnn[nH]1,6
CCCCc1nn(Cc2c(F)c(F)c(F)c(F)c2F)c(=O)n1Cc1ccc(cc1)-c1ccccc1-c1nnn[nH]1,6
CCCCc1nc(Cl)c(C(O)=O)n1Cc1ccc(cc1)-c1ccccc1-c1nnn[nH]1,6
CCCCc1nc(Cl)c(CO)n1Cc1ccc(cc1)-c1ccccc1-c1nnn[nH]1,6
CCCCc1nn(Cc2c(F)c(F)c(F)c(F)c2F)c(=O)n1Cc1ccc(cc1)-c1ccccc1-c1nnn[nH]1,6
CCCCc1nc2ccc(cc2c(=O)n1Cc1ccc(cc1)-c1ccccc1-c1nnn[nH]1)C(C)(C)OC,6
CCCc1nc(CNC(=O)OC(C)(C)C)c(C(O)=O)n1Cc1ccc(cc1)-c1ccccc1-c1nnn[nH]1,6
CCCCCC(=O)NS(=O)(=O)c1ccccc1-c1ccc(Cn2c(CCC)nc(CN3CCN(CC3)c3ccccn3)c2C(O)=O)cc1,6
CCCc1nc(CC)c(C(O)=O)n1Cc1ccc(cc1)-c1ccccc1-c1nnn[nH]1,6
CCc1cc(OCc2ccc(c(c2)C(C)=O)-c2ccccc2-c2nnn[nH]2)c2CCCCc2n1,6
CCc1nc2c(C)cc(C)nc2n1Cc1ccc(OC(C(O)=O)c2ccccc2C)cc1,6
CCc1nc2c(C)cc(C)nc2n1Cc1cc(I)c(O)c(I)c1,6
CCCCc1nc2ccccc2c(=O)n1Cc1ccc(cc1)-c1ccccc1-c1nnn[nH]1,6
CCCCc1ncc(C(O)=O)n1Cc1ccc(cc1)-c1ccccc1NS(=O)(=O)NC(=O)c1ccccc1,6
Cc1cc(OCc2ccc(cc2)-c2ccccc2-c2nnn[nH]2)c(C(=O)c2ccccc2)c(C)n1,6
Cc1cc(OCc2ccc(cc2)-c2ccccc2-c2nnn[nH]2)c(c(C)n1)-c1ccccc1,6
CCCCc1nc(Cl)c(C(O)=O)n1Cc1ccc(cc1)-c1ccccc1-c1nnn[nH]1,6
CCCCc1nc(Cl)c(C(O)=O)n1Cc1ccc(cc1)-c1ccccc1-c1nnn[nH]1,6
Cn1nnnc1-c1ccccc1-c1ccc(Cn2cnc3ccc(cc3c2=O)N(Cc2ccc(O)cc2)C(=O)c2ccccc2)cc1,6
CCCCC(=O)N(Cc1ccc(cc1)-c1ccccc1-c1nnn[nH]1)[C@@H](C(C)C)C(N)=O,6
CCCc1nc(CC)c(C(O)=O)n1Cc1ccc(cc1)-c1ccccc1-c1nnn[nH]1,6
CCCCOC(=O)NS(=O)(=O)c1ccccc1-c1ccc(Cn2c(CCC)nc(CN3CCN(CC3)c3ccccn3)c2C(O)=O)cc1,6
CCCc1nc(CN2CCN(CC2)c2ccccn2)c(C(O)=O)n1Cc1ccc(cc1)-c1ccccc1S(=O)(=O)NC(=O)c1ccccc1,6
CCOCC(=O)Nc1ccc(Cl)c(c1)-n1nc(CC)n(Cc2ccc(cc2F)-c2ccccc2S(=O)(=O)NC(=O)OC(C)(C)C)c1=O,6.1
CCCCc1nnc(SC(C(=O)OC)c2ccccc2)n1Cc1ccc(NC(=O)c2ccccc2C(O)=O)cc1,6.1
CCCCc1nnc(SC(C(=O)OC)c2ccccc2)n1Cc1ccc(NC(=O)c2ccccc2C(O)=O)cc1,6.1
CCCCN1C(=O)N(\C(=C/c2cnc(CCCC)n2Cc2ccc(cc2)C(=O)OC)C1=O)c1ccccc1,6.1
CCCCc1nc(C)c(CC(=S)N2CCCCCC2)c(=O)n1Cc1ccc(cc1)-c1ccccc1-c1nnn[nH]1,6.11
CCCc1cc2ncnn2c(=O)n1Cc1ccc(cc1)-c1ccccc1-c1nnn[nH]1,6.2
CCCCc1ncc(C(O)=O)n1Cc1ccc(cc1)-c1ccccc1S(=O)(=O)NC(=O)c1ccccc1,6.2
OC(=O)C(F)(F)F.OC(=O)C(F)(F)F.OC(=O)C(F)(F)F.OC(=O)C(F)(F)F.CC[C@H](C)[C@H](NC(=O)[C@H](Cc1ccc(O)cc1)NC(=O)[C@@H](NC(=O)[C@H](CCCN\C(N)=N\C(=O)NCCCCN)NC(=O)[C@@H](N)CC(O)=O)C(C)C)C(=O)N[C@@H](Cc1cnc[nH]1)C(=O)N1CCC[C@H]1C(=O)N[C@@H](Cc1ccccc1)C(O)=O,6.2
CCOc1nc2c(C)cc(cc2n1Cc1ccc(cc1)-c1ccccc1-c1nnn[nH]1)C(=O)NC[C@@H](C)c1ccccc1,6.3
CCCCc1nc2ccc(NC(=O)OCC(C)C)cc2c(=O)n1Cc1ccc(cc1)-c1ccccc1-c1nnn[nH]1,6.4
CCCCCN(C(=O)c1ccc(SC)cc1)c1ccc2ncn(Cc3ccc(cc3)-c3ccccc3-c3nnnn3C)c(=O)c2c1,6.4
CCCCCc1nc2ccc(C)cc2c(=O)n1Cc1ccc(cc1)-c1ccccc1-c1nnn[nH]1,6.4
CCCCN1C(=O)N(CCCC(F)(F)F)\C(=C/c2cnc(CCCC)n2Cc2ccc(cc2)C(=O)OC)C1=O,6.4
CCCCc1cn(CCCC)c(=O)n1Cc1ccc(nc1)-c1ccccc1-c1nnn[nH]1,6.5
CCc1nc2c(C)cc(C)nc2n1Cc1ccc(cc1)-c1ccccc1C1=Nc2cc(Cl)c(cc2S(=O)(=O)N1)S(N)(=O)=O,6.5
CCc1nn(Cc2ccc(cc2)-c2ccccc2-c2nnn[nH]2)c(=NC(=O)C2CC2)s1,6.5
Cn1nnnc1-c1ccccc1-c1ccc(Cn2cnc3ccc(cc3c2=O)N(Cc2ccc(cc2)C(O)=O)C(=O)c2ccccc2)cc1,6.5
CCCCc1nc(CCCC)n(Cc2ccc(cc2)-c2ccccc2-c2nnn[nH]2)n1,6.5
CCCCc1nn(-c2ccccc2OC)c(=O)n1Cc1ccc(cc1)-c1ccccc1-c1nnn[nH]1,6.6
CCCCc1ncc(\C=C2/N(CCC(C)C)C(=O)NC2=O)n1Cc1ccc(cc1)C(O)=O,6.6
CCCCc1nn(-c2ccccc2OC)c(=O)n1Cc1ccc(cc1)-c1ccccc1-c1nnn[nH]1,6.6
CCCCc1nnc(SCc2ccc(cc2)[N+]([O-])=O)n1Cc1ccc(NC(=O)c2ccccc2-c2nnn[nH]2)cc1,6.6
CCCCc1nn(-c2ccccc2OC)c(=O)n1Cc1ccc(cc1)-c1ccccc1-c1nnn[nH]1,6.6
CCCCc1nnc(SCc2ccc(cc2)[N+]([O-])=O)n1Cc1ccc(cc1)-c1ccccc1-c1nnn[nH]1,6.6
CCCCC1=NC(Cl)C(CO)N1Cc1ccc(cc1)-c1ccccc1-c1nnn[nH]1,6.7
Cn1nnnc1-c1ccccc1-c1ccc(Cn2cnc3ccc(cc3c2=O)N(Cc2ccccn2)C(=O)c2ccccc2)cc1,6.7
CCCCc1nn(c(C(=O)OCC)c1Cc1ccc(cc1)-c1ccccc1-c1nnn[nH]1)-c1ccc(Cl)cc1Cl,6.7
CCCCc1nc(Cl)c(CO)n1Cc1ccc(cc1)-c1ccccc1-c1nnn[nH]1,6.7
CCc1nc2c(C)cn(Cc3ccccc3C)c(=O)c2n1[C@H]1CCc2cc(ccc12)-c1ccccc1-c1nnn[nH]1,6.8
CCCCc1nc(CCCC)n(Cc2ccc(cn2)-c2ccccc2-c2nnn[nH]2)n1,6.8
CCCCc1nnc(SCc2ccc(Cl)cc2)n1Cc1ccc(NC(=O)c2ccccc2-c2nnn[nH]2)cc1,6.8
CCCCc1nnc(SCc2ccc(Cl)cc2)n1Cc1ccc(NC(=O)c2ccccc2C(O)=O)cc1,6.8
CCCc1cc(Cn2c(CC)nc3c(C)cc(C)nc23)cc(CCC)c1OC(C(O)=O)c1cccc(c1)-c1ccccc1,6.8
CCc1nc2c(C)cc(CC)nc2n1[C@H]1CCc2cc(ccc12)-c1ccccc1-c1nnn[nH]1,6.8
CCCCc1nnc(SCc2ccc(Cl)cc2)n1Cc1ccc(NC(=O)c2ccccc2C(O)=O)cc1,6.8
CCCCc1nnc(SCc2ccc(Cl)cc2)n1Cc1ccc(NC(=O)c2ccccc2-c2nnn[nH]2)cc1,6.8
CCCCc1nc2cccc(C(O)=O)c2n1Cc1ccc(cc1)-n1cccc1-c1nnn[nH]1,6.9
CCc1nc2c(C)cc(C)nc2n1Cc1ccc(cc1)-c1c(cnc2ccccc12)-c1nnn[nH]1,6.9
CCCCc1nc(CCCC)n(Cc2ccc(nc2)-c2ccccc2-c2nnn[nH]2)n1,6.9
CCCc1nc(CO)c(C(O)=O)n1Cc1ccc(cc1)-c1ccccc1-c1nnn[nH]1,6.9
CCc1nc2c(C)cc(C)nc2n1Cc1ccc(cc1)-c1c(cnc2ccccc12)-c1nnn[nH]1,6.9
CCCCc1nc(CCCC)n(Cc2ccc(nc2)-c2ccccc2-c2nnn[nH]2)n1,6.9
CCc1cc(OCc2ccc(c(Cl)c2)-c2ccccc2-c2nnn[nH]2)c2CCCCc2n1,7
CCc1nc2c(C)cn(Cc3ccccc3C#N)c(=O)c2n1[C@H]1CCc2cc(ccc12)-c1ccccc1-c1nnn[nH]1,7
CCCCCN(C(=O)c1ccccc1)c1ccc2nc(CCC)n(Cc3ccc(cc3)-c3ccccc3-c3nnn[nH]3)c(=O)c2c1,7
CCCCc1nn(C(C)C)c(=O)n1Cc1ccc(cc1)-c1ccccc1S(=O)(=O)NC(=O)c1ccccc1,7
CCCCc1nc(Cl)c(C(O)=O)n1Cc1ccc(cc1)-c1ccccc1-n1cnnn1,7
CCCCc1nc2ccc(SC)cc2c(=O)n1Cc1ccc(cc1)-c1ccccc1-c1nnn[nH]1,7
CCCCc1nnc(SCc2ccccc2)n1Cc1ccc(NC(=O)c2ccccc2-c2nnn[nH]2)cc1,7.1
CCCCN1C(=O)NC(=O)\C1=C\c1cnc(CCCC)n1Cc1ccc(cc1)-c1nn[nH]n1,7.1
CCCCc1ncc(\C=C2/N(Cc3cccs3)C(=O)NC2=O)n1Cc1ccc(cc1)C(=O)OC,7.1
CCCCc1nnc(SCc2ccccc2)n1Cc1ccc(cc1)-c1ccccc1-c1nnn[nH]1,7.1
CCCCCN(C(=O)c1ccc(cc1)S(C)(=O)=O)c1ccc2ncn(Cc3ccc(cc3)-c3ccccc3-c3nnnn3C)c(=O)c2c1,7.2
CCc1nn(Cc2ccc(cc2)-c2ccccc2-c2nnn[nH]2)c(=NC(C)=O)s1,7.2
CCc1nc2ccc(NC(=O)NC(C)C)cc2c(=O)n1Cc1ccc(cc1F)-c1ccccc1S(=O)(=O)NC(=O)OCCC1CC1,7.2
CCCCC1=NC2(CCCCC2)C(=O)N1Cc1ccc(cc1)-c1ccccc1C(O)=O,7.2
CCCCC1=NC(C)(C(C)C)C(=O)N1Cc1ccc(cc1)-c1ccccc1C(O)=O,7.3
CCCCc1ncc(\C=C(/Cc2cccs2)C(O)=O)n1Cc1ccc(cc1)C(O)=O,7.3
CCOc1nc2c(C)cc(cc2n1Cc1ccc(cc1)-c1ccccc1C(O)=O)C(=O)NC[C@H](C)c1ccccc1,7.3
CCCCc1nc2ccc(cc2c(=O)n1Cc1ccc(cc1)-c1ccccc1S(=O)(=O)NC(=O)C1CC1)N(C)C(=O)OCC(C)C,7.4
CCCCc1nnc(n1Cc1ccc(NC(=O)c2ccccc2C(O)=O)cc1)S(=O)Cc1ccc(OC)cc1,7.4
CCCCc1ncc(C(O)=O)n1Cc1ccc(cc1)-c1ccccc1NS(=O)(=O)NC(=O)C1CC1,7.4
CCCCc1nn(CCCOC(=O)N(C)c2ccccc2)c(=O)n1Cc1ccc(cc1)-c1ccccc1-c1nnn[nH]1,7.4
CCCCc1nnc(n1Cc1ccc(NC(=O)c2ccccc2C(O)=O)cc1)S(=O)Cc1ccc(OC)cc1,7.4
CCCCC(=O)N(Cc1ccc(cc1)-c1ccccc1-c1nnn[nH]1)[C@@H](C(C)C)C(O)=O,7.4
CCCCc1nc(Cl)c(C(O)=O)n1Cc1ccc(cc1)-c1ccccc1-c1nnn[nH]1,7.5
Cn1nnnc1-c1ccccc1-c1ccc(Cn2cnc3ccc(cc3c2=O)N(Cc2ccccn2)C(=O)c2ccco2)cc1,7.5
CCCCCc1cc(c(s1)S(=O)(=O)NC(=O)c1ccccc1)-c1ccc(Cn2c(CC)nc3c(C)cc(C)nc23)cc1,7.5
Cn1nnnc1-c1ccccc1-c1ccc(Cn2cnc3ccc(cc3c2=O)N(Cc2ccccn2)C(=O)c2ccco2)cc1,7.5
CCCCC1=NC(C)(C2CCCC2)C(=O)N1Cc1ccc(cc1)-c1ccccc1-c1nnn[nH]1,7.6
CCCCc1nnc(SCc2ccc(C)cc2)n1Cc1ccc(NC(=O)c2ccccc2C(O)=O)cc1,7.6
CCc1nc2c(C)cc(C)nc2n1[C@H]1CCc2cc(ccc12)-c1ccccc1-c1nnn[nH]1,7.6
CCCCc1nnc(SCc2ccc(C)cc2)n1Cc1ccc(NC(=O)c2ccccc2C(O)=O)cc1,7.6
CCCCc1nc2ccc(cc2c(=O)n1Cc1ccc(cc1)-c1ccccc1-c1nnn[nH]1)S(C)(=O)=O,7.6
CCCCc1nn(-c2ccccc2F)c(=O)n1Cc1ccc(cc1)-c1ccccc1-c1nnn[nH]1,7.7
CCCCc1nn(C(C)C)c(=O)n1Cc1ccc(cc1)-c1ccccc1-c1nnn[nH]1,7.7
CCCCc1nn(C(C)C)c(=O)n1Cc1ccc(cc1)-c1ccccc1-c1nnn[nH]1,7.7
CCCCc1nn(-c2ccccc2F)c(=O)n1Cc1ccc(cc1)-c1ccccc1-c1nnn[nH]1,7.7
CCCc1nc2c(C)cc(C)nc2n1Cc1ccc(cc1)-c1c(C(O)=O)c(Cl)nc2ccccc12,7.7
CCCCc1nn(C(C)C)c(=O)n1Cc1ccc(cc1)-c1ccccc1-c1nnn[nH]1,7.7
CCCCc1nn(-c2ccccc2F)c(=O)n1Cc1ccc(cc1)-c1ccccc1-c1nnn[nH]1,7.7
CCCc1nc(c(C(O)=O)n1Cc1ccc(cc1)-c1ccccc1-c1nnn[nH]1)C(C)(C)O,7.7
CCCCc1nn2c(C)c(C)nc2n1Cc1ccc(cc1)-c1ccccc1-c1nnn[nH]1,7.8
CCCCc1nn(CC(=O)c2ccccc2)c(=O)n1Cc1ccc(cc1)-c1ccccc1-c1nnn[nH]1,7.9
CCc1cc(OCc2ccc(c(OC)c2)-c2ccccc2-c2nnn[nH]2)c2CCCCc2n1,8
CCCc1cc(Cn2c(CC)nc3c(C)cc(C)nc23)ccc1OC(C(O)=O)c1ccccc1Cl,8
CCCCN1C(=O)N(Cc2cscn2)\C(=C/c2cnc(CCCC)n2Cc2ccc(cc2)C(=O)OC)C1=O,8
CCCCN1C(=O)N(Cc2csc(C)n2)\C(=C/c2cnc(CCCC)n2Cc2ccc(cc2)C2(CCCC2)C(O)=O)C1=O,8
CCCCN(Cc1ccccc1)C(=O)c1ccc(COC(=O)c2c(CC)nc(CCC)n2Cc2ccc(cc2)-c2ccccc2-c2nnn[nH]2)cc1,8
CCCC1=NC2(CCOCC2)C(=O)N1Cc1ccc(cc1)-c1ccccc1-c1nnn[nH]1,8
CCCCc1nc2ccc(cc2c(=O)n1Cc1ccc(cc1)-c1ccccc1S(=O)(=O)NC(=O)c1cccs1)C(C)C,8
CCCCC1=NC(Cl)C(CO)N1Cc1ccc(cc1)-c1ccccc1-c1nnn[nH]1,8
CCCc1nc(CN(Cc2ccccc2)C(=O)c2ccccc2)c(C(O)=O)n1Cc1ccc(cc1)-c1ccccc1S(=O)(=O)NC(=O)OCC(C)C,8
CCCCc1nc2ccc(NC(=O)N(C)C)cc2n1Cc1ccc(cc1)-c1ccccc1-c1nnn[nH]1,8
CCCCc1nn(c(C(=O)OCC)c1Cc1ccc(cc1)-c1ccccc1-c1nnn[nH]1)-c1c(Cl)cccc1Cl,8
CCc1cc(OCc2ccc(cc2)-c2ccccc2-c2nnn[nH]2)c2CCCc2n1,8
CCc1cc(OCc2ccc(cc2)-c2ccccc2-c2nnn[nH]2)c(C(C)=O)c(C)n1,8
CCCc1nc(CC)c(C=O)n1Cc1ccc(cc1)-c1ccccc1-c1nnn[nH]1,8
CCCCc1nc2ccc(NCc3ccccc3)cc2c(=O)n1Cc1ccc(cc1)-c1ccccc1-c1nnn[nH]1,8
CCc1nc2c(C)cc(C)nc2n1Cc1cc(Br)c(O)c(Br)c1,8
CCCc1nc(c(C(O)=O)n1Cc1ccc(cc1)-c1ccccc1-c1nnn[nH]1)C(C)(C)O,8.1
CCc1nc2ccc(NC(=O)N(C)C(C)C)cc2c(=O)n1Cc1ccc(cc1F)-c1ccccc1S(=O)(=O)NC(=O)OCCC1CC1,8.1
CCCc1nc(c(C(O)=O)n1Cc1ccc(cc1)-c1ccccc1-c1nnn[nH]1)C(C)(C)O,8.1
Cc1cc(C)c2nc(C3CC3)n([C@H]3CCc4cc(ccc34)-c3ccccc3-c3nnn[nH]3)c2n1,8.2
CCc1nc2c(C)cc(C)nc2n1Cc1ccc(cc1)N(C)C(C(O)=O)c1ccccc1,8.2
CCCCC1=NC(Cl)C(CO)N1Cc1ccc(cc1)-c1ccccc1-c1nnn[nH]1,8.2
CCCCc1nn(CCC)c(=O)n1Cc1ccc(cc1)-c1ccccc1-c1nnn[nH]1,8.2
CCCCc1nn(CCC)c(=O)n1Cc1ccc(cc1)-c1ccccc1-c1nnn[nH]1,8.2
CCCCc1nn(CCC)c(=O)n1Cc1ccc(cc1)-c1ccccc1-c1nnn[nH]1,8.2
CCCCN1C(=O)N(Cc2ccoc2)\C(=C/c2cnc(CCCC)n2Cc2ccc(cc2)C(=O)OC)C1=O,8.3
CCCCCN(C(=O)c1ccc(OCc2ccccc2)cc1)c1ccc2ncn(Cc3ccc(cc3)-c3ccccc3-c3nnnn3C)c(=O)c2c1,8.4
CCCCN1C(=O)N(Cc2cc(C)on2)\C(=C/c2cnc(CCCC)n2Cc2ccc(cc2)C(=O)OC)C1=O,8.5
CCCCN1C(=O)N(CCCC)\C(=C/c2cnc(CCCC)n2Cc2ccc(cc2)C(=O)OC)C1=O,8.5
CCCCc1nc2ccc(OC)cc2n1Cc1ccc(cc1)-c1ccccc1S(=O)(=O)Nc1onc(C)c1C,8.5
CCc1nc2c(C)cc(C)nc2n1Cc1ccc2n(Cc3ccccc3-c3nnn[nH]3)ccc2c1,8.7
CCCCCCn1nc(CCCC)n(Cc2ccc(cc2)-c2ccccc2-c2nnn[nH]2)c1=O,8.7
CCCCC1=NC2(CCCCCC2)C(=O)N1Cc1ccc(cc1)-c1ccccc1C(O)=O,8.7
CCCCNC(=O)c1ccc(c(c1)-n1nc(CC)n(Cc2ccc(cc2F)-c2ccccc2S(=O)(=O)NC(=O)OC(C)(C)C)c1=O)C(F)(F)F,8.8
CCCCc1nc(Cl)c(C(=O)OC)n1Cc1ccc(cc1)-c1ccccc1S(=O)(=O)NC(=O)c1ccccc1,8.8
CCCc1nc2ccc(NC(=O)NC(C)C)cc2c(=O)n1Cc1ccc(cc1)-c1ccccc1S(=O)(=O)NC(C)=O,8.8
CCCCc1nnc([S+]([O-])Cc2ccc(cc2)[N+]([O-])=O)n1Cc1ccc(NC(=O)c2ccccc2-c2nnn[nH]2)cc1,8.9
CCc1nc2c(C)cc(C)nc2n1Cc1ccc(cc1)-c1c(cnc2ccccc12)-c1nnn[nH]1,8.9
CCCCc1nnc(n1Cc1ccc(cc1)-c1ccccc1-c1nnn[nH]1)S(=O)Cc1ccc(cc1)[N+]([O-])=O,8.9
CCCCC(=O)Nc1ccc2nc(CCCC)n(Cc3ccc(cc3)-c3ccccc3-c3nnn[nH]3)c(=O)c2c1,8.9
CCc1cc(OCc2ccc(cc2F)-c2ccccc2-c2nnn[nH]2)c2CCCCc2n1,9
CCCCc1ncc(\C=C2/N(Cc3csc(C)n3)C(=O)N(CCC)C2=O)n1Cc1ccc(cc1)C(=O)OC,9
CCCc1nc(CC)c(C(=O)OCc2cccc(c2)C(=O)c2ccccc2)n1Cc1ccc(cc1)-c1ccccc1-c1nnn[nH]1,9
CCCC1=NC2(CCCC2)C(=O)N1Cc1ccc(cc1)-c1ccccc1S(=O)(=O)NC(=O)c1ccccc1,9
CCCc1nc(CC)c(C(=O)OCc2ccc(cc2)C(=O)c2ccccc2)n1Cc1ccc(cc1)-c1ccccc1-c1nnn[nH]1,9
CCCc1nc(CN(Cc2ccccc2)C(=O)OC(C)(C)C)c(C(O)=O)n1Cc1ccc(cc1)-c1ccccc1-c1nnn[nH]1,9
CCCCc1nc2ccc(NC(C)=O)cc2c(=O)n1Cc1ccc(cc1)-c1ccccc1-c1nnn[nH]1,9
CCCCc1nn(CC(=O)OCC)c(=O)n1Cc1ccc(cc1)-c1ccccc1-c1nnn[nH]1,9
CCCc1nc2c(C)cc(C)nc2n1Cc1ccc(cc1)-c1c(C(O)=O)c(C)nc2ccccc12,9
CCCc1cc(OCc2ccc(cc2)-c2ccccc2-c2nnn[nH]2)c(C(=O)OC)c(C)n1,9
CCCCc1nc2ccc(NC(C)=O)cc2c(=O)n1Cc1ccc(cc1)-c1ccccc1-c1nnn[nH]1,9
CCCc1ncc(C(O)=O)n1Cc1ccc(cc1)-c1ccccc1-c1nnn[nH]1,9.1
CCCCn1ncc(C(O)=O)c1Cc1ccc(cc1)-c1ccccc1-c1nnn[nH]1,9.1
CCCCc1nc2ccc(C)cc2n1Cc1ccc(cc1)-c1ccccc1S(=O)(=O)Nc1onc(C)c1C,9.1
CCCc1cc(=O)n(CC(=O)N(C)C)c(=O)n1Cc1ccc(cc1)-c1ccccc1-c1nnn[nH]1,9.3
Cn1nnnc1-c1ccccc1-c1ccc(Cn2cnc3ccc(cc3c2=O)N(Cc2ccccc2)C(=O)c2ccccn2)cc1,9.3
CCCCc1nc(C)c(CCC(O)=O)c(=O)n1Cc1ccc(cc1)-c1ccccc1-c1nnn[nH]1,9.43
CCCc1cc(Cn2c(CC)nc3c(C)cc(C)nc23)ccc1OC(C(O)=O)c1ccccc1OC,9.5
CCCc1nn(-c2ccccc2[N+]([O-])=O)c(=O)n1Cc1ccc(cc1)-c1ccccc1-c1nnn[nH]1,9.5
CCCCc1nc(c(C(O)=O)n1Cc1ccc(cc1)-c1ccccc1-c1nnn[nH]1)C(C)(C)O,9.5
CCCc1nn(-c2ccccc2[N+]([O-])=O)c(=O)n1Cc1ccc(cc1)-c1ccccc1-c1nnn[nH]1,9.5
Cn1nnnc1-c1ccccc1-c1ccc(Cn2cnc3ccc(cc3c2=O)N(CCCC(O)=O)C(=O)c2ccccc2)cc1,9.5
CCCc1nn(-c2ccccc2[N+]([O-])=O)c(=O)n1Cc1ccc(cc1)-c1ccccc1-c1nnn[nH]1,9.5
CCCCc1nn(c(C(=O)OCC)c1Cc1ccc(cc1)-c1ccccc1-c1nnn[nH]1)-c1ccccc1[N+]([O-])=O,9.5
CCCCc1ncc(\C=C2/N(Cc3csc(C)n3)C(=O)N(CSCC)C2=O)n1Cc1ccc(cc1)C(=O)OC,9.6
COC(=O)c1ccc(CN(C(=O)c2ccccc2)c2ccc3ncn(Cc4ccc(cc4)-c4ccccc4-c4nnnn4C)c(=O)c3c2)cc1,9.6
CCCCc1nc(C)c(CCC(=O)N2CCCCC2)c(=O)n1Cc1ccc(cc1)-c1ccccc1-c1nnn[nH]1,9.62
Cn1nnnc1-c1ccccc1-c1ccc(Cn2cnc3ccc(cc3c2=O)N(Cc2ccccn2)C(=O)c2ccncc2)cc1,9.7
CCCCc1nc2cccc(C(=O)OC)c2n1Cc1ccc(cc1)-n1cccc1-c1nnn[nH]1,9.8
CCCCc1nc(Cl)c(CO)n1Cc1ccc(cc1)-c1ccccc1-c1nn[n-]n1,9.8
CCCCc1nn(CCCCCC(=O)OCC)c(=O)n1Cc1ccc(cc1)-c1ccccc1-c1nnn[nH]1,9.8
CCCCc1nc2ccc(Cl)cc2n1Cc1ccc(cc1)-c1ccccc1S(=O)(=O)Nc1onc(C)c1C,9.8
CCCCN1C(=O)N(Cc2ccc(OC)cc2)\C(=C/c2cnc(CCCC)n2Cc2ccc(cc2)C(=O)OC)C1=O,9.8
CCCCN1C(=O)NC(=O)\C1=C/c1cnc(CCCC)n1Cc1ccc(cc1)-c1ccccc1C(=O)OC,9.9
CCCCc1nc2ccccc2n1Cc1ccc(cc1)-c1ccccc1S(=O)(=O)Nc1onc(C)c1C,9.9
CCc1nc2c(C)cc(C)nc2n1Cc1ccc(OC(C(O)=O)c2ccccc2Cl)cc1,10
CCCCN1C(=O)N(Cc2ccno2)\C(=C/c2cnc(CCCC)n2Cc2ccc(cc2)C(=O)OC)C1=O,10
CCc1nc2c(C)cc(C)nc2n1Cc1ccc(cc1)-c1cc(Cc2ccccc2)sc1S(=O)(=O)NC(=O)c1ccccc1,10
CCCCc1nnc(n1Cc1ccc(cc1)-c1ccccc1-c1nnn[nH]1)S(=O)Cc1ccccc1C(O)=O,10
CCCCc1nn(C(C)CC)c(=O)n1Cc1ccc(cc1)-c1ccccc1-c1nnn[nH]1,10
CCN(C(C(O)=O)c1ccccc1)c1ccc(Cn2c(CC)nc3c(C)cc(C)nc23)cc1C,10
CCCCc1nn(CC)c(=O)n1Cc1ccc(cc1)-c1ccccc1-c1nnn[nH]1,10
CCCCc1nn(Cc2ccc(cc2)-c2ccccc2-c2nnn[nH]2)c(=O)n1Cc1ccc(cc1)-c1ccccc1-c1nnn[nH]1,10
CCc1nc2c(C)cc(C)nc2n1Cc1ccc(cc1)-c1ccccc1C(O)=O,10
CCCCC1=NC(Cl)C(CO)N1Cc1ccc(cc1)-c1ccccc1-c1nnn[nH]1,10
CCc1nc2ccc(NC(=O)N(C)C(C)C)cc2c(=O)n1Cc1ccc(cc1F)-c1ccccc1S(=O)(=O)NC(=O)OCCC(C)C,10
CCCCC1=NC2(CCCC2)C(=O)N1Cc1ccc(cc1)-c1ccccc1C(O)=O,10
CCCCc1nc2cccc(F)c2c(=O)n1Cc1ccc(cc1)-c1ccccc1-c1nnn[nH]1,10
CCCc1nc2ccc(C)cc2c(=O)n1Cc1ccc(cc1)-c1ccccc1-c1nnn[nH]1,10
CCCCc1nc2ccccc2c(=O)n1Cc1ccc(cc1)-c1ccccc1-c1nnn[nH]1,10
CCCCc1nc2ccc(cc2n1Cc1ccc(cc1)-c1ccccc1-c1nnn[nH]1)N(C)C(=O)NC1CCCCC1,10
CCCc1nc(CN2CCN(CC2)C(=O)C2CC2)c(C(O)=O)n1Cc1ccc(cc1)-c1ccccc1-c1nnn[nH]1,10
CCCCN(Cc1ccccc1)C(=O)C#CCOC(=O)c1c(CC)nc(CCC)n1Cc1ccc(cc1)-c1ccccc1-c1nnn[nH]1,10
CCCCc1nn(-c2ccccc2C(F)(F)F)c(=O)n1Cc1ccc(cc1)-c1cc(CCC)ccc1S(=O)(=O)NC(=O)OC(C)(C)C,10
CCCCN(Cc1ccccc1)C(=O)CCCOC(=O)c1c(CC)nc(CCC)n1Cc1ccc(cc1)-c1ccccc1-c1nnn[nH]1,10
CCCc1nc(CN2CCN(CC2)C(=O)C(c2ccccc2)c2ccccc2)c(C(O)=O)n1Cc1ccc(cc1)-c1ccccc1-c1nnn[nH]1,10
CCCc1nc(CN2CCN(CC2)c2ccccn2)c(C(O)=O)n1Cc1ccc(cc1)-c1ccccc1S(=O)(=O)NC(=O)C1CC1,10
CCCc1nc(CN2CCN(CC2)c2ccccn2)c(CO)n1Cc1ccc(cc1)-c1ccccc1-c1nnn[nH]1,10
CCCc1nc(CNC(=O)C(c2ccccc2)c2ccccc2)c(C(O)=O)n1Cc1ccc(cc1)-c1ccccc1-c1nnn[nH]1,10
CCCc1nc(CN2CCN(C[C@H]2Cc2ccccc2)c2ccccc2)c(C(O)=O)n1Cc1ccc(cc1)-c1ccccc1-c1nnn[nH]1,10
CCc1cc(c(s1)S(=O)(=O)NC(=O)c1ccccc1)-c1ccc(Cn2c(CC)nc3c(C)cc(C)nc23)cc1,10
CC[C@H](C)[C@H](NC(=O)[C@H](Cc1ccc(O)cc1)NC(=O)[C@@H](NC(=O)[C@H](CCCNC(N)=N)NC(=O)[C@@H](N)CC(O)=O)C(C)C)C(=O)N[C@@H](Cc1cnc[nH]1)C(=O)N1CCC[C@H]1C(=O)N[C@@H](Cc1ccccc1)C(O)=O,10
CCCCc1nn(CC)c(=O)n1Cc1ccc(cc1)-c1ccccc1-c1nnn[nH]1,10
CCCCc1nc2ccc(Br)cc2n1Cc1ccc(cc1)-c1ccccc1S(=O)(=O)Nc1onc(C)c1C,10
CCCc1nc2c(C)cc(cc2n1Cc1ccc(cc1)-c1ccccc1C(O)=O)C(=O)NCCCN1CCOCC1,10
CCCCc1nnc([S+]([O-])Cc2ccccc2C(O)=O)n1Cc1ccc(NC(=O)c2ccccc2-c2nnn[nH]2)cc1,10
CCCCc1nn(CC)c(=O)n1Cc1ccc(cc1)-c1ccccc1-c1nnn[nH]1,10
CC(C)c1nc2c(C)cc(C)nc2n1[C@H]1CCc2cc(ccc12)-c1ccccc1-c1nnn[nH]1,10.2
CCCCc1nc2ccc(F)cc2n1Cc1ccc(cc1)-c1ccccc1S(=O)(=O)Nc1onc(C)c1C,10.5
CCc1nc2c(C)cc(CC(C)C)nc2n1[C@H]1CCc2cc(ccc12)-c1ccccc1C(O)=O,10.5
CCc1nc2c(C)cc(C)nc2n1Cc1ccc(cc1)-c1ccccc1C1=NS(=O)N(N1)c1ccccc1Br,11
CCCCc1ncc(\C=C2/N(Cc3csc(C)n3)C(=O)N(CC)C2=O)n1Cc1ccc(cc1)C(=O)OC,11
CCCc1cc(Cn2c(CC)nc3c(C)cc(C)nc23)ccc1OC(C(O)=O)c1ccccc1,11
CCCc1cc(Cn2c(CC)nc3c(C)cc(C)nc23)ccc1OC(C(O)=O)c1ccccc1C,11
CCCCCN(C(=O)c1ccccc1)c1ccc2nc(CCC)n(Cc3ccc(cc3)-c3ccccc3S(=O)(=O)NC(=O)c3ccccc3)c(=O)c2c1,11
CCCc1nc2c(C)cc(nc2n1Cc1cc(Br)c(O)c(Br)c1)C(O)=O,11
Cn1nnnc1-c1ccccc1-c1ccc(Cn2cnc3ccc(cc3c2=O)N(Cc2ccccc2)C(=O)c2cccnc2)cc1,11
CCCCc1nnc(n1Cc1ccc(cc1)-c1ccccc1-c1nnn[nH]1)S(=O)Cc1ccc(Cl)cc1,11
CCCCc1nn(-c2ccccc2Cc2ccccc2)c(=O)n1Cc1ccc(cc1)-c1ccccc1-c1nnn[nH]1,11
CCCCc1nn(Cc2ccccc2C)c(=O)n1Cc1ccc(cc1)-c1ccccc1-c1nnn[nH]1,11
CCCCc1nn(C(C)C(=O)OC)c(=O)n1Cc1ccc(cc1)-c1ccccc1-c1nnn[nH]1,11
CCCCc1nn(Cc2ccccc2C(=O)OC)c(=O)n1Cc1ccc(cc1)-c1ccccc1-c1nnn[nH]1,11
CCCCc1nn(CCCc2ccccc2)c(=O)n1Cc1ccc(cc1)-c1ccccc1-c1nnn[nH]1,11
CCCc1nc2c(C)cc(C)nc2n1Cc1ccc(cc1)-c1c(cnc2ccccc12)C(O)=O,11
CCCCc1nc(Cl)c2[C@H](CC[C@@H](c3ccc(cc3)-c3ccccc3-c3nnn[nH]3)n12)N1C(=O)CCC1=O,11
CCCCc1nc(Cl)c(C(O)=O)n1Cc1ccc(cc1)-c1ccccc1-c1nnn[nH]1,11
CCCc1nc2ccc(cc2n1Cc1ccc(cc1)-c1ccccc1-c1nnn[nH]1)-c1ccccn1,11
CCCc1nc(C)c(C(O)=O)n1Cc1ccc(cc1)-c1ccccc1-c1nnn[nH]1,11
CCc1nc2c(C)cc(C)nc2n1Cc1ccc-2c(c1)C(Cc1nnn[nH]1)c1ccccc-21,11
Cc1nc(nc2N(Cc3ccc(cc3)-c3ccccc3-c3nnn[nH]3)C(=O)CCc12)C(O)=O,11
CCOc1nc2cccc(C(O)=O)c2n1Cc1ccc(cc1)-c1ccccc1-c1nnn[nH]1,11
CCc1nc2c(C)cc(C)nc2n1Cc1ccc-2c(c1)C(Cc1nnn[nH]1)c1ccccc-21,11
CCCCc1nc2ccc(cc2n1Cc1ccc(cc1)-c1ccccc1S(=O)(=O)Nc1onc(C)c1C)C(F)(F)F,11
CCCCc1nc(C(C)C)c(CC(=S)N2CCCC2)c(=O)n1Cc1ccc(cc1)-c1ccccc1-c1noc(=O)[nH]1,11
CCCc1nc2c(C)cc(cc2n1Cc1ccc(cc1)-c1ccccc1C(O)=O)C(=O)NCCN1CCOCC1,11
CCCCc1nnc(n1Cc1ccc(NC(=O)c2ccccc2-c2nnn[nH]2)cc1)S(=O)Cc1ccc(Cl)cc1,11
CCCCc1nn(-c2ccccc2Cc2ccccc2)c(=O)n1Cc1ccc(cc1)-c1ccccc1-c1nnn[nH]1,11
CCCCc1nn(-c2ccccc2Cc2ccccc2)c(=O)n1Cc1ccc(cc1)-c1ccccc1-c1nnn[nH]1,11
CCCCc1nn(Cc2ccccc2C)c(=O)n1Cc1ccc(cc1)-c1ccccc1-c1nnn[nH]1,11
CCCCc1nn(Cc2ccccc2C)c(=O)n1Cc1ccc(cc1)-c1ccccc1-c1nnn[nH]1,11
CCCCc1nn(Cc2ccccc2C(=O)OC)c(=O)n1Cc1ccc(cc1)-c1ccccc1-c1nnn[nH]1,11
CCCCc1nn(Cc2ccccc2C(=O)OC)c(=O)n1Cc1ccc(cc1)-c1ccccc1-c1nnn[nH]1,11
CS(=O)(=O)n1c(c(C(O)=O)c2ccccc12)-c1ccccc1,11
CCCCN1C(=O)N(Cc2ccc(cc2)C#N)\C(=C/c2cnc(CCCC)n2Cc2ccc(cc2)C(=O)OC)C1=O,11
CCCCN1C(=O)N(C=C(C)C)\C(=C/c2cnc(CCCC)n2Cc2ccc(cc2)C(=O)OC)C1=O,11
CCCCOC(=O)NS(=O)(=O)c1ccccc1-c1ccc(Cn2c(CC)nc3cc(NC(=O)CCCC)cnc23)cc1,11.5
CCCCc1nc2ccc(cc2c(=O)n1Cc1ccc(cc1)-c1ccccc1-c1nnn[nH]1)C(F)(F)F,12
CCCCc1nc2ccc(I)cc2c(=O)n1Cc1ccc(cc1)-c1ccccc1-c1nnn[nH]1,12
CCCCc1nc2ccc(I)cc2c(=O)n1Cc1ccc(cc1)-c1ccccc1-c1nnn[nH]1,12
CCCc1nc(CC)c(C=O)n1Cc1ccc(cc1)-c1ccccc1S(=O)(=O)NC(=O)C1CC1,12
CCCCc1cc(Cn2c(CC)nc3c(C)cc(C)nc23)ccc1OC(C(O)=O)c1ccccc1,12
CCc1nc2c(C)cc(C)nc2n1Cc1ccc(OC(C(O)=O)c2ccccc2)c(CC)c1,12
CCCN(C(C(O)=O)c1ccccc1)c1ccc(Cn2c(CC)nc3c(C)cc(C)nc23)cc1C,12
CCCCc1nn(Cc2cccc(C)c2)c(=O)n1Cc1ccc(cc1)-c1ccccc1-c1nnn[nH]1,12
CCCCc1nn(C(C(=O)OC)c2ccccc2)c(=O)n1Cc1ccc(cc1)-c1ccccc1-c1nnn[nH]1,12
CCCCc1nn(CC(=O)c2ccccc2)c(=O)n1Cc1ccc(cc1)-c1ccccc1-c1nnn[nH]1,12
CCCCc1nn(C2CCCC2O)c(=O)n1Cc1ccc(cc1)-c1ccccc1-c1nnn[nH]1,12
CCCCc1nn(CC(OC)c2ccccc2)c(=O)n1Cc1ccc(cc1)-c1ccccc1-c1nnn[nH]1,12
CCCCc1nn(CCCCC(O)=O)c(=O)n1Cc1ccc(cc1)-c1ccccc1-c1nnn[nH]1,12
CCCc1nc(CC)c(C(O)=O)n1Cc1ccc(cc1)-c1ccccc1-c1nnn[nH]1,12
CCCc1nc2c(C)cc(C)nc2n1Cc1ccc(cc1)-c1c(cnc2ccccc12)-c1nnn[nH]1,12
CN(C)C(=O)Nc1ccc2nc(C)n(Cc3ccc(cc3F)-c3ccccc3S(=O)(=O)NC(=O)OCCC3CC3)c(=O)c2c1,12
CCNC(=O)Nc1ccc2nc(CC)n(Cc3ccc(cc3F)-c3ccccc3S(=O)(=O)NC(=O)OCCC3CC3)c(=O)c2c1,12
CCCCC1=NC(C)(C2CCCCC2)C(=O)N1Cc1ccc(cc1)-c1ccccc1C(O)=O,12
CCCCC1=NC2(CCCC2)C(=O)N1Cc1ccc(c(CN2CCC(C)(C)C2=O)c1)-c1ccccc1S(=O)(=O)Nc1onc(C)c1C,
CCc1nn(Cc2ccc(cc2)-c2ccccc2-c2nn[nH]n2)\c(=N\C(=O)c2ccccc2C(F)(F)F)s1,
CCOc1nc(CC)c(CNC(=O)[C@@H](S)CC(C)C)n1Cc1ccc(cc1)-c1ccccc1C(O)=O,
CCCCc1nc(Cl)c(C[O-])n1Cc1cccc2n(ccc12)-c1ccccc1-c1nnn[nH]1,
CCCCc1nc(C2CC2)c(CNC(=O)[C@@H](CS)CC(C)C)n1Cc1ccc(cc1)-c1ccccc1C(O)=O,
CCCCc1nc(Cl)c(C(=O)OCC(=O)N(CC)CC)n1Cc1cccc2n(ccc12)-c1ccccc1-c1nn[n-]n1,
CCCCOC(=O)NS(=O)(=O)c1sc(CC(C)C)cc1-c1ccc(cc1)C(=O)NC1CCCCC1,
CCCCOC(=O)NS(=O)(=O)c1sc(CC(C)C)cc1-c1ccc(cc1)C(=O)N1CCCC1,
CCCCOC(=O)NS(=O)(=O)c1sc(CC(C)C)cc1-c1ccc(CC(=O)N(C)C)cc1,
CCc1nn(Cc2ccc(cc2)-c2ccccc2-c2nn[nH]n2)\c(=N\C(=O)c2ccccc2F)s1,
CCCCOC(=O)c1c(Cl)nc(CCCC)n1Cc1cccc2n(ccc12)-c1ccccc1-c1nn[n-]n1,
CCCCc1nc(CC(C)C)c(CNC(=O)[C@@H](CS)CC(C)C)n1Cc1ccc(cc1)-c1ccccc1C(O)=O,
CCCc1nc(C)n2nc(CC)nc2c1Cc1ccc(cc1)-c1ccccc1-c1nnn[nH]1,
CCCCC1=NC(Cl)=C(C(C)N1Cc1ccc(cc1)-c1ccccc1-c1nn[n-]n1)C(=O)OCC,
CCCc1nc(c(s1)S(=O)(=O)NC(=O)OCCCC(F)(F)F)-c1ccc(Cn2c(CC)nc3c(C)cc(C)nc23)cc1,
CCCCC(=O)N(Cc1ccc2c(cc3ccccc3c(=O)c2c1)-c1nnn[nH]1)[C@@H](C(C)C)C(O)=O,
CCCCOC(=O)NS(=O)(=O)c1sc(CC(C)C)cc1-c1ccc(CN(C)C(C)=O)cc1,
CCCCc1nc(Cl)c(C(=O)OC(OC(=O)C(C)(C)C)C(C)C)n1Cc1cccc2n(ccc12)-c1ccccc1-c1nn[n-]n1,
CCCc1nc(C)n2nc(CC(=O)OCC)nc2c1Cc1ccc(cc1)-c1ccccc1-c1nnn[nH]1,
OC(=O)C(F)(F)F.OC(=O)C(F)(F)F.OC(=O)C(F)(F)F.CC[C@H](C)[C@H](NC(=O)[C@H](Cc1ccc(O)cc1)NC(=O)[C@@H](NC(=O)[C@H](CCCN\C(N)=N\C(=O)NCCCCNC(=O)CCCCC[n+]1cc(ccc1\C=C\c1cc2ccc(cc2oc1=O)N(CC)CC)S([O-])(=O)=O)NC(=O)[C@@H](N)CC(O)=O)C(C)C)C(=O)N[C@@H](Cc1cnc[nH]1)C(=O)N1CCC[C@H]1C(=O)N[C@@H](Cc1ccccc1)C(O)=O,
CCCCc1nc(Cl)c(CO)n1Cc1ccc(cc1)-c1ccccc1-c1nn[n-]n1,
CCCCC(=O)N(Cc1ccc2c(Oc3ccccc3C=C2c2nnn[nH]2)c1)[C@@H](C(C)C)C(O)=O,
CCCc1nc(C)n2[nH]c(=S)nc2c1Cc1ccc(cc1)-c1ccccc1-c1nnn[nH]1,
CCCc1nc(CO)n2[nH]c(=O)nc2c1Cc1ccc(cc1)-c1ccccc1-c1nnn[nH]1,
CCCCc1nc(Cl)c(CNC(=O)CNC(=O)C(CS)Cc2ccccc2)n1Cc1ccc(cc1)-c1ccccc1-c1nnn[nH]1,
CCCc1nc(C)n2cnnc2c1Cc1ccc(cc1)-c1ccccc1-c1nnn[nH]1,
CCCCN1N(Cc2ccc(cc2)-c2ccccc2S(=O)(=O)NC(=O)c2ccccc2)C(=O)C2(CCCC2)C1=O,
CCCCC1=NC2(CCCC2)C(=O)N1Cc1ccc(c(CN2CCC(C)(C)C2=O)c1)-c1ccccc1S(=O)(=O)Nc1onc(C)c1C,
CCCc1nc(C)n2c(n[nH]c2=O)c1Cc1ccc(cc1)-c1ccccc1-c1nnn[nH]1,
CCCCc1nc(Cl)c(CNC(=O)C(CS)CC(C)C)n1Cc1ccc(cc1)-c1ccccc1-c1nnn[nH]1,
CCCCC1=NC2(CCCC2)C(=O)N1Cc1ccc(c(CN2CCC(C)(C)C2=O)c1)-c1ccccc1S(=O)(=O)Nc1onc(C)c1C,
CN(Cc1cc(ccc1-c1ccccc1S(=O)(=O)Nc1noc(C)c1C)-c1ncco1)C(=O)CC(C)(C)C,
CCCCC1=NC2(CCCC2)C(=O)N1Cc1ccc(c(CN2CCC(C)(C)C2=O)c1)-c1ccccc1S(=O)(=O)Nc1onc(C)c1C,
CCCCN1CC2(CN1Cc1ccc(cc1)-c1ccccc1S(=O)(=O)NC(=O)c1ccccc1)C(=O)CCC2=O,
CCOc1nc2cccc(C(O)=O)c2n1Cc1ccc(cc1)-c1ccccc1-c1nnn[nH]1,
CCCCOC(=O)NS(=O)(=O)c1sc(CC(C)C)cc1-c1ccc(cc1)C(=O)NC1CC1,
CCCCOC(=O)NS(=O)(=O)c1sc(CC(C)C)cc1-c1ccc(cc1)C(=O)Nc1nccs1,
CCCc1nc(C)n2nc(nc2c1Cc1ccc(cc1)-c1ccccc1-c1nnn[nH]1)S(N)(=O)=O,
CCCCc1nc(Cl)c(CO)n1Cc1ccc(cc1)-c1ccccc1-c1nnn[nH]1,
CS(=O)(=O)n1c(c(C(O)=O)c2ccccc12)-c1ccccc1,
OC(=O)c1c(-c2ccccc2)n(C(=O)c2ccccc2)c2ccccc12,
CCCCc1nc(Cl)c(CO)n1Cc1ccc(cc1)-c1ccccc1-c1nnn[nH]1,
CCCc1nc(C)n2ncnc2c1Cc1ccc(cc1)-c1ccccc1-c1nnn[nH]1,
CCCc1nc(C)n2c(nn(CC(=O)OCC)c2=O)c1Cc1ccc(cc1)-c1ccccc1-c1nnn[nH]1,
CN(C)c1ccc(Cn2cnc3CN([C@@H](Cc23)C(O)=O)C(=O)C(c2ccccc2)c2ccccc2)cc1C,
CCCCc1nc(Cl)c(C=O)n1Cc1ccc2c(cc3ccccc3c(=O)c2c1)-c1nnn[nH]1,
Cc1cccc2nc(C3CC3)c(Oc3ccc(cc3)-c3ccccc3-c3nnn[nH]3)c(C(O)=O)c12,
CCCCc1nc(Cl)c(CO)n1Cc1ccc(cc1)-c1ccccc1-c1nnn[nH]1,
CCCCc1ncc(CNc2ccccc2C(O)=O)n1Cc1ccc(cc1)C(O)=O,
CCCCc1nc(Cl)c(C(=O)OC(OC(=O)C(C)C)C(C)C)n1Cc1cccc2n(ccc12)-c1ccccc1-c1nn[n-]n1,
CCCCc1ncc(\C=C(/Cc2cccs2)C(O)=O)n1Cc1ccc(C(O)=O)c2ccccc12,12
CCCCc1nc2ccc(cc2c(=O)n1Cc1ccc(cc1)-c1ccccc1S(=O)(=O)NC(=O)CCCCCNC(=O)OC(C)(C)C)C(C)C,12
CCCc1nc2ccc(cc2c(=O)n1Cc1ccc(cc1)-c1ccccc1S(=O)(=O)NC(=O)C1CC1)N(C)C,12
CCCCN1CC2(CN1Cc1ccc(cc1)-c1ccccc1S(=O)(=O)NC(=O)c1ccccc1)C(=O)CCC2=O,12
CCCCc1cn(CCCC)c(=O)n1Cc1ccc(cc1)-c1ccccc1-c1nnn[nH]1,12
CCCCc1nc2ccc(cc2n1Cc1ccc(cc1)-c1ccccc1S(=O)(=O)Nc1onc(C)c1C)[N+]([O-])=O,12
CCCCc1nn(Cc2cccc(C)c2)c(=O)n1Cc1ccc(cc1)-c1ccccc1-c1nnn[nH]1,12
CCCCc1nn(Cc2cccc(C)c2)c(=O)n1Cc1ccc(cc1)-c1ccccc1-c1nnn[nH]1,12
CCCCc1nn(C(C(=O)OC)c2ccccc2)c(=O)n1Cc1ccc(cc1)-c1ccccc1-c1nnn[nH]1,12
CCCCc1nn(C(C(=O)OC)c2ccccc2)c(=O)n1Cc1ccc(cc1)-c1ccccc1-c1nnn[nH]1,12
CCCCN1C(=O)N(Cc2ccccc2)\C(=C/c2cnc(CCCC)n2Cc2ccc(cc2)C(=O)OC)C1=O,12
OC(=O)c1c(-c2ccccc2)n(C(=O)c2ccccc2)c2ccccc12,12
CCCCc1nc2cc(OC)c(OC)cc2c(=O)n1Cc1ccc(cc1)-c1ccccc1-c1nnn[nH]1,13
CCCCc1nc(Cl)c(C(=O)OC)n1Cc1ccc(cc1)-c1ccccc1-n1cnnn1,13
CCCCc1nn(-c2ccccc2Cl)c(=O)n1Cc1ccc(cc1)-c1ccccc1S(=O)(=O)NC(C)=O,13
CCCc1nn(-c2ccccc2C(F)(F)F)c(=O)n1Cc1ccc(cc1)-c1ccccc1S(=O)(=O)NC(=O)c1ccccc1,13
CCc1cc(OCc2ccc(cc2)-c2ccccc2-c2nnn[nH]2)c2c(C)cccc2n1,13
CCCCc1nn2c(C)c(nc2n1Cc1ccc(cc1)-c1ccccc1-c1nnn[nH]1)-c1ccccc1,13
CCCCc1nn(c(C(=O)OCC)c1Cc1ccc(cc1)-c1ccccc1-c1nnn[nH]1)-c1ccccc1C,13
CCCc1nc2c(C)cc(cc2n1Cc1ccc(cc1)-c1ccccc1-c1nnn[nH]1)-c1nc2ccccc2n1C,13
CCCCc1nn(c(C(=O)OCC)c1Cc1ccc(cc1)-c1ccccc1-c1nnn[nH]1)-c1ccccc1Cl,13
CCCc1cc(Cn2c(CC)nc3c(C)cc(C)nc23)ccc1OC(C(=O)NS(=O)(=O)c1ccc(cc1)C(C)C)c1ccc2OCOc2c1,13
CCc1nc2c(C)cc(C)nc2n1Cc1ccc(cc1)-c1c(C(O)=O)c(NC)nc2ccccc12,13
CCc1nc2c(C)cc(C)nc2n1Cc1ccc(cc1)-c1c(C(O)=O)c(N)nc2ccccc12,13
CCCCc1nc2c(C)cc(C)nc2n1Cc1ccc(cc1)-c1c(C(O)=O)c(N)nc2ccccc12,13
CCCc1nc2c(C)cc(C)nc2n1Cc1ccc(cc1)-c1c(C(O)=O)c(C)nc2ccccc12,13
CCCCc1nc2cc(OC)c(OC)cc2c(=O)n1Cc1ccc(cc1)-c1ccccc1-c1nnn[nH]1,13
CCCc1cc(Cn2c(CC)nc3c(C)cc(C)nc23)ccc1OC(C(=O)NS(=O)(=O)c1ccc(cc1)C(C)C)c1ccc2OCOc2c1,13
CCc1nc2ccn(Cc3ccccc3)c(=O)c2n1[C@H]1CCc2cc(ccc12)-c1ccccc1-c1nnn[nH]1,13
CCCc1cc(Cn2c(CC)nc3c(C)cc(C)nc23)ccc1OC(C(=O)NS(=O)(=O)c1ccc(cc1)C(C)C)c1ccc2CCOc2c1,13
CCCCNC(=O)c1cc(C)c2nc(CCC)n(Cc3ccc(cc3)-c3ccccc3C(O)=O)c2c1,13
CCCCc1nc(C)c(CCC(=O)N2CC(C)OC(C)C2)c(=O)n1Cc1ccc(cc1)-c1ccccc1-c1nnn[nH]1,13.1
CCCc1nc2c(C)cc(C)nc2n1[C@H]1CCc2cc(ccc12)-c1ccccc1-c1nnn[nH]1,13.3
CCCCc1nnc(SCc2ccccc2C)n1Cc1ccc(NC(=O)c2ccccc2C(O)=O)cc1,14
CCCCc1nnc(SCc2ccccc2C(=O)OC)n1Cc1ccc(NC(=O)c2ccccc2C(O)=O)cc1,14
CCc1nc2c(C)cc(C)nc2n1Cc1ccc(OC(C(O)=O)c2ccccc2)c(C)c1,14
CCCCc1nn(Cc2ccccc2C(O)=O)c(=O)n1Cc1ccc(cc1)-c1ccccc1-c1nnn[nH]1,14
O=c1n(CCc2ccccc2)nc(CC2CC2)n1Cc1ccc(cc1)-c1ccccc1-c1nnn[nH]1,14
Cc1cc(OCc2ccc(cc2)-c2ccccc2-c2nnn[nH]2)c(Cc2ccccc2)c(C)n1,14
CCc1cc(OCc2ccc(cc2)-c2ccccc2-c2nnn[nH]2)c(I)c(CC)n1,14
CCCCC1=NC(Cl)C(CO)N1Cc1ccc(cc1)-c1ccccc1-c1nnn[nH]1,14
CCCCc1nn(-c2cc(NC(C)=O)ccc2Cl)c(=O)n1Cc1ccc(cc1F)-c1cc(CCC)ccc1S(=O)(=O)NC(=O)OC(C)(C)C,14
CCCc1cc(=O)n(CCNC(=O)C(c2ccccc2)c2ccccc2)c(=O)n1Cc1ccc(cc1)-c1ccccc1-c1nnn[nH]1,14
CCc1nc2ccn(Cc3ccccc3C#N)c(=O)c2n1[C@H]1CCc2cc(ccc12)-c1ccccc1-c1nnn[nH]1,14
CCCc1nn(-c2ccccc2Cl)c(=O)n1Cc1ccc(cc1)-c1ccccc1-c1nnn[nH]1,14
CCCc1nn(-c2ccccc2Cl)c(=O)n1Cc1ccc(cc1)-c1ccccc1-c1nnn[nH]1,14
CCCc1nn(-c2ccccc2Cl)c(=O)n1Cc1ccc(cc1)-c1ccccc1-c1nnn[nH]1,14
CCCCc1nnc(SCc2ccccc2C(=O)OC)n1Cc1ccc(NC(=O)c2ccccc2C(O)=O)cc1,14
CCCCN1C(=O)N(Cc2ccc(cc2)C(=O)OC)\C(=C/c2cnc(CCCC)n2Cc2ccc(cc2)C(=O)OC)C1=O,14
CCCCc1nnc(SCc2ccccc2C)n1Cc1ccc(NC(=O)c2ccccc2C(O)=O)cc1,14
CCCCc1ncc(C(=O)OC)n1Cc1ccc(cc1)-c1ccccc1-n1cnnn1,15
CCc1nc2c(C)cc(C)nc2n1Cc1ccc(OC(C(O)=O)c2ccccc2)c(Cl)c1,15
CCCCOC(=O)NS(=O)(=O)c1ccccc1-c1ccc(Cn2c(CCC)nc3ccc(cc3c2=O)[N+]([O-])=O)cc1,15
CCc1nc2c(C)cc(C)nc2n1Cc1ccc2n(Cc3cc(Cl)c(Cl)cc3C(O)=O)ccc2c1,15
CCc1nc2c(C)cc(C)nc2n1Cc1ccc(cc1)N(C)C(c1nnn[nH]1)c1ccccc1,15
CCCCc1nnc(SCc2ccccc2)n1Cc1ccc(NC(=O)c2ccccc2C(O)=O)cc1,15
CCCCc1nnc(SCc2cccc(c2)C(O)=O)n1Cc1ccc(NC(=O)c2ccccc2C(O)=O)cc1,15
CCCCc1nn(-c2cccc(OC)c2)c(=O)n1Cc1ccc(cc1)-c1ccccc1-c1nnn[nH]1,15
CCCCc1nn(CC(OCC)c2ccccc2)c(=O)n1Cc1ccc(cc1)-c1ccccc1-c1nnn(C)n1,15
CCCCc1nn(CCC)c(=O)n1Cc1ccc(cc1)-c1ccccc1-c1nnn[nH]1,15
CCCCc1nc2cc(Cl)ccc2c(=O)n1Cc1ccc(cc1)-c1ccccc1-c1nnn[nH]1,15
CCCCc1ncc2[C@H](CC[C@@H](c3ccc(cc3)-c3ccccc3-c3nnn[nH]3)n12)N1C(=O)CCC1=O,15
CCCCc1nn(CC2CC2)c(=O)n1Cc1ccc(cc1)-c1ccccc1-c1nnn[nH]1,15
CCCCc1nn(-c2cc(NC(C)=O)ccc2Cl)c(=O)n1Cc1ccc(cc1F)-c1cc(CCC)ccc1S(=O)(=O)NC(=O)OCC,15
CCc1nc2ccc(NC(=O)N(C)C(C)C)cc2c(=O)n1Cc1ccc(cc1F)-c1ccccc1S(=O)(=O)NC(=O)OCC=C(C)C,15
CC(C)CCOC(=O)NS(=O)(=O)c1ccccc1-c1ccc(Cn2c(C)nc3ccc(NC(=O)NC(C)C)cc3c2=O)c(F)c1,15
CCCCCN(Cc1ccc(cc1)-c1ccccc1-c1nnn[nH]1)C(=O)N1CCN([C@@H](C1)C(O)=O)C(=O)N(c1ccccc1)c1ccccc1,15
CCCCc1nnc(SCc2cccc(c2)C(O)=O)n1Cc1ccc(NC(=O)c2ccccc2C(O)=O)cc1,15
CCCCc1nn(-c2cccc(OC)c2)c(=O)n1Cc1ccc(cc1)-c1ccccc1-c1nnn[nH]1,15
CCCCc1nn(-c2cccc(OC)c2)c(=O)n1Cc1ccc(cc1)-c1ccccc1-c1nnn[nH]1,15
CCCCc1nc(Cl)c(CO)n1Cc1ccc(cc1)-c1ccccc1-c1nnn[nH]1,15
CCCCc1nnc(SCc2ccccc2)n1Cc1ccc(NC(=O)c2ccccc2C(O)=O)cc1,15
CCCCC1=NC(C)(C(C)C)C(=O)N1Cc1ccc(cc1)-c1ccccc1-c1nnn[nH]1,15
CCCCN1C(=O)N(CCc2cccs2)\C(=C/c2cnc(CCCC)n2Cc2ccc(cc2)C(=O)OC)C1=O,15
CCCCN1C(=O)N(CCc2ccsc2)\C(=C/c2cnc(CCCC)n2Cc2ccc(cc2)C(=O)OC)C1=O,15
CCc1nc2c(C)c(CC)c(C)nc2n1[C@H]1CCc2cc(ccc12)-c1ccccc1-c1nnn[nH]1,15.7
CCCc1nc2c(C)ccnc2n1Cc1ccc(OC(C(O)=O)c2ccccc2Cl)cc1,16
CCc1nc2c(C)cc(C)nc2n1Cc1cc(Cl)c(O)c(Cl)c1,16
CCc1nc2c(C)cc(C)nc2n1Cc1cc(Cl)c(OC(C(O)=O)c2ccccc2)c(OC)c1,16
Cc1cc(OCc2ccc(cc2)-c2ccccc2-c2nnn[nH]2)c2ccccc2n1,16
CCCc1nc2ccc(NC(C)=O)cc2c(=O)n1Cc1ccc(cc1)-c1ccccc1S(=O)(=O)NC(C)=O,16
CCCCc1nn(CSc2ccccc2)c(=O)n1Cc1ccc(cc1)-c1ccccc1-c1nnn[nH]1,16
CCCCc1nn(-c2ccc(C)cc2)c(=O)n1Cc1ccc(cc1)-c1ccccc1-c1nnn[nH]1,16
CC(C)CCc1nn(-c2ccccc2Cl)c(=O)n1Cc1ccc(cc1)-c1ccccc1-c1nnn[nH]1,16
CCCCc1nn(CC2CC2)c(=O)n1Cc1ccc(cc1)-c1ccccc1-c1nnn[nH]1,16
Cc1cc(OCc2ccc(cc2)-c2ccccc2-c2nnn[nH]2)c2ccccc2n1,16
CCCCc1nn(Cc2ccccc2)c(=O)n1Cc1ccc(cc1)-c1ccccc1-c1nnn[nH]1,16
CCCc1nc2cccc(C(O)=O)c2n1Cc1ccc(cc1)-n1cccc1-c1nnn[nH]1,16
CCCCc1nn(CC(=O)OC(C)(C)C)c(=O)n1Cc1ccc(cc1)-c1ccccc1-c1nnn[nH]1,16
CCCCc1nn(-c2cc(NC(C)=O)ccc2Cl)c(=O)n1Cc1ccc(cc1F)-c1cc(CCC)ccc1S(=O)(=O)NC(=O)c1ccccc1Cl,16
CCCCn1c(=O)cc(CCC)n(Cc2ccc(cc2)-c2ccccc2-c2nnn[nH]2)c1=O,16
CCCCc1nc2ccc(cc2c(=O)n1Cc1ccc(cc1)-c1ccccc1-c1nnn[nH]1)[C@@H]1[C@@H]2CON1CCC2,16
CCCc1nc2ccccc2n1Cc1ccc(cc1)-c1ccccc1S(=O)(=O)Nc1onc(C)c1C,16
CCCCc1nc(Cc2ccc(cc2)-c2ccccc2-c2nnn[nH]2)n(CCCC)n1,16
CCCCc1nn(-c2ccc(C)cc2)c(=O)n1Cc1ccc(cc1)-c1ccccc1-c1nnn[nH]1,16
CCCCc1nn(-c2ccc(C)cc2)c(=O)n1Cc1ccc(cc1)-c1ccccc1-c1nnn[nH]1,16
CCCCc1nc(Cl)c(CO)n1Cc1ccc(cc1)-c1ccccc1-c1nnn[nH]1,16
CCCCN1C(=O)NC(=O)\C1=C\c1cnc(CCCC)n1Cc1ccc(cc1)-c1ccccc1C(=O)OC,16
CCCCc1nc(Cl)c(CO)n1Cc1ccc(cc1)-c1ccccc1-c1nnn[nH]1,16.2
CCCCc1nc(Cl)c(CO)n1Cc1ccc(cc1)-c1ccccc1-c1nnn[nH]1,16.2
CCc1cc(C)c2nc(C(C)C)n([C@H]3CCc4cc(ccc34)-c3ccccc3-c3nnn[nH]3)c2n1,16.9
CCCCc1nnc(SCc2ccccc2C)n1Cc1ccc(cc1)-c1ccccc1-c1nnn[nH]1,17
CCCCNC(=O)c1ccc(Br)c(c1)-n1nc(CC)n(Cc2ccc(cc2F)-c2ccccc2S(=O)(=O)NC(=O)OC(C)(C)C)c1=O,17
CCCCc1nn(-c2c(F)c(F)c(F)c(F)c2F)c(=O)n1Cc1ccc(cc1)-c1ccccc1-c1nnn[nH]1,17
CCCCc1nn(CC(=O)OC)c(=O)n1Cc1ccc(cc1)-c1ccccc1-c1nnn[nH]1,17
CCCCc1nn(CCCCCC(O)=O)c(=O)n1Cc1ccc(cc1)-c1ccccc1-c1nnn[nH]1,17
CCc1nc2c(C)cc(C)nc2n1Cc1ccc(cc1)-c1c(cnc2ccccc12)C(O)=O,17
CCCc1cc(=O)n(C)c(=O)n1Cc1ccc(cc1)-c1ccccc1-c1nnn[nH]1,17
CCCCc1nc2c(n1Cc1ccc(cc1)-c1ccccc1-c1nnn[nH]1)c(=O)[nH][nH]c2=O,17
CCCc1nc2c(C)cc(cc2n1Cc1ccc(cc1)-c1ccccc1-c1nnn[nH]1)C(=O)NCC(C)c1ccccc1,17
CCCCc1nn(-c2c(F)c(F)c(F)c(F)c2F)c(=O)n1Cc1ccc(cc1)-c1ccccc1-c1nnn[nH]1,17
CCCCc1nn(CC(=O)OC)c(=O)n1Cc1ccc(cc1)-c1ccccc1-c1nnn[nH]1,17
CCCCc1nn(CC(=O)OC)c(=O)n1Cc1ccc(cc1)-c1ccccc1-c1nnn[nH]1,17
CCCCc1nnc(SCc2ccccc2C)n1Cc1ccc(NC(=O)c2ccccc2-c2nnn[nH]2)cc1,17
CCCCc1nn(-c2c(F)c(F)c(F)c(F)c2F)c(=O)n1Cc1ccc(cc1)-c1ccccc1-c1nnn[nH]1,17
CCCCc1ncc(\C=C2/N(Cc3csc(C)n3)C(=O)N(C)C2=O)n1Cc1ccc(cc1)C(=O)OC,17
CCCCN1C(=O)N(Cc2ccc(cc2)[N+]([O-])=O)\C(=C/c2cnc(CCCC)n2Cc2ccc(cc2)C(=O)OC)C1=O,17
CCCc1nc2c(C)ccnc2n1Cc1ccc(OC(C(O)=O)c2ccccc2OCC)cc1,18
CCCc1nn(-c2ccccc2C(F)(F)F)c(=O)n1Cc1ccc(cc1)-c1ccccc1S(=O)(=O)NC(=O)C1CC1,18
CCCCC1=NC(Cl)C(CO)N1Cc1ccc(cc1)-c1ccccc1-c1nnn[nH]1,18
CCc1nc2c(C)cc(C)nc2n1Cc1ccc2N(CCc2c1)C(=O)c1c(Cl)ccc(Cl)c1C(O)=O,18
CCc1nc2c(C)cc(C)nc2n1Cc1ccc2N(CCc2c1)C(c1nnn[nH]1)c1ccccc1,18
CCCCC1=NC(Cl)C(CO)N1Cc1ccc(cc1)-c1ccccc1-c1nnn[nH]1,18
CCCCc1nn(-c2cccc(C)c2)c(=O)n1Cc1ccc(cc1)-c1ccccc1-c1nnn[nH]1,18
CCCCc1nn(c(C(=O)OCC)c1Cc1ccc(cc1)-c1ccccc1-c1nnn[nH]1)-c1ccccn1,18
CCCCc1nn(CCCc2ccccc2)c(=O)n1Cc1ccc(cc1)-c1ccccc1-c1nnn[nH]1,18
CCCCC1=NC2(CCN(CC2)C(C)=O)C(=O)N1Cc1ccc(cc1)-c1ccccc1C(O)=O,18
CCCCC1=NC(C)(C2CC2)C(=O)N1Cc1ccc(cc1)-c1ccccc1C(O)=O,18
CCc1nc2c(C)cc(C)nc2n1Cc1ccc(cc1)-c1ncccc1-c1nnn[nH]1,18
CCCCc1nn(CCC2CCCCC2)c(=O)n1Cc1ccc(cc1)-c1ccccc1-c1nnn[nH]1,18
CCc1nc2ccc(NC(=O)N3CCOCC3)cc2c(=O)n1Cc1ccc(cc1F)-c1ccccc1S(=O)(=O)NC(=O)OCCC(C)C,18
CCCCn1n(Cc2ccc(cc2)-c2ccccc2-c2nnn[nH]2)c2ncccc2c1=O,18
CCCCc1nc(Cl)c(CO)n1Cc1ccc(cc1)-c1ccccc1-c1nn[n-]n1,18
Cc1ccc(cc1)S(=O)(=O)n1c(c(C(O)=O)c2ccccc12)-c1ccccc1,18
CCCCc1nn(-c2cccc(C)c2)c(=O)n1Cc1ccc(cc1)-c1ccccc1-c1nnn[nH]1,18
CCCCc1nn(-c2cccc(C)c2)c(=O)n1Cc1ccc(cc1)-c1ccccc1-c1nnn[nH]1,18
CCCCN1C(=O)N(Cc2ccc(Br)s2)\C(=C/c2cnc(CCCC)n2Cc2ccc(cc2)C(=O)OC)C1=O,18
CCCCN1C(=O)N(Cc2ccc(Cl)cc2)\C(=C/c2cnc(CCCC)n2Cc2ccc(cc2)C(=O)OC)C1=O,18
CCCCC1=NC(Cl)C(CO)N1Cc1ccc(cc1)-c1ccccc1-c1nnn[nH]1,19
Cn1nnnc1-c1ccccc1-c1ccc(Cn2cnc3ccc(cc3c2=O)N(CC(=O)c2ccco2)C(=O)c2ccccc2)cc1,19
CCCc1cc(Cn2c(CC)nc3c(C)cc(C)nc23)cc(CCC)c1OC(C(O)=O)c1ccc(CC)cc1,19
CCCc1cc(Cn2c(CC)nc3c(C)cc(C)nc23)cc(CCC)c1OC(C(O)=O)c1ccc(CC)cc1,19
CCCCC1=NC(C)(C(=O)N1Cc1ccc(cc1)-c1ccccc1C(O)=O)c1ccccc1,19
CCCCc1nc2cccc(C(=O)OCC)c2n1Cc1ccc(cc1)-n1cccc1-c1nnn[nH]1,19
CCCCC1=NC(Cl)C(CO)N1Cc1ccc(cc1)-c1ccccc1-c1nnn[nH]1,19
CCCCc1nc(Cl)c(CO)n1Cc1ccc(cc1)-c1ccccc1-c1nnn[nH]1,19
CCc1nc2ccn(CC(C)C)c(=O)c2n1[C@H]1CCc2cc(ccc12)-c1ccccc1-c1nnn[nH]1,19
CCCCC1=NC(Cl)C(CO)N1Cc1ccc(cc1)-c1ccccc1-c1nnn[nH]1,19
CCCCN1C(=O)N(Cc2cccc(C)c2)\C(=C/c2cnc(CCCC)n2Cc2ccc(cc2)C(=O)OC)C1=O,19
CCCc1nc2c(C)cc(cc2n1Cc1ccc(cc1)-c1ccccc1-c1nnn[nH]1)C(=O)NCc1ccccc1OC,19.7
CCCCc1ncc(C(=O)OC)n1Cc1ccc(cc1)-c1ccccc1NS(=O)(=O)NC(=O)c1ccccc1,20
CCc1nc2c(C)cc(C)nc2n1Cc1ccc(OC(C(O)=O)c2ccccc2)c(CC=C)c1,20
CCCCCN(Cc1ccccc1)c1ccc2ncn(Cc3ccc(cc3)-c3ccccc3-c3nnnn3C)c(=O)c2c1,20
CCc1cc(OCc2ccc(c(c2)C(=O)OC)-c2ccccc2-c2nnn[nH]2)c2CCCCc2n1,20
OC(=O)c1ccccc1-c1ccc(cc1)-c1nc2ccccc2c(=O)n1Cc1ccc(cc1)-c1ccccc1-c1nnn[nH]1,20
CCc1nc2c(C)cc(C)nc2n1Cc1ccc2n(ccc2c1)C(=O)c1ccccc1C(O)=O,20
CCCCc1nnc(SC(C(O)=O)c2ccccc2)n1Cc1ccc(NC(=O)c2ccccc2C(O)=O)cc1,20
CCCc1nn(-c2ccccc2Cl)c(=O)n1Cc1ccc(cc1)-c1ccccc1-c1nnn[nH]1,20
CCCCc1nn(c(C(=O)OCC)c1Cc1ccc(cc1)-c1ccccc1-c1nnn[nH]1)-c1ccc(OC)cc1,20
CCCCc1nn(C(C)C)c(=O)n1Cc1ccc(cc1)-c1ccccc1-c1nnn[nH]1,20
CCCc1nn(c(C(=O)OCC)c1Cc1ccc(cc1)-c1ccccc1-c1nnn[nH]1)-c1c(Cl)cccc1Cl,20
CCCCC1=NC(C(C)C)(C(C)C)C(=O)N1Cc1ccc(cc1)-c1ccccc1C(O)=O,20
CCCCc1ncc(C(O)=O)n1Cc1ccc(NC(=O)[C@H](Cc2ccccc2)n2cccc2C(O)=O)cc1,20
CCCc1cc(=O)n(Cc2ccccc2C(=O)OC)c(=O)n1Cc1ccc(cc1)-c1ccccc1-c1nnn[nH]1,20
CCCC1=NC(C(=O)N1Cc1ccc(cc1)-c1ccccc1-c1nnn[nH]1)(C(F)(F)F)C(F)(F)F,20
CCOC(=O)\C=C1/CC(CC)(CC)CC(=O)N1Cc1ccc(cc1)-c1ccccc1-c1nnn[nH]1,20
CCc1nc(CN2CCN(CC2)c2ccccn2)c(C(O)=O)n1Cc1ccc(cc1)-c1ccccc1-c1nnn[nH]1,20
CCCc1nc(CN(Cc2ccccc2)C(=O)OCC(C)C)c(C(O)=O)n1Cc1ccc(cc1)-c1ccccc1-c1nnn[nH]1,20
CCCc1nc(CN(Cc2ccccc2)C(=O)Cc2ccccc2)c(C(O)=O)n1Cc1ccc(cc1)-c1ccccc1-c1nnn[nH]1,20
CCCc1nc(CC)c(C(=O)OCc2ccc(cc2)C(=O)N(c2ccccc2)c2ccccc2)n1Cc1ccc(cc1)-c1ccccc1-c1nnn[nH]1,20
CCCc1nc2c(C)cc(cc2n1Cc1ccc(cc1)-c1ccccc1C(O)=O)C(=O)N[C@@H](C)c1ccccc1,20
CCc1nc2ccn(CC(=O)OCc3ccccc3)c(=O)c2n1[C@H]1CCc2cc(ccc12)-c1ccccc1-c1nnn[nH]1,20
CCCCc1nnc(SC(C(O)=O)c2ccccc2)n1Cc1ccc(NC(=O)c2ccccc2C(O)=O)cc1,20
CCCc1nc2c(C)cc(cc2n1Cc1ccc(cc1)-c1ccccc1C(O)=O)C(=O)N1CCCCC1,20
CCOC(=O)[C@@H](Cc1ccc(F)cc1)NC(=O)[C@@H](CC1CCCCC1)NC(=O)[C@@H](C)NC(=O)\C=C\c1ccc(O)c(O)c1,20
CCCCC1=NC2(CCCC2)C(=O)N1Cc1ccc(cc1)-c1ccccc1-c1nnn[nH]1,20.8
CCCCc1ncc(C(=O)OC)n1Cc1ccc(cc1)-c1ccccc1S(=O)(=O)NC(=O)c1ccccc1,21
OC(=O)C(Oc1ccc(Cl)cc1C1CCCCC1)c1ccc(Cl)cc1,21
CCCc1nc2c(C)ccnc2n1Cc1ccc(OC(C(O)=O)c2c(Cl)cccc2Cl)cc1,21
CCc1nc2c(C)cc(C)nc2n1Cc1cc(Cl)c(OC(C(O)=O)c2ccccc2)c(Cl)c1,21
CCCCCN(C(=O)c1ccc(cc1)S(C)=O)c1ccc2ncn(Cc3ccc(cc3)-c3ccccc3-c3nnnn3C)c(=O)c2c1,21
CCCCc1nn(-c2ccccc2C(F)(F)F)c(=O)n1Cc1ccc(cc1)-c1ccccc1S(=O)(=O)NC(=O)c1cc(OC)c(OC)c(OC)c1,21
CCCCc1nnc(SCc2cccc(OC)c2)n1Cc1ccc(NC(=O)c2ccccc2C(O)=O)cc1,21
CCCCc1nn(-c2ccc(F)cc2)c(=O)n1Cc1ccc(cc1)-c1ccccc1-c1nnn[nH]1,21
CCCc1nn(-c2ccccc2[N+]([O-])=O)c(=O)n1Cc1ccc(cc1)-c1ccccc1-c1nnn[nH]1,21
CCCCc1nn(CC(=O)c2cc(OC)ccc2OC)c(=O)n1Cc1ccc(cc1)-c1ccccc1-c1nnn[nH]1,21
CCCCc1nc2ccc(NC(=O)NC3CCCCC3)cc2n1Cc1ccc(cc1)-c1ccccc1-c1nnn[nH]1,21
CCCCc1nn(c(C(=O)OCC)c1Cc1ccc(cc1)-c1ccccc1-c1nnn[nH]1)-c1ccccc1C(F)(F)F,21
CCCCN(C(=O)c1ccc(OP([O-])([O-])=O)cc1)c1ccc2ncn(Cc3ccc(cc3)-c3ccccc3-c3nnnn3C)c(=O)c2c1,21
CCCCc1nnc(SCc2cccc(OC)c2)n1Cc1ccc(NC(=O)c2ccccc2C(O)=O)cc1,21
CCCCc1nn(-c2ccc(F)cc2)c(=O)n1Cc1ccc(cc1)-c1ccccc1-c1nnn[nH]1,21
CCCCc1nn(-c2ccc(F)cc2)c(=O)n1Cc1ccc(cc1)-c1ccccc1-c1nnn[nH]1,21
CCc1nc2c(C)cc(C)nc2n1Cc1cc(I)c(O)c(c1)[N+]([O-])=O,22
CCc1cc(OCc2ccc(cc2)-c2ccccc2-c2nnn[nH]2)c2cc(OC)ccc2n1,22
CCc1nc2c(C)cc(C)nc2n1Cc1ccc(cc1)N(CC(C)C)C(C(O)=O)c1ccccc1,22
CCCCc1nn(-c2ccccc2)c(=O)n1Cc1ccc(cc1)-c1ccccc1-c1nnn[nH]1,22
CCCCc1nn(CC)c(=O)n1Cc1ccc(cc1)-c1ccccc1-c1nnn[nH]1,22
CCCCc1nn(CC(O)c2cc(OC)ccc2OC)c(=O)n1Cc1ccc(cc1)-c1ccccc1-c1nnn[nH]1,22
CCCc1nn(Cc2ccccc2)c(C(=O)OCC)c1Cc1ccc(cc1)-c1ccccc1-c1nnn[nH]1,22
CCCCc1nc(Cl)c(CCC(O)=O)n1Cc1ccc(NC(=O)[C@H](Cc2ccccc2)n2cccc2C(O)=O)cc1,22
CCCCc1nc(Cl)c(C(O)=O)n1Cc1ccc(cc1)-c1ccccc1-c1nnn[nH]1,22
CCCCc1nc2ccc(cc2c(=O)n1Cc1ccc(cc1)-c1ccccc1-c1nnn[nH]1)[C@@]1(C)C[C@H]2CCCCN2O1,22
CCCCc1nc(Cl)c(C(O)=O)n1Cc1ccc(cc1)-c1ccccc1-c1nnn[nH]1,22
CCCCc1nc2cn[nH]c(=O)c2n1Cc1ccc(cc1)-c1ccccc1C(O)=O,22
CCCCN1CC2(CN1Cc1ccc(cc1)-c1ccccc1-c1nnn[nH]1)C(=O)CCC2=O,22
CCCCc1nc2ccc(cc2n1Cc1ccc(cc1)-c1ccccc1-c1nnn[nH]1)C1=NNC(=O)CC1C,22
CCCCc1nn(-c2ccccc2)c(=O)n1Cc1ccc(cc1)-c1ccccc1-c1nnn[nH]1,22
CCCCc1c(C(O)=O)c2ccccc2n1C(=O)c1ccccc1,22
OC(=O)c1c(COCc2ccccc2)n(-c2ccc(cc2)S(Cl)(=O)=O)c2ccccc12,22
CCCCc1nn(-c2ccccc2)c(=O)n1Cc1ccc(cc1)-c1ccccc1-c1nnn[nH]1,22
CCCCN1C(=O)N(Cc2cc(Br)cs2)\C(=C/c2cnc(CCCC)n2Cc2ccc(cc2)C(=O)OC)C1=O,22
CCCc1nc2c(C)cc(cc2n1Cc1ccc(cc1)-c1ccccc1-c1nnn[nH]1)C(=O)NCCc1ccc(OC)cc1,22.5
CCCc1nc2ccc3cc2c(=O)n1Cc1ccc(cc1)-c1ccccc1S(=O)(=O)NC(=O)CCCCCN3C(=O)OCc1ccccc1,23
CCCCS(=O)(=O)N(Cc1ccccc1)c1ccc2ncn(Cc3ccc(cc3)-c3ccccc3-c3nnnn3C)c(=O)c2c1,23
CCCCc1nn(Cc2ccc(cc2)C(=O)OC)c(=O)n1Cc1ccc(cc1)-c1ccccc1-c1nnn[nH]1,23
CCCCc1nn(c(=O)n1Cc1ccc(cc1)-c1ccccc1-c1nnn[nH]1)C(C)(C)C,23
CCc1nc(C)cc(OCc2ccc(cc2)-c2ccccc2-c2nnn[nH]2)c1C(=O)OC,23
CCCCc1nn(c(C(=O)OCC)c1Cc1ccc(cc1)-c1ccccc1-c1nnn[nH]1)-c1ccccc1-c1ccccc1,23
Cc1nc(nc2N(Cc3ccc(cc3)-c3ccccc3-c3nnn[nH]3)C(=O)CCc12)C(O)=O,23
CCCc1cc(=O)n(CCNC(=O)NC2CCCCC2)c(=O)n1Cc1ccc(cc1)-c1ccccc1-c1nnn[nH]1,23
CCCc1nc2c(C)cc(cc2n1Cc1ccc(cc1)-c1ccccc1C(O)=O)C(=O)NC[C@H](C)c1ccccc1,23
CCCc1nc2c(C)cc(cc2n1Cc1ccc(cc1)-c1ccccc1C(O)=O)C(=O)NCCc1ccccc1,23
CCCCc1nn(Cc2ccc(cc2)C(=O)OC)c(=O)n1Cc1ccc(cc1)-c1ccccc1-c1nnn[nH]1,23
CCCCc1nn(Cc2ccc(cc2)C(=O)OC)c(=O)n1Cc1ccc(cc1)-c1ccccc1-c1nnn[nH]1,23
CCCCc1cnc(C=O)n1Cc1ccc(cc1)-c1ccccc1-c1nnn[nH]1,23.99
CCc1nc2c(C)cc(C)nc2n1Cc1ccc(cc1)-c1cc(CC(C)C)sc1S(=O)(=O)NC(=O)c1ccccc1,24
CCCCc1nnc(SCc2ccc(cc2)C(O)=O)n1Cc1ccc(cc1)-c1ccccc1-c1nnn[nH]1,24
CCCCc1nnc(SCc2ccc(Cl)cc2)n1Cc1ccc(cc1)-c1ccccc1-c1nnn[nH]1,24
CCCCc1nn(C(C)CO)c(=O)n1Cc1ccc(cc1)-c1ccccc1-c1nnn[nH]1,24
CCCCC(=O)Nc1cccc(c1C)-n1nc(CCCC)n(Cc2ccc(cc2)-c2ccccc2S(=O)(=O)NC(=O)c2ccccc2Cl)c1=O,24
CCc1nn(-c2cc(NC(=O)c3ccccc3)ccc2Br)c(=O)n1Cc1ccc(cc1F)-c1ccccc1S(=O)(=O)NC(=O)OC(C)(C)C,24
CCCCc1nc2ccc(NC(=O)N(C)C)cc2n1Cc1ccc(cc1)-c1ccccc1C(O)=O,24
CCCCCC1=NC2(CCCC2)C(=O)N1Cc1ccc(cc1)-c1ccccc1C(O)=O,24
CCCCc1nc(Cl)c(CC(O)=O)n1Cc1ccc(NC(=O)[C@H](Cc2cccs2)n2cccc2C(O)=O)cc1,24
CCc1cc(Oc2ccc(cc2)-c2ccccc2-c2nnn[nH]2)c2ncccc2n1,24
CCCCC(=O)N(Cc1ccc(cc1)-c1ccccc1-c1nnn[nH]1)[C@@H](C)C(O)=O,24
CCCCc1cnc(C=O)n1Cc1ccc(cc1)-c1ccccc1-c1nnn[nH]1,24
CCCCC(=O)Nc1ccc(C)c(c1)-n1nc(CCCC)n(Cc2ccc(cc2)-c2ccccc2S(=O)(=O)NC(=O)c2ccccc2Cl)c1=O,24
CCc1nc2ccn(CC(=O)N(C)C)c(=O)c2n1[C@H]1CCc2cc(ccc12)-c1ccccc1-c1nnn[nH]1,24
CCCCc1nnc(SCc2ccc(cc2)C(O)=O)n1Cc1ccc(NC(=O)c2ccccc2-c2nnn[nH]2)cc1,24
Cc1ccc(cc1)S(=O)(=O)n1c(CO)c(C(O)=O)c2ccccc12,24
CCCCN1C(=O)N(Cc2sccc2C)\C(=C/c2cnc(CCCC)n2Cc2ccc(cc2)C(=O)OC)C1=O,24
CCc1nc2c(C)cc(C)nc2n1Cc1ccc(Oc2ccccc2NS(=O)(=O)C(F)(F)C(F)(F)C(F)(F)C(F)(F)F)cc1,25
CCc1cc(OCc2ccc(cc2)-c2ccccc2-c2nnn[nH]2)c2CCCCCc2n1,25
Cc1cc(OCc2ccc(cc2)-c2ccccc2-c2nnn[nH]2)c(c(C)n1)-c1ccncc1,25
CCCCc1nn(CC(=O)C23C[C@H]4C[C@H](C[C@H](C4)C2)C3)c(=O)n1Cc1ccc(cc1)-c1ccccc1-c1nnn[nH]1,25
CCCc1nc2ccc(cc2c(=O)n1Cc1ccc(cc1)-c1ccccc1S(=O)(=O)NC(=O)CCCCC(O)=O)C(C)C,25
CCCc1cc(=O)n(Cc2ccccc2)c(=O)n1Cc1ccc(cc1)-c1ccccc1-c1nnn[nH]1,25
CCCCC1=NC(C)(C(=O)N1Cc1ccc(cc1)-c1ccccc1-c1nnn[nH]1)c1ccccc1,25
CCCCN1C(=O)N(CCc2csc(Br)c2)\C(=C/c2cnc(CCCC)n2Cc2ccc(cc2)C(=O)OC)C1=O,25
CCCCC1=NC(Cl)C(CO)N1Cc1ccc(cc1)-c1ccccc1-c1nnn[nH]1,26
CCc1cc(OCc2ccc(cc2)-c2ccccc2-c2nnn[nH]2)c2cc(OCC(F)(F)F)ccc2n1,26
CCc1cc(OCc2ccc(cc2)-c2ccccc2-c2nnn[nH]2)c2cc(OC(C)C)ccc2n1,26
CCCCc1nc2ccc(F)cc2c(=O)n1Cc1ccc(cc1)-c1ccccc1-c1nnn[nH]1,26
CCCCc1nnc(SCc2cccc(Cl)c2)n1Cc1ccc(NC(=O)c2ccccc2C(O)=O)cc1,26
CCCCc1nn(C(C)C(O)=O)c(=O)n1Cc1ccc(cc1)-c1ccccc1-c1nnn[nH]1,26
CCCCc1nc2ccc(cc2n1Cc1ccc(cc1)-c1ccccc1C(O)=O)N(C)C(=O)NC1CCCCC1,26
CCCCc1nc2ccc(NC(=O)NC3CCCCC3)cc2n1Cc1ccc(cc1)-c1ccccc1C(O)=O,26
CCCCc1nc2ccc(F)cc2c(=O)n1Cc1ccc(cc1)-c1ccccc1-c1nnn[nH]1,26
CS(=O)(=O)n1c(COCc2ccccc2)c(C(O)=O)c2ccccc12,26
CCCCc1nnc(SCc2cccc(Cl)c2)n1Cc1ccc(NC(=O)c2ccccc2C(O)=O)cc1,26
CCc1cc(OCc2ccc(c(c2)C(O)=O)-c2ccccc2-c2nnn[nH]2)c2CCCCc2n1,27
CCCCc1nc2ccc(O)cc2c(=O)n1Cc1ccc(cc1)-c1ccccc1-c1nnn[nH]1,27
CCCCc1nn(-c2ccc(CC)cc2)c(=O)n1Cc1ccc(cc1)-c1ccccc1-c1nnn[nH]1,27
CCCCc1nn(Cc2ccc3ccccc3c2)c(=O)n1Cc1ccc(cc1)-c1ccccc1-c1nnn[nH]1,27
Clc1ccccc1-n1nc(CC2CC2)n(Cc2ccc(cc2)-c2ccccc2-c2nnn[nH]2)c1=O,27
CCCC1=NC2(CCCC2)C(=O)N1Cc1ccc(cc1)-c1ccccc1C(O)=O,27
CCCCc1nc(Cl)c(CC(O)=O)n1Cc1ccc(NC(=O)[C@H](Cc2ccccc2)n2cccc2C(O)=O)cc1,27
CCCCc1cc(=O)n(Cc2ccccc2C(=O)OC)c(=O)n1Cc1ccc(cc1)-c1ccccc1-c1nnn[nH]1,27
CCCCc1nc2ccc(cc2c(=O)n1Cc1ccc(cc1)-c1ccccc1-c1nnn[nH]1)[C@]1(C)C[C@H]2CCCN2O1,27
CC(C)CCOC(=O)NS(=O)(=O)c1ccccc1-c1ccc(Cn2c(C)nc3ccc(NC(=O)N(C)C(C)C)cc3c2=O)c(F)c1,27
CCc1nc2c(C)cc(C)nc2n1Cc1ccc(cc1)-c1ccccc1-c1nnn[nH]1,27
CCCCc1nc2ccc(cc2c(=O)n1Cc1ccc(cc1)-c1ccccc1-c1nn[n-]n1)C1(C)CC2CCCN2O1,27
CCCCc1nn(-c2ccc(CC)cc2)c(=O)n1Cc1ccc(cc1)-c1ccccc1-c1nnn[nH]1,27
CCCCc1nn(-c2ccc(CC)cc2)c(=O)n1Cc1ccc(cc1)-c1ccccc1-c1nnn[nH]1,27
CS(=O)(=O)n1c(CO)c(C(O)=O)c2ccccc12,27
CCCc1nc(C)c(CC(O)=O)c(=O)n1Cc1ccc(cc1)-c1ccccc1-c1nnn[nH]1,27.13
CCCCc1nc2ccc(cc2c(=O)n1Cc1ccc(cc1)-c1ccccc1-c1nnn[nH]1)[N+]([O-])=O,28
CCc1nn(-c2cc(NC(=O)c3ccccc3)ccc2Cl)c(=O)n1Cc1ccc(cc1F)-c1ccccc1S(=O)(=O)NC(=O)OC(C)(C)C,28
CCOc1nc2cccc(C(O)=O)c2n1Cc1ccc(cc1)-c1ccccc1-c1nnn[nH]1,28
CCc1nc2c(C)cc(C)nc2n1Cc1ccc(NC(C(O)=O)c2ccccc2C)c(C)c1,28
CCCCc1nnc(NCc2ccccc2)n1Cc1ccc(cc1)-c1ccccc1-c1nnn[nH]1,28
CCCCc1nnc(n1Cc1ccc(NC(=O)c2ccccc2-c2nnn[nH]2)cc1)S(=O)Cc1ccc(OC)cc1,28
CCCCc1nc2ccc(cc2c(=O)n1Cc1ccc(cc1)-c1ccccc1-c1nnn[nH]1)[N+]([O-])=O,28
CCCCC1=NC(Cl)C(CO)N1Cc1ccc(cc1)-c1ccccc1-c1nnn[nH]1,28
CCCc1nc(C(C)O)c(C(O)=O)n1Cc1ccc(cc1)-c1ccccc1C(O)=O,28
CCCc1nc(c(C(O)=O)n1Cc1ccc(cc1)-c1ccccc1C(O)=O)C(C)(C)O,28
OC(=O)C(F)(F)F.OC(=O)C(F)(F)F.OC(=O)C(F)(F)F.CC[C@H](C)[C@H](NC(=O)[C@H](Cc1ccc(O)cc1)NC(=O)[C@@H](NC(=O)[C@H](CCCN\C(N)=N\C(=O)NCCCCNC(=O)CCCCC[n+]1cc(ccc1\C=C\c1cc2ccc(cc2oc1=O)N(CC)CC)S([O-])(=O)=O)NC(=O)[C@@H](N)CC(O)=O)C(C)C)C(=O)N[C@@H](Cc1cnc[nH]1)C(=O)N1CCC[C@H]1C(=O)N[C@@H](Cc1ccccc1)C(O)=O,28
CCc1nc2ccccc2n1Cc1ccc(cc1)-c1ccccc1S(=O)(=O)Nc1onc(C)c1C,28
CCCCc1nnc(NCc2ccccc2)n1Cc1ccc(NC(=O)c2ccccc2-c2nnn[nH]2)cc1,28
CCCCc1c(C(O)=O)c2ccccc2n1S(=O)(=O)c1ccc(C)cc1,28
CCc1nc2c(C)cc(C)nc2n1Cc1ccc(OC(C(O)=O)c2ccccc2)cc1,29
CCc1cc(OCc2ccc(cc2)-c2c(C)cccc2-c2nnn[nH]2)c2CCCCc2n1,29
CCCCc1nc2ccc(Cl)cc2c(=O)n1Cc1ccc(cc1)-c1ccccc1-c1nnn[nH]1,29
CCc1nc2c(C)cc(C)nc2n1Cc1ccc(cc1)-c1c(C(O)=O)c(nc2ccccc12)N(C)C,29
CCCCc1nc2ccc(Cl)cc2c(=O)n1Cc1ccc(cc1)-c1ccccc1-c1nnn[nH]1,29
CCCCc1nc(Cl)c(CO)n1Cc1ccc(cc1)-c1ccccc1-c1nnn[nH]1,29
CCc1nc2ccn(Cc3ccccc3OC(F)(F)F)c(=O)c2n1[C@H]1CCc2cc(ccc12)-c1ccccc1-c1nnn[nH]1,29
CCCCc1c(C(O)=O)c2ccccc2n1S(C)(=O)=O,29
CCCCc1nc2ccc(cc2c(=O)n1Cc1ccc(cc1)-c1ccccc1-c1nnn[nH]1)-c1ccc(Cl)cc1,30
CCCc1ccc2c(c1)-c1ccc(Cn3c(CCC)nc4ccc(cc4c3=O)N(CCCCCCCC(=O)NS2(=O)=O)C(=O)OCc2ccccc2)cc1,30
CCc1cc(OCc2ccc(cc2)-c2ccccc2-c2nnn[nH]2)c2ccccc2n1,30
CCCCc1nn2cc(nc2n1Cc1ccc(cc1)-c1ccccc1-c1nnn[nH]1)-c1ccccc1,30
CCCCc1nnc(SCc2ccccc2Cl)n1Cc1ccc(NC(=O)c2ccccc2C(O)=O)cc1,30
CCCCc1nnc(SCc2cccc(c2)C(=O)OC)n1Cc1ccc(NC(=O)c2ccccc2C(O)=O)cc1,30
CCCCC1=NC(Cl)C(CO)N1Cc1ccc(cc1)-c1ccccc1-c1nnn[nH]1,30
CCc1nc2c(C)cc(C)nc2n1Cc1ccc(OC(C(O)=O)c2ccccc2)c(c1)C(C)C,30
CCCCc1nn(CCCN(Cc2ccccc2)C(=O)OCc2ccccc2)c(=O)n1Cc1ccc(cc1)-c1ccccc1-c1nnn[nH]1,30
CCCCc1nn(CC(F)(F)F)c(C(=O)OCC)c1Cc1ccc(cc1)-c1ccccc1-c1nnn[nH]1,30
CC(=O)c1c(C)nc(C)cc1OCc1ccc(cc1)-c1ccccc1-c1nnn[nH]1,30
CCCCC1=NC(Cl)C(CO)N1Cc1ccc(cc1)-c1ccccc1-c1nnn[nH]1,30
CCCCc1nn(CC(OCC(O)=O)c2ccccc2)c(=O)n1Cc1ccc(cc1)-c1ccccc1C1=NNNN1,30
CCCCc1nc(c(C(O)=O)n1Cc1ccc(cc1)-c1ccccc1C(O)=O)C(C)(C)O,30
CCCCc1nc2ccc(cc2c(=O)n1Cc1ccc(cc1)-c1ccccc1-c1nnn[nH]1)C1CC(=NO1)C(=O)OCC,30
CCCCC(=O)N(Cc1ccc(cc1)-c1ccccc1-c1nnn[nH]1)C(Cc1ccc(F)cc1)C(O)=O,30
CCc1cc(OCc2ccc(cc2)-c2ccccc2-c2nnn[nH]2)c2ccccc2n1,30
CCCCN(CCCC)C(=O)CCCOC(=O)c1c(CC)nc(CCC)n1Cc1ccc(cc1)-c1ccccc1-c1nnn[nH]1,30
CCCc1nc(CC)c(C(=O)OCc2cccc(c2)C(=O)N(c2ccccc2)c2ccccc2)n1Cc1ccc(cc1)-c1ccccc1-c1nnn[nH]1,30
CCCCc1cnc(CO)n1Cc1ccc(cc1)-c1ccccc1-c1nnn[nH]1,30
CCCCc1nnc(SCc2ccccc2Cl)n1Cc1ccc(NC(=O)c2ccccc2C(O)=O)cc1,30
CCCCc1nnc(SCc2cccc(c2)C(=O)OC)n1Cc1ccc(NC(=O)c2ccccc2C(O)=O)cc1,30
CCCCN1C(=O)N(CCCC)\C(=C/c2cnc(CCCC)n2Cc2ccc(cc2)S(=O)(=O)NC(F)(F)F)C1=O,30
CCCCc1cnc(CO)n1Cc1ccc(cc1)-c1ccccc1-c1nnn[nH]1,30.2
CCCc1nc2c(C)cc(cc2n1Cc1ccc(cc1)-c1ccccc1C(O)=O)C(=O)NCc1ccc(OC)c(OC)c1,30.6
CCOC(=O)CCc1c(C)nc(CC)n(Cc2ccc(cc2)-c2ccccc2-c2nnn[nH]2)c1=O,30.74
CCCCc1nc(C)c(CC(=O)N(CC)CC)c(=O)n1Cc1ccc(cc1)-c1ccccc1-c1nnn[nH]1,30.77
CCCc1nc2c(C)cc(cc2n1Cc1ccc(cc1)-c1ccccc1C(O)=O)C(=O)NCCc1cccc(OC)c1,30.8
CCc1cc(OCc2ccc(cc2)-c2ccccc2-c2nnn[nH]2)c2ccccc2n1,31
CCc1nc2c(C)cc(C)nc2n1Cc1ccc(cc1)N(CC1CC1)C(C(O)=O)c1ccccc1,31
CCCCc1nnc(SCc2ccc(OC)cc2)n1Cc1ccc(cc1)-c1ccccc1-c1nnn[nH]1,31
CCc1cc(OCc2ccc(cc2)-c2ccccc2-c2nnn[nH]2)c2ccccc2n1,31
CCCCc1nn(-c2cccc(c2)[N+]([O-])=O)c(=O)n1Cc1ccc(cc1)-c1ccccc1S(=O)(=O)NC(=O)c1ccccc1Cl,31
CCCCc1ncc(\C=C(/Cc2cccs2)C(O)=O)n1Cc1ccc(C(O)=O)c2ccccc12,31
CCCCc1nc2ccc(cc2c(=O)n1Cc1ccc(cc1)-c1ccccc1-c1nnn[nH]1)C(C)(C)OC,31
CCCCc1nc2ccc(cc2c(=O)n1Cc1ccc(cc1)-c1ccccc1-c1nn[n-]n1)C(C)(C)OC,31
CCCCc1nn(-c2cccc(c2)[N+]([O-])=O)c(=O)n1Cc1ccc(cc1)-c1ccccc1S(=O)(=O)NC(=O)c1ccccc1Cl,31
OCc1c(C(O)=O)c2ccccc2n1C(=O)c1ccccc1,31
CCCCN1C(=O)N(CCc2ccccc2)\C(=C/c2cnc(CCCC)n2Cc2ccc(cc2)C(=O)OC)C1=O,31
CCCCc1ncc(C(=O)OC)n1Cc1ccc(cc1)-c1ccccc1NS(=O)(=O)NC(=O)C1CC1,32
CCCc1cc(Cn2c(CC)nc3c(C)cc(C)nc23)cc(CCC)c1Oc1ccccc1C(O)=O,32
CCCCc1nnc(SCc2cccc(C)c2)n1Cc1ccc(NC(=O)c2ccccc2C(O)=O)cc1,32
CCCCc1nn(Cc2c(F)c(F)c(F)c(F)c2F)c(=O)n1Cc1ccc(cc1)-c1ccccc1-c1nnn[nH]1,32
CCCc1nc2cccc(C(=O)OC)c2n1Cc1ccc(cc1)-n1cccc1-c1nnn[nH]1,32
CCCCc1nc2ccc(cc2c(=O)n1Cc1ccc(cc1)-c1ccccc1-c1nnn[nH]1)[C@@H]1C[C@H]2CCCN2O1,32
CCCCc1nc2ccc(cc2c(=O)n1Cc1ccc(cc1)-c1ccccc1-c1nnn[nH]1)[C@@H]1C[C@@H]2[C@H](O1)ON1C2CCC1(C)C,32
COc1nc2cccc(C(O)=O)c2n1Cc1ccc(cc1)-c1ccccc1-c1nnn[nH]1,32
Cc1nc(C)c2CCC(=O)N(Cc3ccc(cc3)-c3ccccc3-c3nnn[nH]3)c2n1,32
CCCCc1nc(C)c(CC(=S)N2Cc3ccccc3C2)c(=O)n1Cc1ccc(cc1)-c1ccccc1-c1noc(=O)[nH]1,32
OC(=O)c1c(COCc2ccccc2)n(C(=O)c2ccccc2)c2ccccc12,32
CCCCc1nnc(SCc2cccc(C)c2)n1Cc1ccc(NC(=O)c2ccccc2C(O)=O)cc1,32
CCCCC1=NC(C)(C)C(=O)N1Cc1ccc(cc1)-c1ccccc1-c1nnn[nH]1,32
Nc1ccc2nc(-c3ccc(cc3)-c3ccccc3C(O)=O)n(Cc3ccc(cc3)-c3ccccc3-c3nnn[nH]3)c(=O)c2c1,33
CCCCc1nnc(n1Cc1ccc(NC(=O)c2ccccc2-c2nnn[nH]2)cc1)S(=O)Cc1ccc(Cl)cc1,33
CCCCc1nn(-c2ccc(cc2)C(=O)OC)c(=O)n1Cc1ccc(cc1)-c1ccccc1-c1nnn[nH]1,33
CCCCc1nn(Cc2cccc3ccccc23)c(=O)n1Cc1ccc(cc1)-c1ccccc1-c1nnn[nH]1,33
CCCCc1nc2ccc(cc2n1Cc1ccc(cc1)-c1ccccc1C(O)=O)N(C)S(=O)(=O)CCC,33
CCc1nc2c(C)cc(C)nc2n1Cc1ccc(cc1)-c1c(ccc2ccccc12)C(O)=O,33
CCCc1nc2c(C)cc(C)nc2n1Cc1ccc(cc1)C1C(C(O)=O)C(C)(O)c2ccccc12,33
CCCCc1nc2cccc(C(O)=O)c2n1Cc1ccc(cc1)-n1cccc1C(O)=O,33
CCCCc1nc(CCCC)n(Cc2ccc(cc2)-n2cccc2-c2nnn[nH]2)n1,33
CCCCOC(=O)NS(=O)(=O)c1ccccc1-c1ccc(Cn2c(CC)nc3ccc(NC(=O)N4CCOCC4)cc3c2=O)c(F)c1,33
CCCCc1nn(-c2ccc(cc2)C(=O)OC)c(=O)n1Cc1ccc(cc1)-c1ccccc1-c1nnn[nH]1,33
CCCCc1nn(-c2ccc(cc2)C(=O)OC)c(=O)n1Cc1ccc(cc1)-c1ccccc1-c1nnn[nH]1,33
CCCc1nc2c(C)ccnc2n1Cc1ccc2SC(Sc2c1)(C(O)=O)c1ccccc1,34
CCc1nc2c(C)cc(C)nc2n1Cc1ccc(N(CC=C)C(C(O)=O)c2ccccc2)c(C)c1,34
Cc1cc(OCc2ccc(cc2)-c2ccccc2-c2nnn[nH]2)c(I)c(C)n1,34
CCCCc1nc2ccc(cc2n1Cc1ccc(cc1)-c1ccccc1C(O)=O)N1CCCCS1(=O)=O,34
CCCc1cc(=O)n(CC=C)c(=O)n1Cc1ccc(cc1)-c1ccccc1-c1nnn[nH]1,34
CCCc1nc2c(C)ccnc2n1Cc1ccc2SC(Sc2c1)(c1nnn[nH]1)c1ccccc1,35
CCCCc1nnc(SCCc2ccccc2)n1Cc1ccc(cc1)-c1ccccc1-c1nnn[nH]1,35
CCCCC1=NC(Cl)C(CO)N1Cc1ccc(cc1)-c1ccccc1-c1nnn[nH]1,35
CCCCC1=NC(C)(C)C(=O)N1Cc1ccc(cc1)-c1ccccc1C(O)=O,35
CCCCc1nn(CCC(C)CC(C)(C)C)c(=O)n1Cc1ccc(cc1)-c1ccccc1-c1nnn[nH]1,35
CCCCc1nc2ccc(cc2c(=O)n1Cc1ccc(cc1)-c1ccccc1-c1nnn[nH]1)[C@]1(CO)C[C@H]2CCCN2O1,35
CCCCC1=NC(C)(C)C(=O)N1Cc1ccc(cc1)-c1ccccc1C(O)=O,35
CCCCc1ncc(\C=C(/Cc2cccs2)C(O)=O)n1Cc1cc(Cl)c(cc1Cl)C(O)=O,35
CCCCc1nnc(SCCc2ccccc2)n1Cc1ccc(NC(=O)c2ccccc2-c2nnn[nH]2)cc1,35
CCCCN1C(=O)N(Cc2ccc(C)cc2)\C(=C/c2cnc(CCCC)n2Cc2ccc(cc2)C(=O)OC)C1=O,35
CCCc1nc2c(C)ccnc2n1Cc1ccc(OC(C(O)=O)c2cccc3ccccc23)cc1,36
CCCCc1nnc(SCC2CCCCC2)n1Cc1ccc(cc1)-c1ccccc1-c1nnn[nH]1,36
CCCCc1nnc(SCc2ccccc2CO)n1Cc1ccc(cc1)-c1ccccc1-c1nnn[nH]1,36
CCCCc1nn(C(CC(=O)OCC)C(=O)c2ccccc2)c(=O)n1Cc1ccc(cc1)-c1ccccc1-c1nnn[nH]1,36
CCCCC1=NC(Cl)C(CO)N1Cc1ccc(cc1)-c1ccccc1-c1nnn[nH]1,36
CCCCc1nc2c(C)cnc(C(O)=O)c2n1Cc1ccc(cc1)-c1ccccc1-c1nnn[nH]1,36
CCCCc1nnc(SCc2ccccc2CO)n1Cc1ccc(NC(=O)c2ccccc2-c2nnn[nH]2)cc1,36
CCCCc1ncc(\C=C2/N(Cc3csc(C)n3)C(=O)N(CO)C2=O)n1Cc1ccc(cc1)C(=O)OC,36
CCCCc1nnc(SCC2CCCCC2)n1Cc1ccc(NC(=O)c2ccccc2-c2nnn[nH]2)cc1,36
CCCCc1nn(CC#N)c(=O)n1Cc1ccc(cc1)-c1ccccc1-c1nnn[nH]1,37
CCCCc1nc(Cl)c(C(O)=O)n1Cc1ccc(cc1)-c1ccccc1-c1nnn[nH]1,37
CCCCc1nn(c(C(=O)OCC)c1Cc1ccc(cc1)-c1ccccc1-c1nnn[nH]1)-c1c(Cl)cc(Cl)cc1Cl,37
CCc1nc(c(C(O)=O)n1Cc1ccc(cc1)-c1ccccc1C(O)=O)C(C)(C)O,37
CCCCc1nc(Cl)c(C(O)=O)n1Cc1ccc(cc1)-c1ccccc1-c1nnn[nH]1,37
CCc1nn(Cc2ccc(cc2)-c2ccccc2-c2nnn[nH]2)c(=NC(=O)c2ccccc2)s1,37
CCc1nc2ccn(Cc3cccc(C)c3)c(=O)c2n1[C@H]1CCc2cc(ccc12)-c1ccccc1-c1nnn[nH]1,37
CCCc1nc2c(C)cc(cc2n1Cc1ccc(cc1)-c1ccccc1-c1nnn[nH]1)C(=O)NCCc1ccccc1F,37.6
CCCc1nc2c(C)ccnc2n1Cc1ccc(OC(C(O)=O)c2ccccc2OC)cc1,38
CCCCC1=NC2(CCC2)C(=O)N1Cc1ccc(cc1)-c1ccccc1C(O)=O,38
Cc1nc(C)c2CCC(=O)N(Cc3ccc(cc3)-c3ccccc3-c3nnn[nH]3)c2n1,38
CCCCc1nc2ccc(cc2c(=O)n1Cc1ccc(cc1)-c1ccccc1-c1nnn[nH]1)[C@@H]1C[C@H]2CCCCN2O1,38
CCCCc1nc2ccc(cc2c(=O)n1Cc1ccc(cc1)-c1ccccc1-c1nnn[nH]1)[C@H]1OC[C@@H]2ON3[C@@H](CCC3(C)C)[C@H]12,38
CCc1nc2ccn(Cc3ccccc3F)c(=O)c2n1[C@H]1CCc2cc(ccc12)-c1ccccc1-c1nnn[nH]1,38
CCCCc1nc2ccc(cc2c(=O)n1Cc1ccc(cc1)-c1ccccc1-c1nn[n-]n1)C1(C)CC2CCCN2O1,38
CCCCc1nc2ccc(cc2c(=O)n1Cc1ccc(cc1)-c1ccccc1-c1nn[n-]n1)C1(C)CC2CCCN2O1,38
CCCCc1nc(C)c(CC(=S)N2CCCCC2)c(=O)n1Cc1ccc(cc1)-c1ccccc1-c1noc(=O)[nH]1,38
CCCCc1ncc(C(=O)OC)n1Cc1ccc(cc1)-c1ccccc1S(=O)(=O)NC(=O)C1CC1,39
CCCNc1nc2cccc(C(O)=O)c2n1Cc1ccc(cc1)-c1ccccc1-c1nnn[nH]1,39
CCCCc1nc2ccc(cc2c(=O)n1Cc1ccc(cc1)-c1ccccc1-c1nnn[nH]1)[C@@H]1C[C@H]2CCC(C)(C)N2O1,39
CCCc1nc2c(C)cc(cc2n1Cc1ccc(cc1)-c1ccccc1-c1nnn[nH]1)C(=O)N[C@@H](COC)c1ccccc1,39
CCCCn1n(Cc2ccc(cc2)-c2ccccc2-c2nnn[nH]2)c(=O)c2cccnc12,39
CCCc1nc2c(C)cc(cc2n1Cc1ccc(cc1)-c1ccccc1C(O)=O)C(=O)Nc1ccc(C)cc1,39
COc1ccc2CN([C@@H](Cc2c1OCc1ccccc1)C(O)=O)C(=O)C(c1ccccc1)c1ccccc1,39
CCCCC1=NC(Cl)C(CO)N1Cc1ccc(cc1)-c1ccccc1-c1nnn[nH]1,40
CC(Oc1cc(C)nc2ccccc12)c1ccc(cc1)-c1ccccc1-c1nnn[nH]1,40
CCCCc1nnc(n1Cc1ccc(cc1)-c1ccccc1-c1nnn[nH]1)S(=O)Cc1ccccc1C(=O)OC,40
CCCCC1=NC(Cl)C(CO)N1Cc1ccc(cc1)-c1ccccc1-c1nnn[nH]1,40
CCCc1cc(=O)n(CCNC(C)=O)c(=O)n1Cc1ccc(cc1)-c1ccccc1-c1nnn[nH]1,40
CCOC(=O)\C=C1/CC2(CCCCC2)CC(=O)N1Cc1ccc(cc1)-c1ccccc1-c1nnn[nH]1,40
CCCc1nc(CC)c(C(=O)OCC#CC(=O)N(c2ccccc2)c2ccccc2)n1Cc1ccc(cc1)-c1ccccc1-c1nnn[nH]1,40
CCCc1nc2c(C)cc(cc2n1Cc1ccc(cc1)-c1ccccc1C(O)=O)C(=O)NC[C@@H](C)c1ccccc1,40
CCCCc1nnc([S+]([O-])Cc2ccccc2C(=O)OC)n1Cc1ccc(NC(=O)c2ccccc2-c2nnn[nH]2)cc1,40
CCCCc1nc(Cl)c(CO)n1Cc1ccc(cc1)-c1ccccc1-c1nnn[nH]1,40
CCCCCCN1C(=O)N(CCCC)C(=O)\C1=C\c1cnc(CCCC)n1Cc1ccc(cc1)C(=O)OC,40
CCCCc1nc(c(C(=O)OCC)n1Cc1ccc(cc1)-c1ccccc1-c1nnn[nH]1)-c1ccccc1,41
CCCCc1nc2c(C)cc(C)nc2n1Cc1ccc(cc1)-c1c(cnc2ccccc12)C(O)=O,41
CCCc1nc2cccc(C(=O)OCC)c2n1Cc1ccc(cc1)-n1cccc1-c1nnn[nH]1,41
CCc1nc2ccn(CC3CCCCC3)c(=O)c2n1[C@H]1CCc2cc(ccc12)-c1ccccc1-c1nnn[nH]1,41
CCCc1nc2c(C)ccnc2n1Cc1ccc(OC(C(O)=O)c2ccccc2)cc1,42
CC(C)c1nc2ccc(cc2c(=O)n1Cc1ccc(cc1)-c1ccccc1-c1nnn[nH]1)N(Cc1ccccc1)C(=O)c1cccs1,42
CCCCc1nnc(SCc2ccc(cc2)C(F)(F)F)n1Cc1ccc(NC(=O)c2ccccc2C(O)=O)cc1,42
CCCCc1n[nH]c(=O)n1Cc1ccc(cc1)-c1ccccc1-c1nnn[nH]1,42
CCNc1nc2cccc(C(O)=O)c2n1Cc1ccc(cc1)-c1ccccc1-c1nc(=O)o[nH]1,42
CCCCc1nc2ccc(cc2c(=O)n1Cc1ccc(cc1)-c1ccccc1-c1nnn[nH]1)[C@@H]1[C@H]2[C@H](CCC2=O)ON1C,42
CCCCc1nc2ccc(cc2c(=O)n1Cc1ccc(cc1)-c1ccccc1-c1nnn[nH]1)[C@@H]1C[C@H]2CCCCN1O2,42
CCCCc1nnc(SCc2ccc(cc2)C(F)(F)F)n1Cc1ccc(NC(=O)c2ccccc2C(O)=O)cc1,42
CCCCN1C(=O)N(Cc2nn[nH]n2)\C(=C/c2cnc(CCCC)n2Cc2ccc(cc2)C(=O)OC)C1=O,42
CCCCc1nn(-c2cccc(c2)[N+]([O-])=O)c(=O)n1Cc1ccc(cc1)-c1ccccc1-c1nnn[nH]1,43
CCCCc1nn(c(=O)n1Cc1ccc(cc1)-c1ccccc1-c1nnn[nH]1)C(C)(C)C(=O)c1ccccc1,43
CCCCc1nc2ccc(cc2c(=O)n1Cc1ccc(cc1)-c1ccccc1-c1nnn[nH]1)[C@H]1C[C@H](CO)ON1C,43
[Br-].CCCCc1c(Br)[n+](Cc2ccc(cc2)-c2ccccc2-c2nn[nH]n2)c(CO)n1Cc1ccc(cc1)-c1ccccc1-c1nn[nH]n1,43
CCCCc1nn(-c2cccc(c2)[N+]([O-])=O)c(=O)n1Cc1ccc(cc1)-c1ccccc1-c1nnn[nH]1,43
CCCCc1nn(-c2cccc(c2)[N+]([O-])=O)c(=O)n1Cc1ccc(cc1)-c1ccccc1-c1nnn[nH]1,43
CCc1nc2c(C)cc(C)nc2n1Cc1ccc(cc1)-c1cc(sc1S(=O)(=O)NC(=O)c1ccccc1)[Si](C)(C)C,44
OCc1nc(CO)c2ccc(=O)n(Cc3ccc(cc3)-c3ccccc3-c3nnn[nH]3)c2n1,44
Cc1nc2N(Cc3ccc(cc3)-c3ccccc3-c3nnn[nH]3)C(=O)CCc2c(n1)C(O)=O,44
CCCCc1cc(=O)n(C)c(=O)n1Cc1ccc(cc1)-c1ccccc1-c1nnn[nH]1,44
OCc1nc(CO)c2ccc(=O)n(Cc3ccc(cc3)-c3ccccc3-c3nnn[nH]3)c2n1,44
OCc1nc2N(Cc3ccc(cc3)-c3ccccc3-c3nnn[nH]3)C(=O)CCc2c(n1)C(O)=O,44
CCCCc1nc(CCC)c(CCC(=O)OCC)c(=O)n1Cc1ccc(cc1)-c1ccccc1-c1nnn[nH]1,44.49
CCCc1nc2c(C)ccnc2n1Cc1ccc2OC(Oc2c1)(c1nnn[nH]1)c1ccccc1,45
CCCCc1nn(CC(OCCC)c2ccccc2)c(=O)n1Cc1ccc(cc1)-c1ccccc1-c1nnn[nH]1,45
CCc1nc2ccn(Cc3cccnc3)c(=O)c2n1[C@H]1CCc2cc(ccc12)-c1ccccc1-c1nnn[nH]1,45
Cc1noc(NS(=O)(=O)c2ccccc2-c2ccc(Cn3c(C)nc4ccccc34)cc2)c1C,45
CCCc1nc(C(C)C)c(C(O)=O)n1Cc1ccc(cc1)-c1ccccc1-c1nnn[nH]1,46
CCCCc1nc2ccc(cc2c(=O)n1Cc1ccc(cc1)-c1ccccc1-c1nnn[nH]1)[C@@]1(C[C@H]2CCCN2O1)C(O)=O,46
CCc1nc2cccc(C(O)=O)c2n1Cc1ccc(cc1)-c1ccccc1-c1nnn[nH]1,46
CCCCC1=NC2(CCOCC2)C(=O)N1Cc1ccc(cc1)-c1ccccc1C(O)=O,47
CCCCc1nc2ccc(cc2c(=O)n1Cc1ccc(cc1)-c1ccccc1-c1nnn[nH]1)[C@]1(C)C[C@H]2CCCCN2O1,47
CCc1nc2c(C)cc(C)nc2n1Cc1ccc2N(CCc2c1)C(=O)c1ccccc1C(O)=O,48
CCCCc1nnc(n1Cc1ccc(cc1)-c1ccccc1-c1nnn[nH]1)S(=O)(=O)Cc1ccc(Cl)cc1,48
CCCc1cn2ncc(C(O)=O)c2n1Cc1ccc(cc1)-c1ccccc1-c1nnn[nH]1,48
CCCCc1nnc(n1Cc1ccc(NC(=O)c2ccccc2-c2nnn[nH]2)cc1)S(=O)(=O)Cc1ccc(Cl)cc1,48
CCCCc1ncc(\C=C2/N(Cc3csc(C)n3)C(=O)N(CCCO)C2=O)n1Cc1ccc(cc1)C(=O)OC,48
CCCCc1ncc(\C=C2/N(Cc3csc(C)n3)C(=O)N(COC)C2=O)n1Cc1ccc(cc1)C(=O)OC,48
CCCCc1ncc(CN[C@@H](Cc2c[nH]c3ccccc23)C(O)=O)n1Cc1ccc(cc1)C(O)=O,48.3
CCCCc1nnc(SCc2ccc3ccccc3c2)n1Cc1ccc(NC(=O)c2ccccc2C(O)=O)cc1,49
CCCCC1=NC2(CCN(CC2)C(=O)c2ccccc2)C(=O)N1Cc1ccc(cc1)-c1ccccc1C(O)=O,49
CCCCc1nnc(SCc2ccc3ccccc3c2)n1Cc1ccc(NC(=O)c2ccccc2C(O)=O)cc1,49
CCCCc1nc(Cl)c(CO)n1Cc1ccc(cc1)-c1ccccc1-n1cnnn1,50
CCCCC1=NC(Cl)C(CO)N1Cc1ccc(cc1)-c1ccccc1-c1nnn[nH]1,50
CC(=O)Nc1ccc2nc(-c3ccc(cc3)-c3ccccc3C(O)=O)n(Cc3ccc(cc3)-c3ccccc3-c3nnn[nH]3)c(=O)c2c1,50
CCCCC1=NC(Cl)C(CO)N1Cc1ccc(cc1)-c1ccccc1-c1nnn[nH]1,50
CCCCc1nnc(n1Cc1ccc(cc1)-c1ccccc1-c1nnn[nH]1)S(=O)Cc1ccc(OC)cc1,50
CCc1nc2c(C)cc(C)nc2n1Cc1ccc(OC(C(O)=O)c2ccccc2)c(c1)C(C)(C)C,50
CCCCc1nn(COc2ccc(Cl)cc2)c(=O)n1Cc1ccc(cc1)-c1ccccc1-c1nnn[nH]1,50
CCCCC1=NC(Cl)C(CO)N1Cc1ccc(cc1)-c1ccccc1-c1nnn[nH]1,50
CCc1cc(OCc2ccc(cc2)-c2ccccc2-c2nnn[nH]2)c2CCCCc2n1,50
COC(=O)c1c(C)nc(C)cc1OCc1ccc(cc1)-c1ccccc1-c1nnn[nH]1,50
CCCCc1nn(Cc2cccc3ccccc23)c(=O)n1Cc1ccc(cc1)-c1ccccc1-c1nnn[nH]1,50
CCCc1nc(C(C)=C)c(C(O)=O)n1Cc1ccc(cc1)-c1ccccc1-c1nnn[nH]1,50
CCCCc1nn(-c2ccccc2C(O)=O)c(=O)n1Cc1ccc(cc1)-c1ccccc1-c1nnn[nH]1,50
CCCCc1nn(C(C(O)=O)c2ccccc2)c(=O)n1Cc1ccc(cc1)-c1ccccc1-c1nnn[nH]1,50
CCCCc1nnc(n1Cc1ccc(NC(=O)c2ccccc2-c2nnn[nH]2)cc1)S(=O)Cc1ccc(OC)cc1,50
CCc1nc2c(C)cc(C)nc2n1Cc1ccc(Oc2ccccc2NS(=O)(=O)C(F)(F)F)cc1,51
CCCc1nc(c(C(O)=O)n1Cc1ccc(cc1)-c1ccccc1C(O)=O)C(C)(O)CC,51
CCCCc1nn(C(C(C)C)C(=O)OC)c(=O)n1Cc1ccc(cc1)-c1ccccc1-c1nnn[nH]1,52
CCc1nc2c(C)cc(C)nc2n1Cc1ccc(cc1)-c1c(C(O)=O)c2nnnn2c2ccccc12,52
CCCCc1nc(CCCC)n(Cc2ccc(cc2)-n2c(Cl)cc(Cl)c2-c2nnn[nH]2)n1,52
CCCCC1=NC(CC)(C2CCCCC2)C(=O)N1Cc1ccc(cc1)-c1ccccc1C(O)=O,52
CCCc1nc2c(C)cc(cc2n1Cc1ccc(cc1)-c1ccccc1C(O)=O)C(=O)NCc1ccccc1,52.5
CCCCC1=NC2(CCCC2)CC(=O)N1Cc1ccc(cc1)-c1ccccc1C(O)=O,53
CCCCc1nc2ccc(cc2c(=O)n1Cc1ccc(cc1)-c1ccccc1-c1nnn[nH]1)[C@H]1OC[C@@H]2[C@H]3CCC(C)(C)N3O[C@H]12,53
CCCCCn1n(Cc2ccc(cc2)-c2ccccc2-c2nnn[nH]2)c2ncccc2c1=O,53
CCc1cc(OCc2ccc(cc2)-c2ccc(C)cc2-c2nnn[nH]2)c2CCCCc2n1,54
CCCCC1=NC(Cl)C(CO)N1Cc1ccc(cc1)-c1ccccc1-c1nnn[nH]1,54
CCCCC1=NC(Cl)C(CO)N1Cc1ccc(cc1)-c1ccccc1-c1nnn[nH]1,54
CCCc1nc(C)cc(OCc2ccc(cc2)-c2ccccc2-c2nnn[nH]2)c1C(=O)OC,54
CCCCC1=NC(Cl)C(CO)N1Cc1ccc(cc1)-c1ccccc1-c1nnn[nH]1,54
CCCCc1nc2c(C)cncc2n1Cc1ccc(cc1)-c1ccccc1-c1nnn[nH]1,54
CCCCc1nn2cc(C)nc2n1Cc1ccc(cc1)-c1ccccc1-c1nnn[nH]1,55
CCCCc1nn2cc(CC)nc2n1Cc1ccc(cc1)-c1ccccc1-c1nnn[nH]1,55
[Br-].OC(=O)C(F)(F)F.OC(=O)C(F)(F)F.OC(=O)C(F)(F)F.OC(=O)C(F)(F)F.CCC(C)C(NC(=O)C(Cc1ccc(O)cc1)NC(=O)C(NC(=O)C(CCCN\C(N)=N\C(=O)NCCCCNC(=O)CCCCCN1\C(=C/C=C/C=C/C2=[N+](C)c3ccccc3C2(C)C)C(C)(C)c2ccccc12)NC(=O)C(N)CC(O)=O)C(C)C)C(=O)NC(Cc1cnc[nH]1)C(=O)N1CCCC1C(=O)NC(Cc1ccccc1)C(O)=O,
CCCCN1N(Cc2ccc(cc2)-c2ccccc2S(=O)(=O)NC(=O)CCCC)C(=O)C2(CCCC2)C1=O,
CCCc1nc2c(C)cc(cc2n1Cc1ccc(CCc2nnn[nH]2)cc1)-c1nc2ccccc2n1C,
CCCCN1N(Cc2ccc(cc2)-c2ccccc2-c2nnn[nH]2)C(=O)C2(CCCC2)CC1=O,
CCCCc1nc(Cl)c(CO)n1Cc1ccc(cc1)-c1ccccc1-c1nnn[nH]1,
OC(=O)c1c(Oc2ccc(cc2)-c2ccccc2-c2nnn[nH]2)c(nc2ccc(F)cc12)C1CC1,
CCCCN1N(Cc2ccc(cc2)-c2ccccc2-c2nnn[nH]2)C(=O)C2(CCCC2)CC1=O,
CCCCc1nc(Cl)c(CO)n1Cc1ccc(cc1)-c1ccccc1-c1nnn[nH]1,
CCCCN(Cc1ccc(cc1)-c1ccccc1-c1nnn[nH]1)c1nc(C)ncc1C(O)=O,
CCCCN(Cc1ccc(cc1)-c1ccccc1-c1nnn[nH]1)c1nc(C)ncc1C(O)=O,
Clc1ccccc1C(=O)\N=c1/sc(nn1Cc1ccc(cc1)-c1ccccc1-c1nn[nH]n1)C1CC1,
CCCCc1nc(Cl)c(CO)n1Cc1ccc(cc1)-c1ccccc1-c1nnn[nH]1,
CCCc1nc(C)n2nc(COC)nc2c1Cc1ccc(cc1)-c1ccccc1-c1nnn[nH]1,
Cc1ccc(cc1)S(=O)(=O)n1c(c(C(O)=O)c2ccccc12)-c1ccccc1,
CCCCc1nc(Cl)c(CNC(=O)[C@@H](CS)CC(C)C)n1Cc1ccc(cc1)-c1ccccc1C(O)=O,
CCCCc1nc(Cl)c(CNC(=O)C(CS)Cc2ccccc2)n1Cc1ccc(cc1)-c1ccccc1-c1nnn[nH]1,
CCCCc1nc(Cl)c(CO)n1Cc1ccc(cc1)-c1ccccc1-c1nnn[nH]1,
Cc1nn(Cc2ccc(cc2)-c2ccccc2-c2nn[nH]n2)\c(=N\C(=O)c2ccccc2Cl)s1,
CC[C@H](C)[C@H](NC(=O)[C@H](Cc1ccc(O)cc1)NC(=O)[C@@H](NC(=O)[C@H](Cc1ccc(cc1)C(=O)c1ccccc1)NC(=O)CNC)C(C)C)C(=O)N[C@@H](Cc1cnc[nH]1)C(=O)N1CCC[C@H]1C(=O)N[C@@H](Cc1ccccc1)C(O)=O,
CC[C@H](C)[C@H](NC(=O)[C@H](Cc1ccc(O)cc1)NC(=O)[C@@H](NC(=O)[C@H](CCCN=C(N)N)NC(=O)[C@@H](N)Cc1ccc(cc1)C(=O)c1ccccc1)C(C)C)C(=O)N[C@@H](Cc1cnc[nH]1)C(=O)N1CCC[C@H]1C(=O)N[C@@H](Cc1ccccc1)C(O)=O,
CCCOc1nc(CC)c(CNC(=O)[C@@H](S)CC(C)C)n1Cc1ccc(cc1)-c1ccccc1C(O)=O,
CCCCCN(C(=O)NC)c1ccc2nc(CCCC)n(Cc3ccc(NC(=O)c4c(Cl)ccc(Cl)c4C(O)=O)cc3)c2c1,
CCOC(=O)c1cnc(CC)nc1NCc1ccc(cc1)-c1ccccc1-c1nnn[nH]1,
CCCCc1ncc(CNc2cc(ccc2C(O)=O)N=[N+]=[N-])n1Cc1ccc(cc1)C(O)=O,
CCCc1nn(Cc2ccc(cc2)-c2ccccc2-c2nn[nH]n2)\c(=N\C(=O)c2ccccc2Cl)s1,
OC(=O)c1c(COCc2ccccc2)n(-c2ccc(cc2)S(Cl)(=O)=O)c2ccccc12,
CCCCc1c(C(O)=O)c2ccccc2n1C(=O)c1ccccc1,
Cc1ccc(cc1)S(=O)(=O)n1c(CO)c(C(O)=O)c2ccccc12,
CCCc1nc(C)n2nc(nc2c1Cc1ccc(cc1)-c1ccccc1-c1nnn[nH]1)C(=O)OCC,
CCCc1nc(C)n2[nH]c(=O)nc2c1Cc1ccc(cc1)-c1ccccc1-c1nnn[nH]1,
CCCc1nc(C)n2[nH]c(=O)nc2c1Cc1ccc(cc1)-c1ccccc1-c1nnn[nH]1,
CC[C@H](C)[C@H](NC(=O)[C@H](Cc1ccc(O)cc1)NC(=O)[C@@H](NC(=O)[C@H](Cc1ccc(cc1)C1(N=N1)C(F)(F)F)NC(=O)CNC)C(C)C)C(=O)N[C@@H](Cc1cnc[nH]1)C(=O)N1CCC[C@H]1C(=O)N[C@@H](Cc1ccccc1)C(O)=O,
CCCCc1nc(Cl)c(C(=O)OCC)n1Cc1cccc2n(ccc12)-c1ccccc1-c1nn[n-]n1,
CCCCCN1N(Cc2ccc(cc2)-c2ccccc2S(=O)(=O)NC(=O)c2ccccc2)C(=O)C2(CCCC2)C1=O,
CCCCN1N(Cc2ccc(cc2)-c2ccccc2-c2nnn[nH]2)C(=O)C2(CCCC2)C1=O,
CS(=O)(=O)n1c(COCc2ccccc2)c(C(O)=O)c2ccccc12,
CCCCN1N(Cc2ccc(cc2)-c2ccccc2-c2nnn[nH]2)C(=O)C2(CCCC2)C1=O,
CCCCN1CC2(CN1Cc1ccc(cc1)-c1ccccc1-c1nnn[nH]1)C(=O)CCC2=O,
CCCCN1N(Cc2ccc(cc2)-c2ccccc2-c2nnn[nH]2)C(=O)C2(CCCC2)C1=O,
CS(=O)(=O)n1c(CO)c(C(O)=O)c2ccccc12,
CCCCOC(=O)NS(=O)(=O)c1sc(CC(C)C)nc1-c1ccc(Cn2c(CC)nc3c(C)cc(C)nc23)cc1,
CC[C@H](C)[C@H](NC(=O)[C@H](Cc1ccc(O)cc1)NC(=O)[C@@H](NC(=O)[C@H](CCCN=C(N)N)NC(=O)[C@@H](N)Cc1ccc(cc1)C1(N=N1)C(F)(F)F)C(C)C)C(=O)N[C@@H](Cc1cnc[nH]1)C(=O)N1CCC[C@H]1C(=O)N[C@@H](Cc1ccccc1)C(O)=O,
CCCc1nc(CO)n2nc(C)nc2c1Cc1ccc(cc1)-c1ccccc1-c1nnn[nH]1,
CCCCc1c(C(O)=O)c2ccccc2n1S(=O)(=O)c1ccc(C)cc1,
CCCc1nc(C)n2nc(OC)nc2c1Cc1ccc(cc1)-c1ccccc1-c1nnn[nH]1,
CCc1nn(Cc2ccc(cc2)-c2ccccc2-c2nn[nH]n2)\c(=N\C(=O)c2ccc(OC)cc2)s1,
CCCCOC(=O)NS(=O)(=O)c1sc(CCC)nc1-c1ccc(Cn2c(CC)nc3c(C)cc(C)nc23)cc1,
CCCCc1nc2ccc(NC(=O)NC3CCCCC3)cc2n1Cc1ccc(cc1)-c1ccccc1C(O)=O,
CCCCc1nc2ccc(NC(=O)NC3CCCCC3)cc2n1Cc1ccc(cc1)-c1ccccc1C(O)=O,
CCCCc1c(C(O)=O)c2ccccc2n1S(C)(=O)=O,
CCCCc1nn(c(C(=O)OCC)c1Cc1ccc(cc1)-c1ccccc1-c1nnn[nH]1)-c1cccc(Cl)c1,55
CCCc1cc(=O)n(C)c(=O)n1Cc1ccc(cc1)-c1ccccc1-c1nnn[nH]1,55
CCCCc1nc2ccc(cc2c(=O)n1Cc1ccc(cc1)-c1ccccc1-c1nnn[nH]1)[C@@]1(C)C[C@H]2CCCN2O1,55
CCCCN1C(=O)N(Cc2c[nH]cn2)\C(=C/c2cnc(CCCC)n2Cc2ccc(cc2)C(=O)OC)C1=O,55
CCCc1nc2c(C)ccnc2n1Cc1ccc2OC(Oc2c1)(C(O)=O)c1ccccc1,56
CCCCc1nc2ccn(CC(O)=O)c(=O)c2n1Cc1ccc(cc1)-c1ccccc1-c1nnn[nH]1,56
CCCc1nn(c(C(=O)OCC)c1Cc1ccc(cc1)-c1ccccc1-c1nnn[nH]1)-c1ccccc1C(F)(F)F,56
CCCCC1=NC(CC)(CC)C(=O)N1Cc1ccc(cc1)-c1ccccc1C(O)=O,56
CCCCC1=NC(CC)(CC)C(=O)N1Cc1ccc(cc1)-c1ccccc1C(O)=O,56
CCCCc1nc2ccc(cc2c(=O)n1Cc1ccc(cc1)-c1ccccc1-c1nnn[nH]1)[C@@]1(C[C@H]2CCCN2O1)c1ccccc1,56
CCCCc1nc2ccc(cc2c(=O)n1Cc1ccc(cc1)-c1ccccc1-c1nnn[nH]1)C1=NN2CCCCC2C1,56
CCc1nc2c(C)cc(C)nc2n1Cc1ccc(cc1)-c1ccccc1N1NC(=NS1=O)c1ccccc1,57
CCCc1nc2c(C)ccnc2n1Cc1ccc(OC(C(O)=O)c2ccccc2[N+]([O-])=O)cc1,57
CCCCc1nnc(C(=O)NCc2ccccc2)n1Cc1ccc(cc1)-c1ccccc1-c1nnn[nH]1,57
CCCCc1nc2ccc(cc2c(=O)n1Cc1ccc(cc1)-c1ccccc1-c1nnn[nH]1)[C@@]1(C[C@H]2CCCN2O1)C(=O)N(C)C,57
CCOc1nc2c(C)cc(cc2n1Cc1ccc(cc1)-c1ccccc1C(O)=O)C(=O)NC[C@@H](C)c1ccccc1,57
CCCCc1nnc(C(=O)NCc2ccccc2)n1Cc1ccc(NC(=O)c2ccccc2-c2nnn[nH]2)cc1,57
CCCc1nc2c(C)cc(cc2n1Cc1ccc(cc1)-c1ccccc1C(O)=O)C(=O)NCCc1ccc(OC)c(OC)c1,57.6
CCCc1nc(CO)c(C(O)=O)n1Cc1ccc(cc1)-c1ccccc1C(O)=O,58
CCCc1nc(CO)c(C(O)=O)n1Cc1ccc(cc1)-c1ccccc1C(O)=O,58
CCCCc1nc2ccc(cc2c(=O)n1Cc1ccc(cc1)-c1ccccc1-c1nnn[nH]1)[C@@]1(CC)C[C@H]2CCCN2O1,58
CCCc1nc2c(C)cc(cc2n1Cc1ccc(cc1)-c1ccccc1C(O)=O)C(=O)N[C@H](COC)c1ccccc1,58
CCCCc1nn(-c2ccccc2)c(=O)n1Cc1ccc(cc1)-c1ccccc1-c1nnn[nH]1,59
CCCCC1=NC2(CCN(CC2)C(=O)CC(O)=O)C(=O)N1Cc1ccc(cc1)-c1ccccc1C(O)=O,59
CCNC(=O)Nc1ccc2nc(CC)n(Cc3ccc(cc3F)-c3ccccc3S(=O)(=O)NC(=O)c3ccccc3F)c(=O)c2c1,59
CCCc1nc2c(C)ccnc2n1Cc1ccc(OC(C(O)=O)c2cccc(Cl)c2)cc1,60
CCCc1nc2c(C)ccnc2n1Cc1ccc(cc1)-c1cccnc1-c1nnn[nH]1,60
CCCCc1nnc(Sc2ccccc2)n1Cc1ccc(NC(=O)c2ccccc2C(O)=O)cc1,60
CCc1cc(OCc2ccc(cc2)-c2ccccc2-c2nnn[nH]2)c2c(cccc2n1)C#N,60
CCCCc1nnc(SCc2ccccc2C#N)n1Cc1ccc(NC(=O)c2ccccc2C(O)=O)cc1,60
CCCCc1n[nH]c(=O)n1Cc1ccc(cc1)-c1ccccc1-c1nnn[nH]1,60
CCCCc1nn(CCCN(C)C(=O)OCc2ccccc2)c(=O)n1Cc1ccc(cc1)-c1ccccc1-c1nnn[nH]1,60
CCCCC1=NC2(Cc3ccccc3C2)C(=O)N1Cc1ccc(cc1)-c1ccccc1C(O)=O,60
CCCc1nc2c(C)ccnc2n1Cc1ccc(cc1)-c1cccnc1-c1nnn[nH]1,60
CCCc1ncc(C(O)=O)n1Cc1ccc(cc1)-c1ccccc1C(O)=O,60
CCCCc1nc2c(C)cc(C)nc2n1Cc1ccc(NC(=O)[C@H](Cc2ccccc2)n2cccc2C(O)=O)cc1,60
CCCCC(=O)N(Cc1ccc(cc1)-c1ccccc1-c1nnn[nH]1)[C@@H](C(C)C)C(=O)OC,60
CCOC(=O)\C=C1/N(Cc2ccc(cc2)-c2ccccc2-c2nnn[nH]2)C(=O)CC1(C)CC,60
CCOC(=O)\C=C1/N(Cc2ccc(cc2)-c2ccccc2-c2nnn[nH]2)C(=O)CC11CCCCCC1,60
CCCCC(=O)N(Cc1ccc(cc1)-c1ccccc1-c1nnn[nH]1)[C@@H](CC1CCCCC1)C(O)=O,60
CCCCc1n[nH]c(=O)n1Cc1ccc(cc1)-c1ccccc1-c1nnn[nH]1,60
CCCCc1n[nH]c(=O)n1Cc1ccc(cc1)-c1ccccc1-c1nnn[nH]1,60
CCCCc1nnc(Sc2ccccc2)n1Cc1ccc(NC(=O)c2ccccc2C(O)=O)cc1,60
CCCCc1nnc(SCc2ccccc2C#N)n1Cc1ccc(NC(=O)c2ccccc2C(O)=O)cc1,60
CCCCc1nc2ccc(cc2c(=O)n1Cc1ccc(cc1)-c1ccccc1-c1nnn[nH]1)C1(C[C@H]2CCCN2O1)C(=O)N1CCCCC1,61
CCCCc1nc2ccc(cc2c(=O)n1Cc1ccc(cc1)-c1ccccc1-c1nnn[nH]1)[C@@H]1C[C@H](CO)ON1C,61
CCCSc1nc2c(C)cc(cc2n1Cc1ccc(cc1)-c1ccccc1C(O)=O)C(=O)NC[C@H](C)c1ccccc1,61
CCCCc1nc(Cl)c(CO)n1Cc1ccc(cc1)-c1ccccc1-c1nnn[nH]1,61.12
CCc1nc2c(C)cc(C)nc2n1Cc1ccc(OC(C(O)=O)c2ccccc2)c(c1)C(C)=O,62
CCCCC1=NC2(C3CC4CC(C3)CC2C4)C(=O)N1Cc1ccc(cc1)-c1ccccc1C(O)=O,62
CCCc1cc2ncnn2c(=O)n1Cc1ccc(cc1)-c1ccccc1-c1nnn[nH]1,62
CCNc1nc2cccc(C(O)=O)c2n1Cc1ccc(cc1)-c1ccccc1-c1nnn[nH]1,62
CCCCc1nnc(OCCc2ccccc2)n1Cc1ccc(cc1)-c1ccccc1-c1nnn[nH]1,63
CCCCc1cn(Cc2ccc(cc2)-c2ccccc2-c2nnn[nH]2)c(CCCC)n1,63
CCc1nc2ccn(Cc3c(C)noc3C)c(=O)c2n1[C@H]1CCc2cc(ccc12)-c1ccccc1-c1nnn[nH]1,63
CCCCc1nnc(OCCc2ccccc2)n1Cc1ccc(NC(=O)c2ccccc2-c2nnn[nH]2)cc1,63
CCc1nc2ccn(Cc3ccccn3)c(=O)c2n1[C@H]1CCc2cc(ccc12)-c1ccccc1-c1nnn[nH]1,64
CCCc1nc2c(C)ccnc2n1Cc1ccc(OC(C(O)=O)c2ccccc2)cc1,65
CCCCc1nc2ccc(cc2c(=O)n1Cc1ccc(cc1)-c1ccccc1-c1nnn[nH]1)[C@@H]1C[C@@]2(C)CCCCN2O1,65
CCCCc1nc2ccc(cc2c(=O)n1Cc1ccc(cc1)-c1ccccc1-c1nnn[nH]1)[C@]1(C)C[C@H]2CCC(C)(C)N2O1,65
CCCCc1nc(CO)c(C(O)=O)n1Cc1ccc(cc1)-c1ccccc1C(O)=O,65
CCc1nc2ccc(NC(=O)N(C)C(C)C)cc2c(=O)n1Cc1ccc(cc1F)-c1ccccc1S(=O)(=O)NC(=O)COCC(C)C,65
CCc1cc(OCc2ccc(cc2)-c2ccccc2-c2nnn[nH]2)c2cc(ccc2n1)C(=O)OC,66
CCN(C(C(O)=O)c1cccc(C)c1)c1ccc(Cn2c(CC)nc3c(C)cc(C)nc23)cc1,66
CCCCC1=NC2(CCC(C)CC2)C(=O)N1Cc1ccc(cc1)-c1ccccc1C(O)=O,66
CCCNc1nc2ccccc2c(-c2ccc(Cn3c(CC)nc4c(C)cc(C)nc34)cc2)c1C(O)=O,66
CCOc1nc2cccc(C(=O)OC)c2n1Cc1ccc(cc1)-c1ccccc1-c1nnn[nH]1,66
CCc1cc(OCc2ccc(cc2)-c2cc(OC)ccc2-c2nnn[nH]2)c2CCCCc2n1,67
CCc1nc2ccn(Cc3cccc(F)c3)c(=O)c2n1[C@H]1CCc2cc(ccc12)-c1ccccc1-c1nnn[nH]1,67
CCCCc1nn(C(C(O)=O)c2ccccc2)c(=O)n1Cc1ccc(cc1)-c1ccccc1-c1nnn[nH]1,68
CCCCc1nc2ccc(cc2c(=O)n1Cc1ccc(cc1)-c1ccccc1-c1nnn[nH]1)[C@H]1[C@H]2[C@H](COC2=O)ON1C,68
CCCCc1nn(C(C(O)=O)c2ccccc2)c(=O)n1Cc1ccc(cc1)-c1ccccc1-c1nnn[nH]1,68
CCCCc1nn(C(C(O)=O)c2ccccc2)c(=O)n1Cc1ccc(cc1)-c1ccccc1-c1nnn[nH]1,68
CCc1nc2c(C)cc(C)nn2c1Cc1ccc(OC(C(O)=O)c2ccccc2)cc1,69
CCCCc1nn(-c2ccc(Cl)cc2)c(=O)n1Cc1ccc(cc1)-c1ccccc1-c1nnn[nH]1,69
CCCCc1nc2ccc(cc2c(=O)n1Cc1ccc(cc1)-c1ccccc1-c1nnn[nH]1)C1(C[C@H]2CCCN2O1)C(=O)N1CCCC1,69
CCCCc1nc2ccc(cc2c(=O)n1Cc1ccc(cc1)-c1ccccc1-c1nnn[nH]1)[C@H]1ON2CCCC2C1C(=O)OCC,69
CCCCc1nn(-c2ccc(Cl)cc2)c(=O)n1Cc1ccc(cc1)-c1ccccc1-c1nnn[nH]1,69
CCCCc1nn(-c2ccc(Cl)cc2)c(=O)n1Cc1ccc(cc1)-c1ccccc1-c1nnn[nH]1,69
CCc1cc(OCc2ccc(cc2)-c2ccccc2-c2nnn[nH]2)c2cc(OCCF)ccc2n1,70
CCc1nc2c(C)cc(C)nc2n1Cc1ccc(N(C)C(C(O)=O)c2ccccc2)c(C)c1,70
CCCCc1nnc(SCCc2ccccc2)n1Cc1ccc(NC(=O)c2ccccc2C(O)=O)cc1,70
CCCCc1nn(C)c(=O)n1Cc1ccc(cc1)-c1ccccc1-c1nnn[nH]1,70
CCCCc1nn(C(C(C)C)C(O)=O)c(=O)n1Cc1ccc(cc1)-c1ccccc1-c1nnn[nH]1,70
CCCCc1nc2ccc(cc2c(=O)n1Cc1ccc(cc1)-c1ccccc1-c1nnn[nH]1)[C@@]1(C)C[C@H]2CCC(C)(C)N2O1,70
CCCCc1nc2ccc(cc2c(=O)n1Cc1ccc(cc1)-c1ccccc1-c1nnn[nH]1)C1CC(=NO1)c1ccc(C)cc1,70
CCCc1nc2c(C)cc(cc2n1Cc1ccc(cc1)-c1ccccc1C(O)=O)C(=O)N[C@@H](COC)c1ccccc1,70
CCCCn1n(Cc2ccc(cc2)-c2ccccc2-c2nnn[nH]2)c2ncc(F)cc2c1=O,70
CCCCc1nnc(SCCc2ccccc2)n1Cc1ccc(NC(=O)c2ccccc2C(O)=O)cc1,70
CCCCc1nn(C)c(=O)n1Cc1ccc(cc1)-c1ccccc1-c1nnn[nH]1,70
CCCCc1nn(C)c(=O)n1Cc1ccc(cc1)-c1ccccc1-c1nnn[nH]1,70
CCCCc1nc(C)c(CC(=S)N2CC[C@@H]3CCCC[C@@H]23)c(=O)n1Cc1ccc(cc1)-c1ccccc1-c1noc(=O)[nH]1,70
CCCCc1ncc(\C=C2/N(Cc3csc(C)n3)C(=O)N(CCCC(F)(F)F)C2=O)n1Cc1ccc(cc1)C(=O)OC,70
CCCCC1=NCC2(CCCC2)C(=O)N1Cc1ccc(cc1)-c1ccccc1C(O)=O,71
CCCCc1nnc(SCC(C)C)n1Cc1ccc(cc1)-c1ccccc1-c1nnn[nH]1,72
CCc1nc2ccc(cc2c(=O)n1Cc1ccc(cc1)-c1ccccc1-c1nnn[nH]1)N(Cc1ccccc1)C(=O)c1ccccc1,72
CCCCc1nc(CCCC)n(Cc2ccc(cc2)-n2c(F)ccc2-c2nnn[nH]2)n1,72
CCCCc1nnc(SCC(C)C)n1Cc1ccc(NC(=O)c2ccccc2-c2nnn[nH]2)cc1,72
CCc1nc2c(C)cc(C)nc2n1Cc1ccc(cc1)-c1c(C(O)=O)c(OC)nc2ccccc12,74
CCCSc1nnc(CCc2ccccc2)n1Cc1ccc(NC(=O)c2ccccc2C(O)=O)cc1,75
CCCSc1nnc(CCc2ccccc2)n1Cc1ccc(NC(=O)c2ccccc2C(O)=O)cc1,75
CCCCc1nn(CC(F)(F)F)c(=O)n1Cc1ccc(cc1)-c1ccccc1-c1nnn[nH]1,76
CCOC(=O)c1c(Cc2ccc(cc2)-c2ccccc2-c2nnn[nH]2)c(CC2CC2)nn1-c1c(Cl)cccc1Cl,76
CCCc1nn(CC(F)(F)F)c(C(=O)OCC)c1Cc1ccc(cc1)-c1ccccc1-c1nnn[nH]1,76
CCCCc1nc2ccc(cc2c(=O)n1Cc1ccc(cc1)-c1ccccc1-c1nnn[nH]1)[C@@H]1C[C@@H]2[C@@H](ON=C2c2ccccc2)O1,76
CCCCn1n(Cc2ccc(cc2)-c2ccccc2-c2nnn[nH]2)c2ncc(Cl)cc2c1=O,76
CCCc1nc2c(C)ccnc2n1Cc1ccc(OC(c2nnn[nH]2)c2ccccc2)cc1,77
CCCCc1nc2ccc(cc2c(=O)n1Cc1ccc(cc1)-c1ccccc1-c1nn[n-]n1)C1(C)CC2CCCN2O1,77
CCCCc1nn(-c2ccccc2C(F)(F)F)c(=O)n1Cc1ccc(cc1)-c1ccccc1S(=O)(=O)Nc1ccc(cc1)[N+]([O-])=O,78
CCCc1nc2c(C)cc(cc2n1Cc1ccc(cc1)-c1ccccc1-c1nnn[nH]1)C(=O)NCCc1cc(OC)ccc1OC,78
CCCc1nc2c(C)cc(cc2n1Cc1ccc(cc1)-c1ccccc1-c1nnn[nH]1)C(=O)NCc1cccc(OC)c1,78.3
CCc1nc2ccc(cc2c(=O)n1Cc1ccc(cc1)-c1ccccc1-c1nnn[nH]1)N(CC=C(C)C)C(=O)c1ccccc1,79
CCCCc1nn(-c2ccccn2)c(=O)n1Cc1ccc(cc1)-c1ccccc1-c1nnn[nH]1,79
CCCCc1nc2ccc(cc2c(=O)n1Cc1ccc(cc1)-c1ccccc1-c1nnn[nH]1)[C@@]1(C[C@H]2CCCN2O1)C(=O)OC,79
CCCCc1nc2ccc(cc2c(=O)n1Cc1ccc(cc1)-c1ccccc1-c1nnn[nH]1)[C@H]1[C@H]2[C@H](CCC2=O)ON1Cc1ccccc1,79
CCCCc1nn(-c2ccccn2)c(=O)n1Cc1ccc(cc1)-c1ccccc1-c1nnn[nH]1,79
CCCCc1nn(-c2ccccn2)c(=O)n1Cc1ccc(cc1)-c1ccccc1-c1nnn[nH]1,79
CCCCCCOc1ccccc1C(Oc1ccc(Cn2c(CCC)nc3c(C)ccnc23)cc1)C(O)=O,80
CCCCc1nn(-c2ccc(cc2)[N+]([O-])=O)c(=O)n1Cc1ccc(cc1)-c1ccccc1-c1nnn[nH]1,80
CCCCC1=NC2(CCCC2)C(=S)N1Cc1ccc(cc1)-c1ccccc1C(O)=O,80
CCCCC1=NC(C2CC2)(C2CC2)C(=O)N1Cc1ccc(cc1)-c1ccccc1C(O)=O,80
CCC(C)N(C(C(O)=O)c1ccccc1)c1ccc(Cn2c(CC)nc3c(C)cc(C)nc23)cc1,80
CCCCc1nc(Cl)c(C(O)=O)n1Cc1ccc(NC(=O)[C@H](Cc2ccccc2)n2cccc2C(O)=O)cc1,80
CCCCC1=NC(C2CC2)(C2CC2)C(=O)N1Cc1ccc(cc1)-c1ccccc1C(O)=O,80
CCCCc1nn(-c2ccc(cc2)[N+]([O-])=O)c(=O)n1Cc1ccc(cc1)-c1ccccc1-c1nnn[nH]1,80
CCCCc1nn(-c2ccc(cc2)[N+]([O-])=O)c(=O)n1Cc1ccc(cc1)-c1ccccc1-c1nnn[nH]1,80
CCCCc1nc2ccc(cc2n1Cc1ccc(cc1)-c1ccccc1C(O)=O)N1CCCCC1=O,81
CCCCc1nn(c(C(=O)OCC)c1Cc1ccc(cc1)-c1ccccc1-c1nnn[nH]1)-c1ccccc1,81
CCCCn1n(Cc2ccc(cc2)-c2ccccc2-c2nnn[nH]2)c2nc(C)ccc2c1=O,81
CCc1nc2c(C)cc(C)nc2n1Cc1ccc2N(CCc2c1)C(C(O)=O)c1ccccc1,82
CCc1nc2c(C)cc(C)nc2n1Cc1ccc(N(CC=C)C(C(O)=O)c2ccccc2C)c(C)c1,82
CCc1nc2ccn(Cc3cccc(c3)C(F)(F)F)c(=O)c2n1[C@H]1CCc2cc(ccc12)-c1ccccc1-c1nnn[nH]1,82
CC(C)c1nc2cccc(C(O)=O)c2n1Cc1ccc(cc1)-c1ccccc1-c1nnn[nH]1,82
CCc1nc2c(C)cc(C)nn2c1Cc1ccc(cc1)-c1ccccc1C(O)=O,83
CCCCc1cc(=O)n2nc(nc2n1Cc1ccc(cc1)-c1ccccc1-c1nnn[nH]1)-c1ccccc1,83
CCCCc1nc2ccc(cc2c(=O)n1Cc1ccc(cc1)-c1ccccc1-c1nnn[nH]1)[C@]1(CC)C[C@H]2CCCN2O1,83
OC(=O)c1cccc2nc(C3CC3)n(Cc3ccc(cc3)-c3ccccc3-c3nnn[nH]3)c12,84
CCc1nc2ccc(NC(=O)c3ccccn3)cc2c(=O)n1Cc1ccc(cc1F)-c1ccccc1S(=O)(=O)NC(=O)OCCC(C)C,85
COCc1c(C)nc(C)cc1OCc1ccc(cc1)-c1ccccc1-c1nnn[nH]1,86
CCCCC(=O)Nc1ccc2nc(CCCC)n(Cc3ccc(cc3)-c3ccccc3C(O)=O)c2c1,86
CCc1nc2c(C)cc(C)nc2n1Cc1ccc(cc1)-c1cc(CN2CCOCC2)sc1S(=O)(=O)NC(=O)c1ccccc1,87
CCCSc1nc2c(C)cc(cc2n1Cc1ccc(cc1)-c1ccccc1C(O)=O)C(=O)NC[C@@H](C)c1ccccc1,87
CCN(C(C(O)=O)c1cc(F)ccc1F)c1ccc(Cn2c(CC)nc3c(C)cc(C)nc23)cc1,88
CCCCc1nc(CCCC)n(Cc2ccc(cc2)-n2c(ccc2C(F)(F)F)-c2nnn[nH]2)n1,88
CCCCc1nnc(C(=O)N(C)Cc2ccccc2)n1Cc1ccc(cc1)-c1ccccc1-c1nnn[nH]1,89
CCCCc1nnc(C(=O)N(C)Cc2ccccc2)n1Cc1ccc(NC(=O)c2ccccc2-c2nnn[nH]2)cc1,89
CCCCc1nnc(SCc2ccccc2C(=O)OC)n1Cc1ccc(cc1)-c1ccccc1-c1nnn[nH]1,90
CCCCc1ncc(\C=C(/Cc2ccc(OC)s2)C(O)=O)n1Cc1ccccc1Cl,90
CCCCc1nn(c(C(=O)OCC)c1Cc1ccc(cc1)-c1ccccc1-c1nnn[nH]1)-c1cccc(Cl)c1Cl,90
CCCC1(CC)CC(=O)N(Cc2ccc(cc2)-c2ccccc2-c2nnn[nH]2)\C(C1)=C\C(=O)OCC,90
CCCCn1n(Cc2ccc(cc2)-c2ccccc2-c2nnn[nH]2)c(=O)c2ccc(C)nc12,90
CCCCc1nn(C)c(=O)n1Cc1ccc(cc1)-c1ccccc1-c1nnn[nH]1,90
CCCCc1nnc(SCc2ccccc2C(=O)OC)n1Cc1ccc(NC(=O)c2ccccc2-c2nnn[nH]2)cc1,90
CCCCc1nn(CC(O)=O)c(=O)n1Cc1ccc(cc1)-c1ccccc1-c1nnn[nH]1,91
CCCc1nc2c(C)cc(cc2n1Cc1ccc(cc1)-c1ccccc1C(O)=O)C(=O)N[C@H](C)c1ccccc1,91
Cc1ccc2nc(-c3ccc(cc3)-c3ccccc3C(O)=O)n(Cc3ccc(cc3)-c3ccccc3-c3nnn[nH]3)c(=O)c2c1,92
CCc1nc2c(C)cc(C)nc2n1Cc1ccc2n(ccc2c1)C(=O)c1ccccc1NC(O)=O,92
CCCc1nc2cccc(C(O)=O)c2n1Cc1ccc(cc1)-n1cccc1C(O)=O,92
CCCCc1nc(Cl)c(C(O)=O)n1Cc1ccc(cc1)-c1ccccc1C(O)=O,92
CCCCc1nc2ccc(C)cc2c(=O)n1Cc1ccc(cc1)-c1ccccc1C(O)=O,92
Cc1noc(NS(=O)(=O)c2ccccc2-c2ccc(Cn3cnc4ccccc34)cc2)c1C,92
CCCCc1nc2ccccc2n1Cc1ccc(OC(C(O)=O)c2ccccc2)cc1,93
CCc1cc(OCc2ccc(cc2)-c2ccc(Cl)cc2-c2nnn[nH]2)c2CCCCc2n1,93
CCCCN(C(C(O)=O)c1ccccc1)c1ccc(Cn2c(CC)nc3c(C)cc(C)nc23)cc1,94
CCCCCc1nnc(SCc2ccc(Cl)cc2)n1Cc1ccc(cc1)-c1ccccc1-c1nnn[nH]1,94
CCCCc1nnc(SCc2cccc(OC)c2)n1Cc1ccc(cc1)-c1ccccc1-c1nnn[nH]1,94
CCCCc1nc2ccc(cc2c(=O)n1Cc1ccc(cc1)-c1ccccc1-c1nnn[nH]1)[C@@H]1[C@H]2[C@H](COC2=O)ON1Cc1ccccc1,94
CCCc1nc2c(C)cc(cc2n1Cc1ccc(cc1)-c1ccccc1C(O)=O)C(=O)NC[C@H](O)c1ccccc1,94
CCc1nc2ccn(Cc3ccccc3C(F)(F)F)c(=O)c2n1[C@H]1CCc2cc(ccc12)-c1ccccc1-c1nnn[nH]1,94
CCCCc1nnc(SCc2cccc(OC)c2)n1Cc1ccc(NC(=O)c2ccccc2-c2nnn[nH]2)cc1,94
CCCCCc1nnc(SCc2ccc(Cl)cc2)n1Cc1ccc(NC(=O)c2ccccc2-c2nnn[nH]2)cc1,94
CCc1nc2c(C)cc(C)nc2n1Cc1ccc(OC(C(O)=O)c2ccccc2)c(Cc2ccccc2)c1,95
CCCCc1nn(C(C)C(=O)NC)c(=O)n1Cc1ccc(cc1)-c1ccccc1-c1nnn[nH]1,95
[O-][N+](=O)c1ccccc1-n1nc(C2CC2)n(Cc2ccc(cc2)-c2ccccc2-c2nnn[nH]2)c1=O,95
CCCCc1nc(CCCC)n(Cc2ccc(cc2)-c2ccccc2C(O)=O)n1,95
CCCCc1n(Cc2ccc(cc2)-c2ccccc2-c2nnn[nH]2)c(=O)c2ccc[nH]c12,95
CCCCc1nc(Cl)c(CO)n1Cc1ccc(cc1)-c1ccccc1-c1nnn[nH]1,95
CCCCc1nc2ccccc2n1Cc1ccc(cc1)-c1ccccc1-c1nnn[nH]1,96
CCc1nc2c(C)cc(C)nc2n1C1CCc2cc(ccc12)-c1ccccc1-c1nnn[nH]1,96
CCCc1nc2c(C)cc(cc2n1Cc1ccc(cc1)-c1ccccc1-c1nnn[nH]1)C(=O)NCc1ccc(OC)c(OC)c1,96.8
CCCc1nnc(SCc2ccc(Cl)cc2)n1Cc1ccc(cc1)-c1ccccc1-c1nnn[nH]1,98
CCCCc1nc(CCCC)n(Cc2ccc(cc2)-c2ncccc2-c2nnn[nH]2)n1,98
CCCCc1nc2ccc(cc2c(=O)n1Cc1ccc(cc1)-c1ccccc1-c1nnn[nH]1)[C@H]1[C@H]2[C@H](CCC2=O)ON1C,98
CCCCc1nc2ccc(cc2c(=O)n1Cc1ccc(cc1)-c1ccccc1-c1nnn[nH]1)[C@H]1[C@@H]2CCC[C@@H]2ON1C,98
CCCc1nnc(SCc2ccc(Cl)cc2)n1Cc1ccc(NC(=O)c2ccccc2-c2nnn[nH]2)cc1,98
CCCCc1nn(C2CC2)c(=O)n1Cc1ccc(cc1)-c1ccccc1-c1nnn[nH]1,100
CCCCc1nn(-c2ccccc2N)c(=O)n1Cc1ccc(cc1)-c1ccccc1-c1nnn[nH]1,100
CCc1nc2c(C)cc(C)nc2n1Cc1ccc(NC(C(O)=O)c2ccccc2)c(C)c1,100
CCc1nc2c(C)cc(C)nc2n1Cc1ccc(cc1)N(C)C(C(O)=O)c1cc(F)ccc1F,>100
CCCCc1nnc(Sc2ccccc2)n1Cc1ccc(cc1)-c1ccccc1-c1nnn[nH]1,100
CCCc1nc(CC)c(C(O)=O)n1Cc1ccc(cc1)-c1ccccc1C(O)=O,100
CCCc1nc(C(O)=O)c(C(O)=O)n1Cc1ccc(cc1)-c1ccccc1-c1nnn[nH]1,100
CCCCc1nn(Cc2ccccc2)c(C(=O)OCC)c1Cc1ccc(cc1)-c1ccccc1-c1nnn[nH]1,>100
CCCCc1nn(c(C(=O)OCC)c1Cc1ccc(cc1)-c1ccccc1-c1nnn[nH]1)-c1ccc(Cl)cc1,100
CCc1nc2ccc(C)cc2c(=O)n1Cc1ccc(cc1)-c1ccccc1-c1nnn[nH]1,>100
CCOC(=O)\C=C1/N(Cc2ccc(cc2)-c2ccccc2-c2nnn[nH]2)C(=O)CC1(CC)CC,100
CCCc1nc(CN(CC(O)=O)C(=O)C(c2ccccc2)c2ccccc2)c(C(O)=O)n1Cc1ccc(cc1)-c1ccccc1-c1nnn[nH]1,100
CCCc1cc(=O)[nH]c(=O)n1Cc1ccc(cc1)-c1ccccc1-c1nnn[nH]1,100
CC1=NC(C(=O)N1Cc1ccc(cc1)-c1ccccc1-c1nnn[nH]1)(c1ccccc1)c1ccccc1,100
CCS(=O)c1nc2cccc(C(=O)OC)c2n1Cc1ccc(cc1)-c1ccccc1-c1nnn[nH]1,>100
CCOC(=O)\C=C1/N(Cc2ccc(cc2)-c2ccccc2-c2nnn[nH]2)C(=O)CC1(CC)CC,100
CCCCc1nn(-c2ccccc2N)c(=O)n1Cc1ccc(cc1)-c1ccccc1-c1nnn[nH]1,100
CCCCc1nn(-c2ccccc2N)c(=O)n1Cc1ccc(cc1)-c1ccccc1-c1nnn[nH]1,100
CCCCc1nnc(Sc2ccccc2)n1Cc1ccc(NC(=O)c2ccccc2-c2nnn[nH]2)cc1,100
CCCCc1nn(CCCC)c(=O)n1Cc1ccc(cc1)-c1ccccc1C(O)=O,101
CCCCc1nc2ccc(cc2c(=O)n1Cc1ccc(cc1)-c1ccccc1-c1nnn[nH]1)C1=NN2CCCC2C1,102
CCCc1nc2c(C)cc(cc2n1Cc1ccc(cc1)-c1ccccc1C(O)=O)C(=O)NC[C@@H](O)c1ccccc1,104
CCCCN1C(=O)N(Cc2ccc3ccccc3c2)\C(=C/c2cnc(CCCC)n2Cc2ccc(cc2)C(=O)OC)C1=O,104
CCCCc1nn(c(C(=O)OCC)c1Cc1ccc(cc1)-c1ccccc1-c1nnn[nH]1)-c1cc(Cl)ccc1Cl,105
CCCCc1nc2ccc(cc2c(=O)n1Cc1ccc(cc1)-c1ccccc1-c1nnn[nH]1)[C@@H]1C[C@@H]2[C@@H](ON=C2c2ccc(C)cc2)O1,105
CCCCc1nc2ccc(cc2c(=O)n1Cc1ccc(cc1)-c1ccccc1-c1nnn[nH]1)C1CCC2CCCC2O1,105
CCCc1nc2c(C)cc(C)nc2n1Cc1ccc(cc1)-c1c(cnc2ccccc12)C(=O)NS(=O)(=O)c1ccc(cc1)[N+]([O-])=O,106
CCCc1nc2c(C)cc(cc2n1Cc1ccc(cc1)-c1ccccc1C(O)=O)C(=O)NCCc1ccccc1F,106
CCCc1nc2c(C)cc(cc2n1Cc1ccc(cc1)-c1ccccc1-c1nnn[nH]1)C(=O)NC[C@@H](O)c1ccccc1,107
CCCn1n(Cc2ccc(cc2)-c2ccccc2-c2nnn[nH]2)c2ncccc2c1=O,108
CCCCC1=NC2(CCN(Cc3ccccc3)CC2)C(=O)N1Cc1ccc(cc1)-c1ccccc1C(O)=O,110
CCCCc1nn(Cc2cccc(c2)C(=O)OC)c(=O)n1Cc1ccc(cc1)-c1ccccc1-c1nnn[nH]1,110
CCCCc1nnc(SCc2ccccc2Cl)n1Cc1ccc(cc1)-c1ccccc1-c1nnn[nH]1,110
CCCc1nc(C)c(C(O)=O)n1Cc1ccc(cc1)-c1ccccc1C(O)=O,110
CCCc1nc(c(C(O)=O)n1Cc1ccc(cc1)-c1ccccc1C(O)=O)C(O)(CC)CC,110
CCCCc1nc(CCCC)n(Cc2ccc(cc2)-c2cccnc2-c2nnn[nH]2)n1,110
CCCCc1nc2ccc(cc2c(=O)n1Cc1ccc(cc1)-c1ccccc1-c1nnn[nH]1)C1NN=C2[C@H]1C(=O)N(C)C2=O,110
CCOc1nc2cccc(C(O)=O)c2n1Cc1ccc(cc1)-c1ccccc1-c1nnn[nH]1,110
CCCCc1nn(-c2ccccc2C(F)(F)F)c(=O)n1Cc1ccc(cc1F)-c1cc(CCC)ccc1S(=O)(=O)NC(=O)c1ccccc1Cl,110
CCOc1nc2cccc(C(O)=O)c2n1Cc1ccc(cc1)-c1ccccc1-c1nnn[nH]1,110
CCOc1nc2cccc(C(O)=O)c2n1Cc1ccc(cc1)-c1ccccc1-c1nnn[nH]1,110
CCOc1nc2cccc(C(O)=O)c2n1Cc1ccc(cc1)-c1ccccc1-c1nnn[nH]1,110
CCCCc1nn(Cc2cccc(c2)C(=O)OC)c(=O)n1Cc1ccc(cc1)-c1ccccc1-c1nnn[nH]1,110
CCCCc1nn(Cc2cccc(c2)C(=O)OC)c(=O)n1Cc1ccc(cc1)-c1ccccc1-c1nnn[nH]1,110
CCCCc1nnc(SCc2ccccc2Cl)n1Cc1ccc(NC(=O)c2ccccc2-c2nnn[nH]2)cc1,110
CCCCn1nc(OCc2ccc(cc2)-c2ccccc2-c2nnn[nH]2)c2cccnc2c1=O,114
CCCCc1nn(-c2ccccc2C(O)=O)c(=O)n1Cc1ccc(cc1)-c1ccccc1-c1nnn[nH]1,115
CCCCc1nn(-c2ccccc2C(O)=O)c(=O)n1Cc1ccc(cc1)-c1ccccc1-c1nnn[nH]1,115
CCCc1nc2c(C)cc(cc2n1Cc1ccc(cc1)-c1ccccc1C(O)=O)C(=O)NCCCc1ccccc1,115
CCCCc1nn(-c2ccccc2C(O)=O)c(=O)n1Cc1ccc(cc1)-c1ccccc1-c1nnn[nH]1,115
CCCc1nc2c(C)ccnc2n1Cc1ccc(cc1)-c1ncccc1-c1nnn[nH]1,116
CCCc1nc2c(C)ccnc2n1Cc1ccc(cc1)-c1ncccc1-c1nnn[nH]1,116
CCCCc1c(Br)nc(CO)n1Cc1ccc(cc1)-c1ccccc1-c1nnn[nH]1,117
CCCCN1C(=O)N(Cc2cccc(Cl)c2)\C(=C/c2cnc(CCCC)n2Cc2ccc(cc2)C(=O)OC)C1=O,117
CCCCc1c(Br)nc(CO)n1Cc1ccc(cc1)-c1ccccc1-c1nnn[nH]1,117.49
CCCc1nc2c(C)cc(cc2n1Cc1ccc(cc1)-c1ccccc1-c1nnn[nH]1)C(=O)NCc1ccc(OC)cc1,118.5
CCc1nc2c(C)cc(C)nc2n1Cc1ccc(OC(C(O)=O)c2ccccc2)c(c1)C(=O)c1ccccc1,120
CCCc1nnc(SCc2ccccc2)n1Cc1ccc(NC(=O)c2ccccc2C(O)=O)cc1,120
CCCCc1nnc(SCc2ccc(cc2)C(=O)OC)n1Cc1ccc(cc1)-c1ccccc1-c1nnn[nH]1,120
CCc1cc(OCc2ccc(cc2)-c2ccccc2-c2nnn[nH]2)c2c(Cl)cccc2n1,120
CCCCc1nc2ccc(NS(=O)(=O)C(F)(F)F)cc2c(=O)n1Cc1ccc(cc1)-c1ccccc1-c1nnn[nH]1,120
CCc1nc2c(C)cc(C)nc2n1Cc1ccc(cc1)-c1ccccc1C1=Nc2ccccc2S(=O)(=O)N1,120
CCCCc1nn(-c2cccc(Cl)c2)c(=O)n1Cc1ccc(cc1)-c1ccccc1-c1nnn[nH]1,120
Cc1cc(OCc2ccc(cc2)-c2ccccc2-c2nnn[nH]2)c(CO)c(C)n1,120
CCc1nc2c(C)cc(C)nc2n1Cc1ccc2n(Cc3c(Cl)cccc3C#N)ccc2c1,120
CCCCC1=NC(Cl)C(CO)N1Cc1ccc(cc1)-c1ccccc1-c1nnn[nH]1,120
CCOC(=O)\C=C1/CC(C)(CC(=O)N1Cc1ccc(cc1)-c1ccccc1-c1nnn[nH]1)C(C)C,120
CCCC1(C)CC(=O)N(Cc2ccc(cc2)-c2ccccc2-c2nnn[nH]2)\C(C1)=C\C(=O)OCC,120
CCCCc1ncc2C=CCC(c3ccc(cc3)-c3ccccc3-c3nnn[nH]3)n12,120
CCCCC1=NC(Cl)C(CO)N1Cc1ccc(cc1)-c1ccccc1-c1nnn[nH]1,120
CSc1nc2cccc(C(O)=O)c2n1Cc1ccc(cc1)-c1ccccc1-c1nnn[nH]1,120
CCCCC1=NC(Cl)C(CO)N1Cc1ccc(cc1)-c1ccccc1-c1nnn[nH]1,120
CCCSc1nc2cccc(C(O)=O)c2n1Cc1ccc(cc1)-c1ccccc1-c1nnn[nH]1,120
CCCCc1nn(-c2cccc(Cl)c2)c(=O)n1Cc1ccc(cc1)-c1ccccc1-c1nnn[nH]1,120
CCCCc1nn(-c2cccc(Cl)c2)c(=O)n1Cc1ccc(cc1)-c1ccccc1-c1nnn[nH]1,120
CCCCc1nnc(SCc2ccc(cc2)C(=O)OC)n1Cc1ccc(NC(=O)c2ccccc2-c2nnn[nH]2)cc1,120
CCCCn1n(Cc2ccc(cc2)-c2ccccc2-c2nnn[nH]2)c2nc(NC)ccc2c1=O,124
CC(C)CCn1n(Cc2ccc(cc2)-c2ccccc2-c2nnn[nH]2)c2ncccc2c1=O,124
OC(=O)\C=C\c1ccc(O)c(O)c1,125
CCCc1nc2c(C)cc(cc2n1Cc1ccc(cc1)-c1ccccc1-c1nnn[nH]1)C(=O)N[C@H](CO)c1ccccc1,129
CCCCc1nnc(SCc2ccccc2[N+]([O-])=O)n1Cc1ccc(cc1)-c1ccccc1-c1nnn[nH]1,130
O=c1n(CCc2ccccc2)nc(C2CC2)n1Cc1ccc(cc1)-c1ccccc1-c1nnn[nH]1,130
Cc1cc(OCc2ccc(cc2)-c2ccccc2-c2nnn[nH]2)c(C)c(C)n1,130
CCCCc1nc(Cl)c(C(O)=O)n1Cc1ccc(cc1)-c1ccccc1C(O)=O,130
CCCCc1[nH]nc(C(=O)OCC)c1Cc1ccc(cc1)-c1ccccc1-c1nnn[nH]1,130
CCCCc1nc(Cl)c(C(O)=O)n1Cc1ccc(cc1)-c1ccccc1C(O)=O,130
CCCCc1nnc(SCc2ccccc2[N+]([O-])=O)n1Cc1ccc(NC(=O)c2ccccc2-c2nnn[nH]2)cc1,130
CCCCc1nc2ccc(cc2c(=O)n1Cc1ccc(cc1)-c1ccccc1-c1nnn[nH]1)C1CCC2CCCCC2O1,132
CC[C@H](C)[C@H](NC(=O)[C@H](Cc1ccc(O)cc1)NC(=O)[C@@H](NC(=O)[C@@H](N)CCCNC(N)=N)C(C)C)C(=O)N1Cc2cc(O)ccc2C[C@H]1C(=O)N1CCC[C@H]1C(=O)N[C@@H](Cc1ccccc1)C(O)=O,134
CCCCc1nnc(NCc2ccc(Cl)cc2)n1Cc1ccc(cc1)-c1ccccc1-c1nnn[nH]1,140
CCOc1cc(Cn2c(CC)nc3c(C)cc(C)nc23)ccc1OC(C(O)=O)c1ccccc1,140
CCc1cc(OCc2ccc(cc2)-c2ccccc2-c2nnn[nH]2)c2ccc(C)cc2n1,140
CCc1cc(OCc2ccc(cc2)-c2ccccc2-c2nnn[nH]2)c2cccc(Cl)c2n1,140
CCc1cc(OCc2ccc(cc2)-c2ccc(OC)cc2-c2nnn[nH]2)c2CCCCc2n1,140
CCCCc1nc(Cl)c(CC(O)=O)n1Cc1ccc(NC(=O)[C@H](Cc2ccccc2)n2cccc2C)cc1,140
CCCCC1=NC2(CCN(CC2)C(=O)C(F)(F)F)C(=O)N1Cc1ccc(cc1)-c1ccccc1C(O)=O,140
CCCCc1nc(Cl)c(CC(=O)OC)n1Cc1ccc(NC(=O)c2ccccc2C(O)=O)cc1,140
CCCCc1nc(Cl)c(CC(O)=O)n1Cc1ccc(NC(=O)[C@H](Cc2ccccc2)n2ccc(C(=O)OCC)c2C)cc1,140
CCc1nc2cccc(C(=O)OC)c2n1Cc1ccc(cc1)-n1cccc1-c1nnn[nH]1,140
CCOC(=O)\C=C1/N(Cc2ccc(cc2)-c2ccccc2-c2nnn[nH]2)C(=O)CC11CCCCC1,140
CCCCc1nc2ccc(cc2c(=O)n1Cc1ccc(cc1)-c1ccccc1-c1nnn[nH]1)C1(C)CC(=NO1)C(=O)OCC,140
CCCCc1nc(Cl)c(COC(=O)CCC(=O)Oc2cc(ccc2O)-c2oc3cc(O)cc(O)c3c(=O)c2O)n1Cc1ccc(cc1)-c1ccccc1-c1nnn[nH]1,140
CCCCc1nc(Cl)c(COC(=O)CCC(=O)Oc2ccc(cc2O)-c2oc3cc(O)cc(O)c3c(=O)c2O)n1Cc1ccc(cc1)-c1ccccc1-c1nnn[nH]1,140
CCCCc1nnc(NCc2ccc(Cl)cc2)n1Cc1ccc(NC(=O)c2ccccc2-c2nnn[nH]2)cc1,140
CCCn1nc(OCc2ccc(cc2)-c2ccccc2-c2nnn[nH]2)c2cccnc12,146
CCCCc1nc(CCCC)n(Cc2ccc(cc2)-c2cnccc2-c2nnn[nH]2)n1,150
CCCCC1=NC(Cl)C(CO)N1Cc1ccc(cc1)-c1ccccc1-c1nnn[nH]1,150
CCCCc1nc2ccc(cc2c(=O)n1Cc1ccc(cc1)-c1ccccc1-c1nnn[nH]1)[C@@H]1[C@H]2[C@H](COC2=O)ON1C,150
CCc1nc(CO)c(C(O)=O)n1Cc1ccc(cc1)-c1ccccc1C(O)=O,150
CCCc1nc2c(C)cc(cc2n1Cc1ccc(cc1)-c1ccccc1C(O)=O)-c1nc2ccccc2n1C,150
CCCCc1nc(Cl)c(CO)n1Cc1ccc(cc1)-c1ccccc1-c1nn[n-]n1,150
CSCc1nc2cccc(C(O)=O)c2n1Cc1ccc(cc1)-c1ccccc1-c1nnn[nH]1,150
CCCCC1=NC2(CCCC2)C(=O)N1Cc1ccc(cc1)-c1ccccc1-c1nnnn1C,150
CCCCc1nn(-c2ccccc2C(F)(F)F)c(=O)n1Cc1ccc(cc1)-c1cc(CCC)ccc1S(=O)(=O)NC(=O)OC(C)(C)C,150
CCCCC1=NC(C)(CC2CCCCC2)C(=O)N1Cc1ccc(cc1)-c1ccccc1C(O)=O,150
CCCCC1=NC(CCC)(CCC)C(=O)N1Cc1ccc(cc1)-c1ccccc1C(O)=O,150
CCCCc1nc2ccc(cc2c(=O)n1Cc1ccc(cc1)-c1ccccc1-c1nnn[nH]1)[C@H]1C2CCCC2ON1C,154
CCCc1n(Cc2ccc(cc2)-c2ccccc2-c2nnn[nH]2)c(=O)c2ccc[nH]c12,154
CCCCC1=NC2(CCCCC2)C(=O)N1Cc1ccc(cc1)-c1ccccc1C(O)=O,155
CCCc1nc2c(C)cc(cc2n1Cc1ccc(cc1)-c1ccccc1-c1nnn[nH]1)C(=O)N[C@H](COC)c1ccccc1,157
CCCc1nc2c(C)cc(CN(C)C)cc2n1Cc1ccc(cc1)-c1ccccc1C(O)=O,158
CCCCN1C(=O)N(Cc2ccc(cc2)C(F)(F)F)\C(=C/c2cnc(CCCC)n2Cc2ccc(cc2)C(=O)OC)C1=O,159
CCc1cc(OCc2ccc(cc2)-c2ccccc2-c2nnn[nH]2)c2ccc(Cl)cc2n1,160
CCc1nc2cccc(C(O)=O)c2n1Cc1ccc(cc1)-n1cccc1C(O)=O,160
CCCCc1nc2cccc(NC(=O)NC3CCCCC3)c2n1Cc1ccc(cc1)-c1ccccc1C(O)=O,160
CCCCC1=NC(Cl)C(CO)N1Cc1ccc(cc1)-c1ccccc1-c1nnn[nH]1,160
CCCCC1=NC(Cl)C(CO)N1Cc1ccc(cc1)-c1ccccc1-c1nnn[nH]1,160
CCCCc1nc2ccc(cc2n1Cc1ccc(cc1)-c1ccccc1C(O)=O)N1CCCCC1,160
CCc1nc2c(C)cc(C)nc2n1Cc1ccc2n(Cc3cccc(c3C(O)=O)[N+]([O-])=O)ccc2c1,160
CCCc1[nH]nc(C(=O)OCC)c1Cc1ccc(cc1)-c1ccccc1-c1nnn[nH]1,160
CCc1nc2ccc(cc2c(=O)n1Cc1ccc(cc1)-c1ccccc1-c1nnn[nH]1)N(Cc1ccccc1)C(=O)OCC(C)C,160
CCc1nc2c(C)cc(C)nc2n1Cc1ccc(Oc2ccccc2-c2nnn[nH]2)cc1,160
CCCc1nc2c(C)cc(cc2n1Cc1ccc(cc1)-c1ccccc1-c1nnn[nH]1)C(=O)NC[C@H](O)c1ccccc1,161
CCCCc1nc2cc(ccc2n1Cc1ccc(cc1)-c1ccccc1-c1nnn[nH]1)C1=NNC(=O)CC1C,161
CCCCn1n(Cc2ccc(cc2)-c2ccccc2-c2nnn[nH]2)c2nc(Cl)ccc2c1=O,168
CCCCCCCCn1nc(CCCC)n(Cc2ccc(cc2)-c2ccccc2-c2nnn[nH]2)c1=O,170
CCc1nc2c(C)cc(C)nc2n1Cc1ccc2N(Cc3cc(Cl)c(Cl)cc3C(O)=O)CCc2c1,170
CCc1nc2c(C)cc(C)nc2n1Cc1ccc2N(CCc2c1)C(C(=O)OC)c1ccccc1,170
CCc1nc2ccc(cc2c(=O)n1Cc1ccc(cc1)-c1ccccc1-c1nnn[nH]1)N(Cc1ccccc1)C(=O)c1ccncc1,170
CCc1cc(OCc2ccc(cc2)-c2ccccc2C(O)=O)c2ccccc2n1,170
CCCCc1nn2c(c(C)nc2n1Cc1ccc(cc1)-c1ccccc1-c1nnn[nH]1)-c1ccccc1,170
CCc1nc2c(C)cc(C)nc2n1Cc1ccc(OC(C(O)=O)c2ccccc2)c(OC)c1,170
CCCc1nc2cccc(C(O)=O)c2n1Cc1ccc(cc1)-c1ccccc1-c1nnn[nH]1,170
CNc1nc2cccc(C(O)=O)c2n1Cc1ccc(cc1)-c1ccccc1-c1nnn[nH]1,170
CCSc1nc2cccc(C(O)=O)c2n1Cc1ccc(cc1)-c1ccccc1-c1nnn[nH]1,170
CC[C@H](C)[C@H](NC(=O)[C@H](Cc1ccc(O)cc1)NC(=O)[C@@H](NC(=O)[C@H](CCCNC(N)=N)NC(=O)[C@@H](N)CC(O)=O)C(C)C)C(=O)N1Cc2ccc(O)cc2C[C@H]1C(=O)N1CCC[C@H]1C(=O)N[C@@H](Cc1ccccc1)C(O)=O,174
CCCCc1nc2ccc(cc2c(=O)n1Cc1ccc(cc1)-c1ccccc1-c1nnn[nH]1)[C@H]1[C@H]2[C@H](COC2=O)ON1Cc1ccccc1,177
CCCCC1(CC)CC(=O)N(Cc2ccc(cc2)-c2ccccc2-c2nnn[nH]2)\C(C1)=C\C(=O)OCC,180
CCCCc1nc2ccc(cc2c(=O)n1Cc1ccc(cc1)-c1ccccc1-c1nnn[nH]1)[C@H]1C2CCCCCCC2ON1C,180
Cc1cc(OCc2ccc(cc2)-c2ccccc2C(O)=O)c2ccccc2n1,180
CCCCc1nc2ccc(cc2c(=O)n1Cc1ccc(cc1)-c1ccccc1-c1nnn[nH]1)C1CC(=NO1)c1cc(C)co1,180
CCCCc1nc(Cl)c(CO)n1Cc1ccc(NC(=O)[C@H](Cc2ccccc2)n2cccc2C(O)=O)cc1,180
CCc1nc2ccc(cc2c(=O)n1Cc1ccc(cc1)-c1ccccc1S(=O)(=O)NC(=O)c1ccccc1)N(Cc1ccccc1)C(=O)c1ccccc1,180
CCCCc1nc(Cl)c(C(O)=O)n1Cc1ccc(NC(=O)[C@H](Cc2cccs2)n2cccc2C(O)=O)cc1,180
CCCCc1nn(CC(OCC(=O)OCC)c2ccccc2)c(=O)n1Cc1ccc(cc1)-c1ccccc1-c1nnn[nH]1,180
CCCCc1nc2ccc(NC(C)=O)cc2n1Cc1ccc(cc1)-c1ccccc1C(O)=O,180
CCCCc1nnc(SCC(=O)c2ccccc2)n1Cc1ccc(NC(=O)c2ccccc2C(O)=O)cc1,190
CCCCC1=NC2(CCCC2)C(=O)N1Cc1ccc(cc1)-c1ccccc1C(O)=O,190
CCOc1nc2cccc(C(O)=O)c2n1Cc1ccc(cc1)-c1ccccc1C(O)=O,190
Cc1nc2cccc(C(O)=O)c2n1Cc1ccc(cc1)-c1ccccc1-c1nnn[nH]1,190
CCCCc1nnc(SCC(=O)c2ccccc2)n1Cc1ccc(NC(=O)c2ccccc2C(O)=O)cc1,190
Cc1cc(OCc2ccc(cc2)-c2ccccc2-c2nnn[nH]2)c(C=O)c(C)n1,190
CCCCC1NC2(CCCC2)C(=O)N1Cc1ccc(cc1)-c1ccccc1C(O)=O,190
CCCOc1nc2cccc(C(O)=O)c2n1Cc1ccc(cc1)-c1ccccc1-c1nnn[nH]1,190
CCCCc1nc(CCCC)n2C(CC=Cc12)c1ccc(cc1)-c1ccccc1-c1nnn[nH]1,190
CCCc1nc2c(C)cc(cc2n1Cc1ccc(cc1)-c1ccccc1C(O)=O)C(=O)NCCc1ccc(F)cc1,198
CCCCN1C(=O)N(Cc2c(C)noc2C)\C(=C/c2cnc(CCCC)n2Cc2ccc(cc2)C(=O)OC)C1=O,198
CN(Cc1cn(nc1-c1ccc(Cl)cc1)-c1ccccc1)C(=O)CCC(O)=O,199
CCCCc1nc(CO)c(Cl)n1Cc1ccc2cc(ccc2c1)-c1nnn[nH]1,200
CCc1nc2ccc(cc2c(=O)n1Cc1ccc(cc1)-c1ccccc1-c1nnn[nH]1)N(Cc1ccccc1)C(=O)c1cccs1,200
CCc1nc2c(C)cc(C)nc2n1Cc1ccc(cc1)N(CC=C)C(C(O)=O)c1cc(F)ccc1F,200
CCc1nc2c(C)cc(C)nc2n1Cc1ccc(NC(C(O)=O)c2ccccc2)cc1,200
CCCc1nc(c(C(=O)OCC)n1Cc1ccc(cc1)-c1ccccc1-c1nnn[nH]1)C(C)(C)O,200
CCOC(=O)\C=C1/CC(C)CC(=O)N1Cc1ccc(cc1)-c1ccccc1-c1nnn[nH]1,200
CCCCc1nc2ccccc2c(=O)n1Cc1ccc(cc1)-c1ccccc1C(O)=O,200
COC(=O)c1cccc2nc(C)n(Cc3ccc(cc3)-n3cccc3-c3nnn[nH]3)c12,200
CCCCC(=O)N(Cc1ccc(cc1)-c1ccccc1-c1nnn[nH]1)[C@H](C)C(O)=O,200
CN(Cc1cn(nc1-c1ccc(Cl)cc1)-c1ccccc1)C(=O)CCC(O)=O,200
CCOc1nc2cccc(C(=O)OC(C)OC(=O)OC3CCCCC3)c2n1Cc1ccc(cc1)-c1ccccc1-c1nnn[nH]1,200
CCc1nc2c(C)c(C)c(C)nc2n1[C@H]1CCc2cc(ccc12)-c1ccccc1-c1nnn[nH]1,202
CCCc1nc2c(C)cc(cc2n1Cc1ccc(cc1)-c1ccccc1-c1nnn[nH]1)C(=O)NCCc1ccc(F)cc1,209
CCCCc1nc(Cl)c(CCC(=O)OC)n1Cc1ccc(NC(=O)[C@H](Cc2ccccc2)n2cccc2C(=O)OC)cc1,210
CCCCc1nc(Cl)c(CO)n1Cc1ccc(NC(=O)[C@H](Cc2ccccc2)n2cccc2C(=O)OC)cc1,210
CCCCc1nc(Cl)c(CC(O)=O)n1Cc1ccc(NC(=O)[C@H](Cc2ccccc2)n2cccc2)cc1,210
CCC1(CC)CC(=O)N(Cc2ccc(cc2)-c2ccccc2-c2nnn[nH]2)\C(C1)=C\C(=O)OC,210
CCCc1nc2c(C)cc(cc2n1Cc1ccc(cc1)-c1ccccc1C(O)=O)C(=O)NCCc1ccc(OC)cc1,214
CCCc1nc2c(C)cc(cc2n1Cc1ccc(cc1)-c1ccccc1C(O)=O)C(=O)N[C@H](CO)c1ccccc1,214
CCc1nc2c(C)cc(C)nc2n1Cc1ccc(cc1)-c1c(CC(O)=O)c(Cl)nc2ccccc12,215
CCCCc1nn2c(cnc2n1Cc1ccc(cc1)-c1ccccc1-c1nnn[nH]1)-c1ccccc1,220
CCCCC1=NC2(CCN(CC2)C(=O)C(N)CCCNC(N)=N)C(=O)N1Cc1ccc(cc1)-c1ccccc1C(O)=O,220
CCc1cc(OCc2ccc(cc2)-c2ccccc2-c2nnn[nH]2)c2ccc(OC)cc2n1,220
CCc1nc2c(C)cc(C)nc2n1Cc1ccc2n(Cc3ccccc3C(O)=O)ccc2c1,230
CCCCC1=NC(C)(CC(C)CC(C)C)C(=O)N1Cc1ccc(cc1)-c1ccccc1C(O)=O,230
CCCCc1nc(Cl)c(CO)n1Cc1ccc(cc1)-c1ccccc1C(O)=O,230
CCCc1nc2c(C)ccnc2n1Cc1ccc(OC(C(O)=O)c2ccccc2C(O)=O)cc1,235
CCCCc1nc2c(C)cc(C)nc2n1C1CCc2cc(ccc12)-c1ccccc1-c1nnn[nH]1,238
CCCc1nc2ccc(cc2n1Cc1ccc(cc1)-c1ccccc1-c1nnn[nH]1)-c1nc2ccccc2o1,240
CCc1nc2c(C)cc(C)nc2n1Cc1ccc2n(ccc2c1)C(=O)c1ccccc1,240
CCCCc1nc(Cl)c(CC(O)=O)n1Cc1ccc(NC(=O)[C@H](Cc2ccccc2)n2ccc(c2)C(=O)OCC)cc1,240
CCCCN1C(=O)N(Cc2c[nH]c(C)n2)\C(=C/c2cnc(CCCC)n2Cc2ccc(cc2)C(=O)OC)C1=O,245
CCCCc1cnc(CO)n1Cc1ccc(cc1)-c1ccccc1C(O)=O,245
CCCCc1cnc(CO)n1Cc1ccc(cc1)-c1ccccc1C(O)=O,245.47
CCc1nc2c(C)cc(C)nc2n1Cc1ccc2n(ccc2c1)C(=O)c1ccccc1C#N,250
CCCOc1nc2ccccn2c(=O)c1Cc1ccc(cc1)-c1ccccc1-c1nnn[nH]1,250
Clc1ccccc1-n1nc(C2CC2)n(Cc2ccc(cc2)-c2ccccc2-c2nnn[nH]2)c1=O,250
CCCCC1=NC2(CCN(CC2)C(=O)C(N)CS)C(=O)N1Cc1ccc(cc1)-c1ccccc1C(O)=O,250
CCCCc1nc2cccc(CC(=O)OCC)c2n1Cc1ccc(cc1)-c1ccccc1-c1nn[nH]n1,250
CCCCc1nc(CCCC)n(Cc2ccc(cc2)-c2ccncc2-c2nnn[nH]2)n1,250
Cc1nc2cccc(C(O)=O)c2n1Cc1ccc(cc1)-n1cccc1C(O)=O,250
CCOC(=O)\C=C1/CC(C)(CC)CC(=O)N1Cc1ccc(cc1)-c1ccccc1-c1nnn[nH]1,250
CCCCc1nn(-c2ccccc2C(F)(F)F)c(=O)n1Cc1cc(Br)c(O)c(Br)c1,250
CCOC(=O)\C=C1/CC(C)(CC)CC(=O)N1Cc1ccc(cc1)-c1ccccc1-c1nnn[nH]1,250
CCOC(=O)\C=C1/N(Cc2ccc(cc2)-c2ccccc2-c2nnn[nH]2)C(=O)CC11CCCC1,250
CCOC(=O)\C=C1/CC(C)(CC)CC(=O)N1Cc1ccc(cc1)-c1ccccc1-c1nnn[nH]1,250
COCc1nc2cccc(C(O)=O)c2n1Cc1ccc(cc1)-c1ccccc1-c1nnn[nH]1,250
CCc1nc2ccn(Cc3ccncc3)c(=O)c2n1[C@H]1CCc2cc(ccc12)-c1ccccc1-c1nnn[nH]1,250
CCCCn1nc(OCc2ccc(cc2)-c2ccccc2-c2nnn[nH]2)c2cccnc12,254
CCCCn1n(Cc2ccc(cc2)-c2ccccc2-c2nnn[nH]2)c2nc(OC)ccc2c1=O,258
CNc1nc2cccc(C(O)=O)c2n1Cc1ccc(cc1)-c1ccccc1-c1nc(=O)o[nH]1,260
CCCCC1=NC2(CC2)C(=O)N1Cc1ccc(cc1)-c1ccccc1C(O)=O,260
CCCCC1=NC2(CCC(CC2)c2ccccc2)C(=O)N1Cc1ccc(cc1)-c1ccccc1C(O)=O,260
CCCCc1nc2ccc(C)cc2c(=O)n1Cc1ccc(OC(C(O)=O)c2ccccc2)cc1,260
CCCCN1C(=O)N(Cc2cccc[n+]2[O-])\C(=C/c2cnc(CCCC)n2Cc2ccc(cc2)C(=O)OC)C1=O,260
CCCc1nc2c(C)cc(C)nc2n1Cc1ccc(cc1)-c1c(C(O)=O)c(=O)[nH]c2ccccc12,261
CCCCc1nc(CCCC)n(Cc2ccc(cc2)-n2cccc2C(O)=O)n1,270
Cc1cc(CCc2ccc(cc2)-c2ccccc2-c2nnn[nH]2)c2ccccc2n1,270
CCCc1nc(C(C)=C)c(C(O)=O)n1Cc1ccc(cc1)-c1ccccc1C(O)=O,270
CCCCC(=O)N(Cc1ccc(cc1)-c1ccccc1-c1nnn[nH]1)[C@H](CO)C(C)C,270
CCCCc1nn(CC(OCc2ccccc2)c2ccccc2)c(=O)n1Cc1ccc(cc1)-c1ccccc1-c1nnn[nH]1,280
CCCCc1nn(Cc2ccc3ccccc3c2)c(=O)n1Cc1ccc(cc1)-c1ccccc1-c1nnn[nH]1,280
CCCCc1nc(C(N)=O)c(C(N)=O)n1Cc1ccc(cc1)-n1cccc1-c1nnn[nH]1,290
CCCCc1nn(C\C=C\c2ccccc2)c(=O)n1Cc1ccc(cc1)-c1ccccc1-c1nnn[nH]1,290
CCCc1nc2c(C)cc(cc2n1Cc1ccc(cc1)-c1ccccc1C1=NCCN1)-c1nc2ccccc2n1C,290
CCCn1n(Cc2ccc(cc2)-c2ccccc2-c2nnn[nH]2)c2nc(C)ccc2c1=O,291
CCCc1nc2c(C)cc(cc2n1Cc1ccc(cc1)-c1ccccc1-c1nnn[nH]1)C(=O)N[C@@H](CO)c1ccccc1,293
CCCCc1ncc(CNCC(O)=O)n1Cc1ccc(cc1)C(O)=O,298
Cc1cc(OCc2ccc(cc2)-c2ccccc2-c2nnn[nH]2)cc(C)n1,300
CCCCc1nnc(SC(CC)C(=O)OC)n1Cc1ccc(NC(=O)c2ccccc2C(O)=O)cc1,300
CCCCc1ncc(\C=C(/Cc2cc(OC)cs2)C(O)=O)n1Cc1ccccc1Cl,300
CCCCc1nc(Cl)c(CO)n1Cc1ccc(cc1)-c1ccccc1C(O)=O,300
CCc1nc2c(C)cc(C)nc2n1Cc1ccc(cc1)C1=C2C=CC=CC2N(C)C(=O)C1c1nnn[nH]1,>300
CCCCC(=O)N(Cc1ccc(cc1)-c1ccccc1-c1nnn[nH]1)[C@H](C(C)C)C(O)=O,300
CCCC1=NC(C(=O)N1Cc1ccc(cc1)-c1ccccc1-c1nnn[nH]1)(c1ccccc1)c1ccccc1,300
CCCCC1=NC(Cl)C(CO)N1Cc1ccc(cc1)-c1ccccc1-c1nnn[nH]1,300
CCSCc1nc2cccc(C(O)=O)c2n1Cc1ccc(cc1)-c1ccccc1-c1nnn[nH]1,300
CCCCc1nnc(SC(CC)C(=O)OC)n1Cc1ccc(NC(=O)c2ccccc2C(O)=O)cc1,300
CCCCc1nc(Cl)c(C(O)=O)n1Cc1ccc(cc1)C1=C(CCC1)c1nnn[nH]1,310
Cc1cc(OCc2ccc(cc2)-c2ccccc2-c2nnn[nH]2)c2cccc(C)c2n1,310
CCc1nc2cccc(C(O)=O)c2n1Cc1ccc(cc1)-c1ccccc1-c1nc(=O)o[nH]1,310
CCCCc1nnc(SC)n1Cc1ccc(cc1)-c1ccccc1-c1nnn[nH]1,310
CCCCc1nnc(SC)n1Cc1ccc(NC(=O)c2ccccc2-c2nnn[nH]2)cc1,310
CCCSc1nnc(CCCc2ccccc2)n1Cc1ccc(NC(=O)c2ccccc2C(O)=O)cc1,320
CCC1(C)CC(=O)N(Cc2ccc(cc2)-c2ccccc2-c2nnn[nH]2)\C(C1)=C\C(=O)OC,320
CCCc1nc(C(O)=O)c(C(O)=O)n1Cc1ccc(cc1)-c1ccccc1C(O)=O,320
CCCCc1nc2cccc(C(=O)OC)c2n1Cc1ccc(cc1)-c1ccccc1-c1nn[nH]n1,320
CCCSc1nnc(Cc2ccccc2)n1Cc1ccc(NC(=O)c2ccccc2C(O)=O)cc1,320
CCCc1nc(C(O)=O)c(C(O)=O)n1Cc1ccc(cc1)-c1ccccc1C(O)=O,320
CCc1nc2c(C)cc(C)nc2n1Cc1ccc2n(Cc3ccccc3C#N)ccc2c1,320
CCCc1nc2c(C)ccnc2n1Cc1ccc(OC(C2CCCCC2)C(O)=O)cc1,325
CCCc1nc2c(C)cc(cc2n1Cc1ccc(cc1)-c1ccccc1C(O)=O)C(=O)NCc1cccc(OC)c1,326
CCc1nc2c(C)cc(C)nc2n1Cc1ccc(cc1)C1=C2C=CC=CC2N(C)C(=O)C1C(O)=O,326
CCCCc1ncc(\C=C(/Cc2ccsc2)C(O)=O)n1Cc1ccccc1Cl,330
CCCCC1=NC(Cl)C(CO)N1Cc1ccc(cc1)-c1ccccc1-c1nnn[nH]1,330
CCCCc1nc2cccc(C)c2n1Cc1ccc(cc1)-c1ccccc1-c1nn[nH]n1,330
CCCCC1=NC(Cl)C(CO)N1Cc1ccc(cc1)-c1ccccc1-c1nnn[nH]1,330
CCCC1(CCC)CC(=O)N(Cc2ccc(cc2)-c2ccccc2-c2nnn[nH]2)\C(C1)=C\C(=O)OCC,330
CCCCc1nc2c(C)cc(C)nc2n1Cc1ccc(NC(=O)[C@H](Cc2ccccc2)n2cccc2C(=O)OC)cc1,330
CCCCc1nnc(SCC(=O)OC)n1Cc1ccc(NC(=O)c2ccccc2C(O)=O)cc1,330
CCc1nc2c(C)cc(C)nc2n1Cc1cc(CC=C)c(O)c(c1)[N+]([O-])=O,330
CCCCc1nnc(SCC(=O)OC)n1Cc1ccc(NC(=O)c2ccccc2C(O)=O)cc1,330
CCCCC1=NC(Cl)C(CO)N1Cc1ccc(cc1)-c1ccccc1-c1nnn[nH]1,330
[Br-].CCCCc1c[n+](Cc2ccc(cc2)-c2ccccc2C(O)=O)cn1Cc1ccc(cc1)-c1ccccc1C(O)=O,331
CCCCc1nc(c(C(O)=O)n1Cc1ccc(NC(=O)[C@H](Cc2ccccc2)n2cccc2C(O)=O)cc1)-n1cccc1,340
CCCCc1nc2ccc(C)c(C(O)=O)c2n1Cc1ccc(cc1)-c1ccccc1-c1nn[nH]n1,340
CCCc1nc2c(C)cc(cc2n1Cc1ccc(cc1)-c1ccccc1-c1nnn[nH]1)C(=S)NC[C@@H](C)c1ccccc1,343
CCc1nc2ccn(CC(O)=O)c(=O)c2n1[C@H]1CCc2cc(ccc12)-c1ccccc1-c1nnn[nH]1,348
CCCCc1nnc(C(=O)N(C)c2ccccc2)n1Cc1ccc(NC(=O)c2ccccc2-c2nnn[nH]2)cc1,350
CCCCc1nnc(C(=O)N(C)c2ccccc2)n1Cc1ccc(cc1)-c1ccccc1-c1nnn[nH]1,350
CCCCc1nc(Cl)c(CO)n1Cc1ccc(cc1)-c1ccccc1-c1nnn[nH]1,350
CCCCc1nc(Cl)c(CO)n1Cc1ccc(cc1)-c1ccccc1C(O)=O,350
CCCCC1=NC2(CCCCCCCCCC2)C(=O)N1Cc1ccc(cc1)-c1ccccc1C(O)=O,350
CCc1nc2c(C)cc(C)nc2n1Cc1ccc2N(CCc2c1)C(C#N)c1ccccc1,350
COc1nc2cccc(C(O)=O)c2n1Cc1ccc(cc1)-c1ccccc1-c1nc(=O)o[nH]1,360
CCCc1nc(C(C)C)c(C(O)=O)n1Cc1ccc(cc1)-c1ccccc1C(O)=O,360
CCc1cc(OCc2ccc(cc2)-c2ccccc2-c2nnn[nH]2)c2cc(ccc2n1)C#N,360
CCCc1nc2c(C)cc(cc2n1Cc1ccc(cc1)-c1ccccc1-c1nnn[nH]1)C(=S)NC[C@H](C)c1ccccc1,366
Cc1cc(Sc2ccc(cc2)-c2ccccc2-c2nnn[nH]2)c2ccccc2n1,370
CCCCc1nc(Cl)c(CC(O)=O)n1Cc1ccc(NC(=O)[C@H](Cc2ccccc2)n2c(C)ccc2C)cc1,370
CCCCc1nc2cc(C)ccc2c(=O)n1Cc1ccc(cc1)-c1ccccc1C(O)=O,370
CCCCc1nnc(OCc2ccccc2)n1Cc1ccc(cc1)-c1ccccc1-c1nnn[nH]1,370
Cc1cc(SCc2ccc(cc2)-c2ccccc2-c2nnn[nH]2)c2ccccc2n1,370
CCCCc1nc2cccc(C)c2c(=O)n1Cc1ccc(cc1)-c1ccccc1C(O)=O,370
CCCCc1nnc(OCc2ccccc2)n1Cc1ccc(NC(=O)c2ccccc2-c2nnn[nH]2)cc1,370
CCCCc1nc2cc3ccccc3cc2c(=O)n1Cc1ccc(cc1)-c1ccccc1C(O)=O,380
CCCSc1nnc(Cc2ccccc2)n1Cc1ccc(NC(=O)c2ccccc2C(O)=O)cc1,380
CCN(C(C(O)=O)c1ccccc1Cl)c1ccc(Cn2c(CC)nc3c(C)cc(C)nc23)cc1,380
CCCCCNc1ccc2nc(CCCC)n(Cc3ccc(cc3)-c3ccccc3C(O)=O)c2c1,390
CCCCC1NC(C)(C)C(=O)N1Cc1ccc(cc1)-c1ccccc1-c1nnn[nH]1,390
CCCCc1nc(Cl)c(C(O)=O)n1Cc1ccc(cc1)C1=C(CCCCC1)c1nnn[nH]1,390
CCOc1nc2ccccc2n1Cc1ccc(cc1)-c1ccccc1-c1nnn[nH]1,390
CSc1nc2cccc(C(O)=O)c2n1Cc1ccc(cc1)-c1ccccc1-c1nc(=O)o[nH]1,390
CCCCc1nc(Cl)c(C(O)=O)n1Cc1ccc(cc1)C1=C(CCCC1)c1nnn[nH]1,400
CCCCc1ncc(\C=C(/Cc2ccc(cc2)[N+]([O-])=O)C(O)=O)n1Cc1ccccc1Cl,400
CCCCc1nnc(n1Cc1ccc(cc1)-c1ccccc1-c1nnn[nH]1)S(C)(=O)=O,400
CCCCc1nc2ccccc2n1Cc1ccc(cc1)-c1ccccc1C(O)=O,400
CCCCc1nnc(n1Cc1ccc(NC(=O)c2ccccc2-c2nnn[nH]2)cc1)S(C)(=O)=O,400
OC(=O)c1ccccc1-c1ccc(CN2C(=NC3(CCCC3)C2=O)C2CCCC2)cc1,410
CCCCc1nc2ccc(C)cc2c(=O)n1Cc1cc(Br)c(O)c(Br)c1,410
CCc1nc2ccc(cc2c(=O)n1Cc1ccc(cc1)-c1ccccc1-c1nnn[nH]1)N(Cc1ccccc1Cl)C(=O)c1ccccc1,410
CCCCc1nc2ccc(cc2c(=O)n1Cc1ccc(cc1)-c1ccccc1-c1nnn[nH]1)C1CC(=NO1)c1cc(C)cs1,410
CCCc1nc2c(C)cc(cc2n1Cc1ccc(cc1)-c1ccccc1-c1nnn[nH]1)C(=O)NCc1ccccc1,410
[Br-].CCCCc1n(Cc2ccc(cc2)-c2ccccc2-c2nn[nH]n2)c(CO)c[n+]1Cc1ccc(cc1)-c1ccccc1-c1nn[nH]n1,417
CCCc1nc2cccc(C(O)=O)c2n1Cc1ccc(cc1)-c1ccccc1-c1nc(=O)o[nH]1,420
CCOc1nc2cccc(C(O)=O)c2n1Cc1ccc(cc1)-c1ccccc1-c1nc(=O)o[nH]1,420
CCCCc1nc(Cl)c(CC(=O)OC)n1Cc1ccc(NC(=O)c2ccccc2C(O)=O)cc1,420
CCCc1nc2ccccc2n1C(F)(F)C(O)c1ccc(cc1)-c1ccccc1-c1nnn[nH]1,
CCCCc1nc(Cl)c(C(=O)OC(OC(=O)CC)C(C)C)n1Cc1cccc2n(ccc12)-c1ccccc1-c1nn[n-]n1,
CCCCc1nc(C)n2[nH]c(=O)nc2c1Cc1ccc(cc1)-c1ccccc1-c1nnn[nH]1,
CC(C)[C@H](NC(=O)[C@H](CCCNC(N)=N)NC(=O)[C@@H](N)CC(O)=O)C(=O)Nc1cc(Cc2ccc(O)cc2)cc(c1)C(=O)N[C@@H](Cc1cnc[nH]1)C(=O)N1CCC[C@H]1C(=O)N[C@@H](Cc1ccccc1)C(O)=O,
OC(=O)c1c(COCc2ccccc2)n(C(=O)c2ccccc2)c2ccccc12,
OCc1c(C(O)=O)c2ccccc2n1C(=O)c1ccccc1,
CCCCOC(=O)NS(=O)(=O)c1sc(CC(C)C)cc1-c1ccc(cc1)C(=O)N(C)Cc1ccccc1,
CCCc1nc(C)n2nc(NCC(=O)OCC)nc2c1Cc1ccc(cc1)-c1ccccc1-c1nnn[nH]1,
CCCc1nc(C)n2nc(C)nc2c1Cc1ccc(cc1)-c1ccccc1-c1nnn[nH]1,
CCCCN1N(Cc2ccc(cc2)-c2ccccc2S(=O)(=O)NC(=O)c2ccccc2)C(=O)C(C)(CCCC)C1=O,
CCCCc1nc(CC(C)C)c(CNC(=O)[C@@H](S)CC(C)C)n1Cc1ccc(cc1)-c1ccccc1C(O)=O,
OC(=O)c1c(Oc2ccc(cc2)-c2ccccc2-c2nnn[nH]2)c(nc2cc(Cl)ccc12)C1CC1,
CCCCc1nc(Cl)c(CNC(=O)C(CS)CC2CC2)n1Cc1ccc(cc1)-c1ccccc1C(O)=O,
CCCCc1nc(C2CC2)c(CNC(=O)[C@@H](S)CC(C)C)n1Cc1ccc(cc1)-c1ccccc1C(O)=O,
CCCCN1N(Cc2ccc(cc2)-c2ccccc2S(=O)(=O)NC(=O)NC2CCCCC2)C(=O)C2(CCCC2)C1=O,
COc1ccc2nc(C3CC3)c(Oc3ccc(cc3)-c3ccccc3-c3nnn[nH]3)c(C(O)=O)c2c1,
CCCc1nc(C)n2nc(nc2c1Cc1ccc(cc1)-c1ccccc1-c1nnn[nH]1)C(O)=O,
CCc1nc(C)n2[nH]c(=O)nc2c1Cc1ccc(cc1)-c1ccccc1-c1nnn[nH]1,
CCc1nn(Cc2ccc(cc2)-c2ccccc2-c2nnn[nH]2)c(=NC(=O)c2ccccc2)s1,
CCc1nn(Cc2ccc(cc2)-c2ccccc2-c2nn[nH]n2)\c(=N\C(=O)c2ccccc2C)s1,
CCCCOC(=O)NS(=O)(=O)c1sc(CC(C)C)cc1-c1ccc(cc1)C(=O)N(C)C,
CCCCc1nc(Cl)c(C(=O)Oc2ccc3CCCc3c2)n1Cc1cccc2n(ccc12)-c1ccccc1-c1nn[n-]n1,
CCCN1N(Cc2ccc(cc2)-c2ccccc2S(=O)(=O)NC(=O)c2ccccc2)C(=O)C2(CCCC2)C1=O,
CCCCc1nc(Cl)c(CNC(=O)C(CS)CC(C)C)n1Cc1ccc(cc1)-c1ccccc1C(O)=O,
CCCCc1nc(CC)c(CNC(=O)[C@@H](S)CC(C)C)n1Cc1ccc(cc1)-c1ccccc1C(O)=O,
CCCCC1=NC(Cl)=C(C(C)N1Cc1ccc(cc1)-c1ccccc1C(O)=O)C(=O)OCC,
CCCc1nc(C)n2c(n[nH]c2=O)c1Cc1ccc(NC(=O)c2ccccc2S(O)(=O)=O)cc1,
CCCCN1N(Cc2ccc(cc2)-c2ccccc2S(=O)(=O)NC(=O)c2ccccc2)C(=O)C(C)(C)C1=O,
CCCc1ncn2[nH]c(=O)nc2c1Cc1ccc(cc1)-c1ccccc1-c1nnn[nH]1,
CCc1nn(Cc2ccc(cc2)-c2ccccc2-c2nn[nH]n2)\c(=N\C(=O)c2ccc(C)cc2)s1,
CCc1nn(Cc2ccc(cc2)-c2ccccc2-c2nn[nH]n2)\c(=N\C(=O)c2cccc(OC)c2)s1,
CCCc1ncn2ncnc2c1Cc1ccc(cc1)-c1ccccc1-c1nnn[nH]1,
CCCCc1nc(Cl)c(CNC(=O)C(CS)CC(CC)CC)n1Cc1ccc(cc1)-c1ccccc1C(O)=O,
CCCCc1nc(C)c(CNC(=O)[C@@H](CS)CC(C)C)n1Cc1ccc(cc1)-c1ccccc1C(O)=O,
CCCCc1nc(Cl)c(CNC(=O)C(CS)CC2CCCC2)n1Cc1ccc(cc1)-c1ccccc1C(O)=O,
CCCCOC(=O)NS(=O)(=O)c1ccc(cc1-c1ccc(cc1)C(=O)N(CC)CC)-c1ccccc1,
CCCc1nc(C)n2c(nn(C)c2=O)c1Cc1ccc(cc1)-c1ccccc1-c1nnn[nH]1,
CCCCC1=NC(C)(C)C(C(=O)OCC)=C(Cl)N1Cc1ccc(cc1)-c1ccccc1C([O-])=O,
CCCCc1nc(Cl)c(CNC(=O)[C@@H](S)CC(C)C)n1Cc1ccc(cc1)-c1ccccc1C(O)=O,
CCc1ncc(C(O)=O)c(NCc2ccc(cc2)-c2ccccc2-c2nnn[nH]2)n1,
CCCCc1nc(c(C([O-])=O)n1Cc1cccc2n(ccc12)-c1ccccc1-c1nn[nH]n1)C(F)(F)F,
CCc1nn(Cc2ccc(cc2)-c2ccccc2-c2nn[nH]n2)\c(=N\C(=O)c2cccc(C)c2)s1,
CCCCc1nc(Cl)c(CNC(=O)C(CS)C(C)c2ccccc2)n1Cc1ccc(cc1)-c1ccccc1C(O)=O,
CCCCc1nc(Cl)c(CNC(=O)C(CS)Cc2ccccc2)n1Cc1ccc(cc1)-c1ccccc1C(O)=O,
CCCCc1ncc(CO)n1Cc1cccc2n(ccc12)-c1ccccc1C([O-])=O,
CCCCN1N(Cc2ccc(cc2)-c2ccccc2-c2nnn[nH]2)C(=O)CC2(CCCC2)C1=O,
CCCCN1N(Cc2ccc(cc2)-c2ccccc2-c2nnn[nH]2)C(=O)CC2(CCCC2)C1=O,
CCCCc1ncc(C(=O)OCC)c(=O)n1Cc1ccc(cc1)-c1ccccc1C([O-])=O,
Cc1nc(C2CC2)c(Cc2ccc(cc2)-c2ccccc2-c2nnn[nH]2)c2nc(=O)[nH]n12,
CCc1nc2c(C)cc(C)nc2n1Cc1ccc(cc1)-c1nc(CC(C)C)sc1S(=O)(=O)NC(=O)OC,
CCCCC1=NC(Cl)C(CO)N1Cc1ccc(cc1)-c1ccccc1-c1nnn[nH]1,420
CCCCC1=NC(Cl)C(CO)N1Cc1ccc(cc1)-c1ccccc1-c1nnn[nH]1,425
CCCCn1n(Cc2ccc(cc2)-c2ccccc2-c2nnn[nH]2)c2nc(Cl)c(F)cc2c1=O,427
CCCCc1nc(Cl)c(CO)n1Cc1ccc(cc1)-c1ccccc1C(O)=O,430
CCCCC1=NC2(CCCC2)C(=O)N1Cc1ccc(cc1)-c1ccccc1C#N,440
CCCCc1nc2cc(Cl)cc(C(=O)OC)c2n1Cc1ccc(cc1)-c1ccccc1-c1nn[nH]n1,440
CCCCc1ncc(\C=C(/Cc2cccs2)C(O)=O)n1Cc1ccccc1Cl,440
CCc1nc2c(C)cc(C)nc2n1Cc1ccc(Oc2ccccc2C(O)=O)cc1,440
CCCCc1nc2ccc(cc2n1Cc1ccc(cc1)-c1ccccc1-c1nn[nH]n1)C(=O)OC,440
CCOCc1nc2cccc(C(O)=O)c2n1Cc1ccc(cc1)-c1ccccc1-c1nnn[nH]1,440
CCSc1nc2cccc(C(=O)OC)c2n1Cc1ccc(cc1)-c1ccccc1-c1nnn[nH]1,440
CCCCc1ncc(\C=C(/Cc2cccs2)C(O)=O)n1Cc1ccccc1,440
CCCCc1c(I)nc(CO)n1Cc1ccc(cc1)-c1ccccc1-c1nnn[nH]1,446
CCCCc1c(I)nc(CO)n1Cc1ccc(cc1)-c1ccccc1-c1nnn[nH]1,446.68
CCCCc1nc2cccc(CO)c2n1Cc1ccc(cc1)-c1ccccc1-c1nn[nH]n1,450
CCc1cc(OCc2ccc(cc2)-c2ccccc2-c2nnn[nH]2)c2ccc(cc2n1)C#N,460
CCCCc1nc2cc(NC(C)=O)ccc2n1Cc1ccc(cc1)-c1ccccc1C(O)=O,460
CCCCn1n(Cc2ccc(cc2)-c2ccccc2-c2nnn[nH]2)c(=O)c2ccc(Cl)nc12,461
CCCCC1(C)CC(=O)N(Cc2ccc(cc2)-c2ccccc2-c2nnn[nH]2)\C(C1)=C\C(=O)OCC,470
Cc1ccc2nc(C)cc(OCc3ccc(cc3)-c3ccccc3-c3nnn[nH]3)c2c1,470
CCCCc1nc2cccc(C)c2n1Cc1ccc(cc1)-c1ccccc1C(O)=O,480
CCSc1nc2cccc(C(O)=O)c2n1Cc1ccc(cc1)-c1ccccc1-c1nc(=O)o[nH]1,480
CCCCc1nnc(SCCO)n1Cc1ccc(NC(=O)c2ccccc2C(O)=O)cc1,480
CCCCc1nnc(SCCO)n1Cc1ccc(NC(=O)c2ccccc2C(O)=O)cc1,480
CCCCC1=NC2(CCN(CC2)C(=O)c2ccccc2C(O)=O)C(=O)N1Cc1ccc(cc1)-c1ccccc1C(O)=O,480
CCCCc1nc(CCCC)n(Cc2ccc(cc2)-n2cc(cc2-c2nnn[nH]2)[N+]([O-])=O)n1,480
CCSc1nc2c(C)cc(cc2n1Cc1ccc(cc1)-c1ccccc1C(O)=O)C(=O)NC[C@H](C)c1ccccc1,487
CCCCc1nn(Cc2ccccc2C(O)=O)c(=O)n1Cc1ccc(cc1)-c1ccccc1-c1nnn[nH]1,490
CCCCc1nc(Cl)c(CO)n1Cc1ccc(cc1)-c1ccccc1C(O)=O,490
CCCCc1nn(Cc2ccccc2C(O)=O)c(=O)n1Cc1ccc(cc1)-c1ccccc1-c1nnn[nH]1,490
CCCCc1nn(Cc2ccccc2C(O)=O)c(=O)n1Cc1ccc(cc1)-c1ccccc1-c1nnn[nH]1,490
COC(=O)c1cccc2nc(OC)n(Cc3ccc(cc3)-c3ccccc3-c3nnn[nH]3)c12,490
CCCCc1nc(Cl)c(CO)n1Cc1ccc(cc1)-c1ccccc1C(O)=O,490
CCCN(CCC)c1nc2ccccc2c(-c2ccc(Cn3c(CC)nc4c(C)cc(C)nc34)cc2)c1C(O)=O,492
CCCc1nc2c(C)cc(cc2n1Cc1ccc(cc1)-c1ccccc1C(O)=O)C(=O)N[C@@H](CO)c1ccccc1,496
CCCCc1nn(-c2ccccc2C(F)(F)F)c(=O)n1Cc1ccc(cc1)-c1ccccc1S(=O)(=O)NC(=O)c1ccccc1,500
CCCCc1nc(Cl)c(CC(=O)OC)n1Cc1ccc(NC(=O)[C@H](Cc2ccccc2)n2cccc2C(=O)OC)cc1,500
CCCCn1[nH]c(CCC)c(Cc2ccc(cc2)-c2ccccc2-c2nnn[nH]2)c1=O,500
CCSc1nc2c(C)sc(C(O)=O)c2n1Cc1ccc(cc1)-c1ccccc1-c1nnn[nH]1,500
CCCCc1nc2ccc(cc2c(=O)n1Cc1ccc(cc1)-c1ccccc1-c1nnn[nH]1)C1CC(=NO1)C(O)=O,500
[Br-].CCCCc1c[n+](Cc2ccc(cc2)-c2ccccc2C(O)=O)c(CO)n1Cc1ccc(cc1)-c1ccccc1C(O)=O,501
CCSc1nc2c(C)cc(cc2n1Cc1ccc(cc1)-c1ccccc1-c1nnn[nH]1)C(=O)NC[C@H](C)c1ccccc1,503
CCCCc1cc(=O)n2nc(nc2n1Cc1ccc(cc1)-c1ccccc1-c1nnn[nH]1)-c1ccccc1,520
CCCc1nc2c(C)ccnc2n1Cc1ccc(OC(C(O)=O)c2ccc(Cl)cc2)cc1,530
CCCCc1nnc(SCC(=O)OC)n1Cc1ccc(cc1)-c1ccccc1C(O)=O,540
CCCCc1nc2cccc(C(=O)NC(C)C)c2n1Cc1ccc(cc1)-c1ccccc1-c1nn[nH]n1,540
CCOC(=O)\C=C1/CC2(CCCC2)CC(=O)N1Cc1ccc(cc1)-c1ccccc1-c1nnn[nH]1,540
CCCCc1nc2ccc(N)cc2n1Cc1ccc(cc1)-c1ccccc1C(O)=O,540
CCCCc1nc2cccc(C(O)=O)c2n1Cc1ccc(cc1)-c1ccccc1-c1nnn[nH]1,550
CCc1nc2c(C)cc(C)nc2n1Cc1ccc(cc1)-c1ccccc1C1Nc2cc(Cl)c(cc2S(=O)(=O)N1)S(N)(=O)=O,550
CCCCc1nc2cccc(C(O)=O)c2n1Cc1ccc(cc1)-c1ccccc1-c1nnn[nH]1,550
CCCCc1nc2cccc(C(O)=O)c2n1Cc1ccc(cc1)-c1ccccc1-c1nnn[nH]1,550
CCCCCc1nc2cccc(C(O)=O)c2n1Cc1ccc(cc1)-c1ccccc1-c1nnn[nH]1,560
CCCc1nc(CC)c(C(=O)OCc2ccccc2C(=O)c2ccccc2)n1Cc1ccc(cc1F)-c1ccccc1S(=O)(=O)NC(=O)OCCC(C)C,570
CCCCc1nn(-c2ccccc2Cl)c(=O)n1Cc1ccc(NC(=O)c2ccccc2C(O)=O)cc1,570
CCc1nc2c(C)cc(C)nc2n1Cc1ccc(cc1)-c1c(CC(O)=O)cnc2ccccc12,576
COCCc1nc2cccc(C(O)=O)c2n1Cc1ccc(cc1)-c1ccccc1-c1nnn[nH]1,580
OC(=O)c1cccc2nc(OCC(F)(F)F)n(Cc3ccc(cc3)-c3ccccc3-c3nnn[nH]3)c12,580
CCCC[C@@H](C(=O)Nc1ccc(Cn2c(CCCC)nc(Cl)c2CO)cc1)n1cccc1C(=O)OC,590
Cc1nc2ccc(cc2c(=O)n1Cc1ccc(cc1)-c1ccccc1-c1nnn[nH]1)N(Cc1ccccc1)C(=O)c1ccccc1,590
CCc1nc2cc[nH]c(=O)c2n1[C@H]1CCc2cc(ccc12)-c1ccccc1-c1nnn[nH]1,593
CCCCn1n(Cc2ccc(cc2)-c2ccccc2-c2nnn[nH]2)c2ccccc2c1=O,598
CCCCc1nc(Cl)c(CO)n1Cc1ccc2cc(ccc2c1)-c1nnn[nH]1,600
CCCc1cc(OCc2ccc(cc2)-c2ccccc2C(O)=O)c2ccccc2n1,600
CCCc1nc(c(C(=O)OCC)n1Cc1ccc(cc1)-c1ccccc1C(O)=O)C(C)(C)O,600
CCCCC(=O)N(CC(O)=O)Cc1ccc(cc1)-c1ccccc1-c1nnn[nH]1,600
CCCCn1n(Cc2ccc(cc2)-c2ccccc2-c2nnn[nH]2)c2nc(ccc2c1=O)N1CCOCC1,600
CCCCc1nc2cccc(COC)c2n1Cc1ccc(cc1)-c1ccccc1-c1nn[nH]n1,600
CSc1nc2c(C)cc(cc2n1Cc1ccc(cc1)-c1ccccc1C(O)=O)C(=O)NC[C@H](C)c1ccccc1,609
CCc1nc2c(C)cc(C)nc2n1Cc1ccc2n(Cc3ccccc3C(=O)OC)ccc2c1,620
CSCCc1nc2cccc(C(O)=O)c2n1Cc1ccc(cc1)-c1ccccc1-c1nnn[nH]1,620
CCCCc1nc2cccc(C(O)=O)c2n1Cc1ccc(cc1)-c1ccccc1-c1nc(=O)o[nH]1,620
CCSc1nc2c(C)cc(cc2n1Cc1ccc(cc1)-c1ccccc1-c1nnn[nH]1)C(=O)NC[C@@H](C)c1ccccc1,622
CCCCc1c(Cl)nc(CO)n1Cc1ccc(cc1)-c1ccccc1-c1nnn[nH]1,630.96
CCCCc1c(Cl)nc(CO)n1Cc1ccc(cc1)-c1ccccc1-c1nnn[nH]1,634
CCCCNc1nc2cccc(C(O)=O)c2n1Cc1ccc(cc1)-c1ccccc1-c1nnn[nH]1,650
CCCCc1nc2cccc(C(O)=O)c2n1Cc1ccc(cc1)-c1ccccc1C(O)=O,660
CCCCC1=NC2(CCCC2)C(=O)N1Cc1ccc(cc1)-c1ccccc1-c1nnn(C)n1,660
CCc1nc2c(C)cc(C)nc2n1[C@@H]1CCc2cc(ccc12)-c1ccccc1-c1nnn[nH]1,661
CCc1nc2c(C)cc(C)nc2n1Cc1ccc2N(CCc2c1)C(=O)c1ccccc1C#N,670
CCCCc1nc(Cl)c(C(O)=O)n1Cc1ccc(NC(=O)[C@H](Cc2cccs2)n2cccc2)cc1,670
CSc1nc2c(C)cc(cc2n1Cc1ccc(cc1)-c1ccccc1-c1nnn[nH]1)C(=O)NC[C@H](C)c1ccccc1,671
CCCCCC1(C)CC(=O)N(Cc2ccc(cc2)-c2ccccc2-c2nnn[nH]2)\C(C1)=C\C(=O)OCC,680
CCCc1nc2c(C)cc(cc2n1Cc1ccc(cc1)-c1ccccc1-c1ncc(Cl)[nH]1)-c1nc2ccccc2n1C,680
CCCCc1nn(Cc2ccc(cc2)-c2ccccc2C#N)c(=O)n1Cc1ccc(cc1)-c1ccccc1-c1nnn[nH]1,680
CSc1nc2c(C)cc(cc2n1Cc1ccc(cc1)-c1ccccc1-c1nnn[nH]1)C(=O)NC[C@@H](C)c1ccccc1,699
CCCCc1ncc(\C=C(/Cc2ccc(C)s2)C(O)=O)n1Cc1ccccc1Cl,700
[Br-].CCCCc1c(Br)[n+](Cc2ccc(cc2)-c2ccccc2-c2nn[nH]n2)cn1Cc1ccc(cc1)-c1ccccc1-c1nn[nH]n1,708
CCCCc1nnc(SCC(=O)NC)n1Cc1ccc(NC(=O)c2ccccc2C(O)=O)cc1,720
CCCCc1nnc(SCC(=O)NC)n1Cc1ccc(NC(=O)c2ccccc2C(O)=O)cc1,720
CCCCc1ncc(\C=C(/Cc2sccc2C)C(O)=O)n1Cc1ccccc1Cl,730
CCCCC1=NC2(CCN(CC2)C(=O)C(N)C(C)CC)C(=O)N1Cc1ccc(cc1)-c1ccccc1C(O)=O,730
CCCc1nc2c(C)cc(cc2n1Cc1ccc(cc1)-c1ccccc1C(O)=O)C(=S)NC[C@@H](C)c1ccccc1,738
CCCCc1nc2cc(ccc2n1Cc1ccc(cc1)-c1ccccc1-c1nn[nH]n1)C(=O)OC,740
CCc1nc2c(CC(C)C)cc(C)nc2n1[C@H]1CCc2cc(ccc12)-c1ccccc1-c1nnn[nH]1,748
CCCCc1nnc(SCC(O)=O)n1Cc1ccc(NC(=O)c2ccccc2C(O)=O)cc1,770
CCCCc1nnc(SCC(O)=O)n1Cc1ccc(NC(=O)c2ccccc2C(O)=O)cc1,770
CCc1nc2c(C)cc(C)nc2n1Cc1ccc2N(CCc2c1)C(=O)c1ccccc1-c1nnn[nH]1,780
CCCCc1nnc(NCc2ccc(OC)cc2)n1Cc1ccc(cc1)-c1ccccc1-c1nnn[nH]1,780
CCc1nc2c(C)cc(C)nc2n1Cc1cc(Br)c(O)c(c1)C(=O)OC,780
CCCCc1nnc(NCc2ccc(OC)cc2)n1Cc1ccc(NC(=O)c2ccccc2-c2nnn[nH]2)cc1,780
CCSc1nc2c(C)cc(cc2n1Cc1ccc(cc1)-c1ccccc1C(O)=O)C(=O)NC[C@@H](C)c1ccccc1,788
CCCOc1nc2cccc(C(O)=O)c2n1Cc1ccc(cc1)-c1ccccc1-c1nc(=O)o[nH]1,790
CCCCC1=NC2(CCN(CC2)C(=O)C(N)CC(O)=O)C(=O)N1Cc1ccc(cc1)-c1ccccc1C(O)=O,800
CCCCc1nc2cc(NC(=O)NC3CCCCC3)ccc2n1Cc1ccc(cc1)-c1ccccc1C(O)=O,800
CCCCc1nc(Cl)c(CC(=O)OC)n1Cc1ccc(NC(=O)[C@H](Cc2cccs2)n2cccc2C(=O)OC)cc1,800
CNCc1nc2cccc(C(O)=O)c2n1Cc1ccc(cc1)-c1ccccc1-c1nnn[nH]1,800
CCc1nc2c(C)cc(C)nc2n1Cc1ccc(cc1)-c1ncccc1C(O)=O,819
CCCCc1nn(-c2ccccc2Cl)c(=O)n1Cc1ccc(cc1)-c1ccccc1S(N)(=O)=O,820
CCCCc1nc2cc(N)ccc2n1Cc1ccc(cc1)-c1ccccc1C(O)=O,820
Cc1nc2ccc(cc2c(=O)n1Cc1ccc(cc1)-c1ccccc1-c1nnn[nH]1)N(Cc1ccccc1Cl)C(=O)c1ccccc1,820
[Br-].CCCCc1c(Cl)[n+](Cc2ccc(cc2)-c2ccccc2-c2nn[nH]n2)cn1Cc1ccc(cc1)-c1ccccc1-c1nn[nH]n1,832
CCCC(Oc1ccc(Cn2c(CCC)nc3c(C)ccnc23)cc1)C(O)=O,840
CCCc1nc(CO)c(C(=O)OCC)n1Cc1ccc(cc1)-c1ccccc1C(O)=O,840
CCCc1nc(CO)c(C(=O)OCC)n1Cc1ccc(cc1)-c1ccccc1C(O)=O,840
CCc1nc2c(C)cc(C)nc2n1Cc1ccc(O)c(c1)[N+]([O-])=O,850
CCCSc1nc2cccc(C(O)=O)c2n1Cc1ccc(cc1)-c1ccccc1-c1nc(=O)o[nH]1,850
COC(=O)c1cccc2nc(OCC=C)n(Cc3ccc(cc3)-c3ccccc3-c3nnn[nH]3)c12,850
CCCCc1nc2ccc(C)cc2n1Cc1ccc(cc1)-c1ccccc1C(O)=O,850
CCCCc1n[nH]c(=S)n1Cc1ccc(cc1)-c1ccccc1C(O)=O,860
CCCCc1nnc(S)n1Cc1ccc(NC(=O)c2ccccc2C(O)=O)cc1,860
CCc1nc2c(C)cc(C)nc2n1Cc1ccc(NC(C(O)=O)c2cc(cc(c2)C(F)(F)F)C(F)(F)F)cc1,860
CCc1cc(OCc2ccc(cc2)-c2ccccc2-c2nnn[nH]2)c2cc(ccc2n1)C(F)(F)F,860
CCCCc1nc2cc(C)cc(C(=O)OC)c2n1Cc1ccc(cc1)-c1ccccc1-c1nn[nH]n1,869
CCCCN1C(=O)N(Cc2ccc(cc2)-c2ccccc2)\C(=C/c2cnc(CCCC)n2Cc2ccc(cc2)C(=O)OC)C1=O,884
CCCCc1nnc(SC(C)(C)C)n1Cc1ccc(cc1)-c1ccccc1C(O)=O,890
CCCCc1nnc(SC(C)(C)C)n1Cc1ccc(NC(=O)c2ccccc2C(O)=O)cc1,890
CCCCC1=NC2(CCNCC2)C(=O)N1Cc1ccc(cc1)-c1ccccc1C(O)=O,890
CCCCc1nc2ccc(cc2c(=O)n1Cc1ccc(cc1)-c1ccccc1-c1nnn[nH]1)[C@H]1[C@H]2[C@H](CCCC2=O)ON1C,900
CCCCc1nc2ccccc2n1Cc1ccc(cc1)-c1ccccc1-c1nnn[nH]1,900
CCCCc1nc2cc(OC)ccc2n1Cc1ccc(cc1)-c1ccccc1-c1nn[nH]n1,910
CCCCc1nc2ccc(C)c(C(=O)OCC)c2n1Cc1ccc(cc1)-c1ccccc1-c1nnn[nH]1,910
CCCCc1nc2c(C)cccc2n1Cc1ccc(NC(=O)[C@H](Cc2ccccc2)n2cccc2C(O)=O)cc1,930
CCCCc1nnc(-c2ccccc2)n1Cc1ccc(NC(=O)c2ccccc2C(O)=O)cc1,930
CCOc1nc2ccc(cc2n1Cc1ccc(cc1)-c1ccccc1-c1nnn[nH]1)C(O)=O,930
CCCCc1nnc(-c2ccccc2)n1Cc1ccc(NC(=O)c2ccccc2C(O)=O)cc1,930
OC(=O)c1ccccc1-c1ccc(cc1)-c1nc2ccc(cc2c(=O)n1Cc1ccc(cc1)-c1ccccc1-c1nnn[nH]1)[N+]([O-])=O,940
CCCCC1=NC2(CCN(CC(O)=O)CC2)C(=O)N1Cc1ccc(cc1)-c1ccccc1C(O)=O,950
CCc1cc(OCc2ccc(cc2)-c2ccccc2-c2nnn[nH]2)c2cccc(OC)c2n1,960
CCCc1cc(Cn2c(CC)nc3c(C)cc(C)nc23)cc(CCC)c1O,>1000
CCSc1nnc(Cc2ccccc2)n1Cc1ccc(NC(=O)c2ccccc2C(O)=O)cc1,1000
CCCCc1nnc(-c2ccco2)n1Cc1ccc(NC(=O)c2ccccc2C(O)=O)cc1,1000
CCc1cc(=O)n(C)c(=O)n1Cc1ccc(cc1)-c1ccccc1-c1nnn[nH]1,1000
CC(C)COc1nc2ccc(cn2c(=O)c1Cc1ccc(cc1)-c1ccccc1-c1nnn[nH]1)C(C)O,1000
OC(=O)c1cccc2nc(N3CCOCC3)n(Cc3ccc(cc3)-c3ccccc3-c3nnn[nH]3)c12,>1000
CCCCOc1nc2cccc(C(=O)OC)c2n1Cc1ccc(cc1)-c1ccccc1-c1nnn[nH]1,>1000
COC(=O)c1cccc2nc(OCC(F)(F)F)n(Cc3ccc(cc3)-c3ccccc3-c3nnn[nH]3)c12,>1000
CCCOc1nc2cccc(C(=O)OCC)c2n1Cc1ccc(cc1)-c1ccccc1-c1nnn[nH]1,1000
OC(=O)c1cccc2nc(N3CCCCC3)n(Cc3ccc(cc3)-c3ccccc3-c3nnn[nH]3)c12,>1000
CCN(C)c1nc2cccc(C(O)=O)c2n1Cc1ccc(cc1)-c1ccccc1-c1nnn[nH]1,>1000
CCSc1nnc(Cc2ccccc2)n1Cc1ccc(NC(=O)c2ccccc2C(O)=O)cc1,1000
CCCCc1nnc(-c2ccco2)n1Cc1ccc(NC(=O)c2ccccc2C(O)=O)cc1,1000
CCCc1nc2c(C)cc(cc2n1Cc1ccc(cc1)-c1ccccc1C(O)=O)C(=O)N1CCOCC1,1008
CCCC[C@H]1N2CCC[C@H]2C(=O)N1Cc1ccc(cc1)-c1ccccc1-c1nnn[nH]1,1010
CCCCc1nc2cccc(N)c2n1Cc1ccc(cc1)-c1ccccc1C(O)=O,1060
CCc1nc2c(C)cc(C)nc2n1Cc1cc(I)c(O)c(c1)C(=O)OC,1100
CCCCc1nc(Cl)c(CO)n1Cc1cccc2c(cccc12)-c1nnn[nH]1,1100
CCCCc1nc(CO)c(Cl)n1Cc1ccc2CC(CCc2c1)C(O)=O,1100
CCc1nc2c(C)cc(C)nc2n1Cc1ccc2N(CCc2c1)C(C#N)c1ccccc1C,1100
CCCCc1nc(CO)c(Cl)n1Cc1ccc(cc1)-n1cccc1C(O)=O,1100
CCCCc1ncc(CO)n1Cc1ccc(NC(=O)[C@H](Cc2ccccc2)n2cccc2C(O)=O)cc1,1100
COc1ccc2CN([C@H](Cc2c1OCc1ccccc1)C(O)=O)C(=O)C(c1ccccc1)c1ccccc1,1100
CCCCc1nc2cccc(O)c2n1Cc1ccc(cc1)-c1ccccc1-c1nn[nH]n1,1100
CCCCc1nc2ccccc2n1Cc1ccc(cc1)-c1ccccc1C(O)=O,1100
CCCCc1nc2ccc(OC)cc2n1Cc1ccc(cc1)-c1ccccc1-c1nn[nH]n1,1100
CCCCc1nc2cc(Cl)cc(C(O)=O)c2n1Cc1ccc(cc1)-c1ccccc1-c1nn[nH]n1,1100
CCCc1nc2c(C)cc(cc2n1Cc1ccc(cc1)-c1ccccc1C(O)=O)C(=S)NC[C@H](C)c1ccccc1,1117
CCCCc1nc(Cl)c(CO)n1Cc1ccc(NC(=O)[C@H](c2ccccc2)n2cccc2C(=O)OC)cc1,1120
Cc1cc(OCc2ccc(cc2)-c2ccccc2-c2nnn[nH]2)c(C(O)=O)c(C)n1,1170
CCc1nc2c(C)cc(C)nc2n1Cc1ccc(O)c(Cl)c1,>1200
Cc1cc(OCc2ccc(cc2)-c2ccccc2-c2nnn[nH]2)c2cc(Cl)ccc2n1,1200
CC(C)c1nc2ccc(cc2c(=O)n1Cc1ccc(cc1)-c1ccccc1-c1nnn[nH]1)N(Cc1ccccc1)C(=O)c1ccccc1,1200
CCCSc1nnc(CSc2ccccc2)n1Cc1ccc(NC(=O)c2ccccc2C(O)=O)cc1,1200
CCCCc1nc2cc(C)ccc2n1Cc1ccc(cc1)-c1ccccc1C(O)=O,1200
CCCCc1nc2c(C)cccc2n1Cc1ccc(cc1)-c1ccccc1C(O)=O,1200
CCSc1nc2c(C)scc2n1Cc1ccc(cc1)-c1ccccc1-c1nnn[nH]1,1200
CCCSc1nnc(CSc2ccccc2)n1Cc1ccc(NC(=O)c2ccccc2C(O)=O)cc1,1200
CCCCOC(=O)c1cccc2nc(CCCC)n(Cc3ccc(cc3)-c3ccccc3-c3nn[nH]n3)c12,1200
CCCCc1nc(Cl)c(COC(=O)CCCCO[N+]([O-])=O)n1Cc1ccc(cc1)-c1ccccc1-c1nnn[nH]1,1288
CCCCc1nc(Cl)c(CC(O)=O)n1Cc1ccc(NC(=O)[C@H](Cc2ccccc2)n2ccc(c2)C#N)cc1,1290
CCCCc1nn(-c2ccccc2Cl)c(=O)n1Cc1ccc(cc1)-c1ccccc1S(=O)(=O)NC(C)(C)C,1300
Cc1cc(C=Cc2ccc(cc2)-c2ccccc2-c2nnn[nH]2)c2ccccc2n1,1300
CCc1nc2c(C)cc(C)nc2n1Cc1ccc(cc1)-c1ccccc1C1Nc2ccccc2S(=O)(=O)N1,1300
CCCCC1=NC(=O)C2(CCCC2)CN1Cc1ccc(cc1)-c1ccccc1C(O)=O,1300
CCCCc1nc2cc(C)cc(C(O)=O)c2n1Cc1ccc(cc1)-c1ccccc1-c1nn[nH]n1,1300
CCCNC(=O)c1cc(C)c2nc(CCC)n(Cc3ccc(cc3)-c3ccccc3C(O)=O)c2c1,1345
CSc1nc2c(C)cc(cc2n1Cc1ccc(cc1)-c1ccccc1C(O)=O)C(=O)NC[C@@H](C)c1ccccc1,1368
CCCCCN(CCCCC)C(=O)N1CCN([C@@H](C1)C(O)=O)C(=O)N(c1ccccc1)c1ccc(cc1)C(O)=O,1400
CCCCc1nnc(-c2ccncc2)n1Cc1ccc(NC(=O)c2ccccc2C(O)=O)cc1,1400
CCCCc1nc(CO)c(Cl)n1Cc1ccc2CC(CCc2c1)c1nnn[nH]1,1400
CCCCc1nc2c(C)cccc2c(=O)n1Cc1ccc(cc1)-c1ccccc1C(O)=O,1400
CCCc1nc2c(C)cc(cc2n1Cc1ccc(cc1)-c1ccccc1-c1ncc[nH]1)-c1nc2ccccc2n1C,1400
O=C1N(Cc2ccc(cc2)-c2ccccc2-c2nnn[nH]2)C(=NC1(c1ccccc1)c1ccccc1)c1ccccc1,1400
CCCCc1nnc(-c2ccncc2)n1Cc1ccc(NC(=O)c2ccccc2C(O)=O)cc1,1400
CCCCc1nc2cccc(C(=O)OCC)c2n1Cc1ccc(cc1)-c1ccccc1-c1nn[nH]n1,1400
CCCc1nc2c(C)cc(NC(C)=O)cc2n1Cc1ccc(cc1)-c1ccccc1C(O)=O,1430
CCCCc1nc(Cl)c(CC(=O)OC)n1Cc1ccc(NC(=O)[C@H](Cc2ccccc2)n2ccc(C(=O)OCC)c2C)cc1,1470
CCCCc1n[nH]c(=O)n1Cc1ccc(cc1)-c1ccccc1C(O)=O,1500
CCCCc1nc2ccccc2n1Cc1cc(I)c(O)c(I)c1,1500
CCCc1nc2c(C)cc(cc2n1Cc1ccc(cc1)-c1ccccc1-c1nnc[nH]1)-c1nc2ccccc2n1C,1500
CCCCc1nc2cc(Cl)ccc2n1Cc1ccc(cc1)-c1ccccc1-c1nn[nH]n1,1500
CCCc1nc2c(C)cc(cc2n1Cc1ccc(cc1)-c1ccccc1-c1nnn[nH]1)C(=O)N[C@@H](C)c1ccccc1,1535
CCCc1nc2c(C)cc(cc2n1Cc1ccc(cc1)-c1ccccc1-c1nnn[nH]1)C(=O)N[C@H](C)c1ccccc1,1537
Oc1ccccc1C(=O)NN=Cc1cccc2cccnc12,1559
CC(=O)OCCCNc1cc(Sc2ccc(C)cc2)c2nonc2c1[N+]([O-])=O,1563
CCc1nc2c(C)cc(C)nc2n1Cc1ccc2N(CCc2c1)C(C#N)c1cccc(C)c1,1600
CCCSc1nnc(-c2ccccc2)n1Cc1ccc(NC(=O)c2ccccc2C(O)=O)cc1,1600
CCCCc1nc2ccccc2n1Cc1cc(c(O)c(c1)[N+]([O-])=O)[N+]([O-])=O,1600
CCCCn1nc2C(CCC)CCC(c3ccc(cc3)-c3ccccc3-c3nnn[nH]3)n2c1=O,1600
CCCCn1nc2C(CCC)CCC(c3ccc(cc3)-c3ccccc3-c3nnn[nH]3)n2c1=O,1600
CCCOc1nc2ccc(C)cn2c(=O)c1Cc1ccc(cc1)-c1ccccc1-c1nnn[nH]1,1600
CCOC(=O)c1cn(Cc2ccc(cc2)-c2ccccc2-c2nnn[nH]2)nc1N(C(C)=O)c1cccc(C)c1,1600
CCCSc1nnc(-c2ccccc2)n1Cc1ccc(NC(=O)c2ccccc2C(O)=O)cc1,1600
[Br-].CCCCc1n(Cc2ccc(cc2)-c2ccccc2-c2nn[nH]n2)cc[n+]1Cc1ccc(cc1)-c1ccccc1-c1nn[nH]n1,1698
CCCCc1nnc(-c2cccnc2)n1Cc1ccc(NC(=O)c2ccccc2C(O)=O)cc1,1700
CCCCc1nc2c(N)cccc2n1Cc1ccc(cc1)-c1ccccc1C(O)=O,1700
CCCCC1=NC(CCCC)(CCCC)C(=O)N1Cc1ccc(cc1)-c1ccccc1C(O)=O,1700
CCCCC1=NC(CCCC)(CCCC)C(=O)N1Cc1ccc(cc1)-c1ccccc1C(O)=O,1700
CCCCc1nnc(-c2cccnc2)n1Cc1ccc(NC(=O)c2ccccc2C(O)=O)cc1,1700
Cc1cc(Nc2ccc(C)cc2)n(n1)-c1nc(C)cc(=O)[nH]1,1773
CCCCc1nc2cccc(NC(C)=O)c2n1Cc1ccc(cc1)-c1ccccc1C(O)=O,1800
CCCCC1=NC(=O)C2(CCCC2)N1Cc1ccc(cc1)-c1ccccc1C(O)=O,1800
CCCCC1=NC2(CCCC2)C(=O)N1Cc1ccc(cc1)-c1ccccc1C(=O)OC,1800
CCn1n(Cc2ccc(cc2)-c2ccccc2-c2nnn[nH]2)c2nc(C)ccc2c1=O,1870
OCCNc1cc(Sc2nc3ccccc3s2)c2nonc2c1[N+]([O-])=O,1898
CCN(C(C(O)=O)c1cc(cc(c1)C(F)(F)F)C(F)(F)F)c1ccc(Cn2c(CC)nc3c(C)cc(C)nc23)cc1,1900
CCSc1nnc(-c2ccccc2)n1Cc1ccc(NC(=O)c2ccccc2C(O)=O)cc1,1900
CCOC(=O)c1cn(Cc2ccc(cc2)-c2ccccc2-c2nnn[nH]2)nc1N(C(C)=O)c1cc(C)cc(C)c1,1900
CCSc1nnc(-c2ccccc2)n1Cc1ccc(NC(=O)c2ccccc2C(O)=O)cc1,1900
CCCCc1nc(Cl)c(CC(=O)OC)n1Cc1ccc(NC(=O)[C@H](Cc2ccccc2)n2cccc2)cc1,1920
CC(=NNC(=O)c1ccc(F)cc1)c1ccccn1,1958
CCOC(=O)c1cn(Cc2ccc(cc2)-c2ccccc2-c2nnn[nH]2)nc1N(C(C)=O)c1ccccc1,2000
CCc1cc(OCc2ccc(cc2)-c2ccccc2-c2nnn[nH]2)c2cccc(c2n1)C(F)(F)F,2000
CCCCc1nc(CCCC)n(Cc2ccc(cc2)-n2ccc(c2)-c2nnn[nH]2)n1,2000
CC[C@H](C)[C@H](NC(=O)[C@H](Cc1ccc(O)cc1)NC(=O)[C@@H](NC(=O)[C@@H](N)CCCNC(N)=N)C(C)C)C(=O)N1Cc2ccc(O)cc2C[C@H]1C(=O)N1CCC[C@H]1C(=O)N[C@@H](Cc1ccccc1)C(O)=O,2010
OCCCNc1cc(Sc2nc3ccccc3s2)c2nonc2c1[N+]([O-])=O,2054
CC(=O)OCCCNc1cc(Sc2nc3ccccc3s2)c2nonc2c1[N+]([O-])=O,2057
CN(CCO)c1cc(Sc2nc3ccccc3s2)c2nonc2c1[N+]([O-])=O,2082
Cc1ccc(CN(c2ccc(cc2)C(=O)NCc2ccccn2)S(C)(=O)=O)cc1,2089
NNc1nc(cc(n1)-c1ccc(Br)cc1)-c1ccccc1,2093
CCCSc1nnc(n1Cc1ccc(NC(=O)c2ccccc2C(O)=O)cc1)C(F)(F)F,2100
CCCSc1nnc(n1Cc1ccc(NC(=O)c2ccccc2C(O)=O)cc1)C(F)(F)F,2100
CCCCC1=NC(CC(C)C)(CC(C)C)C(=O)N1Cc1ccc(cc1)-c1ccccc1C(O)=O,2100
CCCc1cc(C(O)=O)c(CO)n1Cc1ccc(cc1)-c1ccccc1C(O)=O,2100
CCCCC1=NC(CC(C)C)(CC(C)C)C(=O)N1Cc1ccc(cc1)-c1ccccc1C(O)=O,2100
CCS(=O)(=O)c1ncc(Cl)c(n1)C(=O)Nc1ccc(cc1)S(=O)(=O)N1CCCC(C)C1,2181
CN(CC(=O)Nc1cc(C)ccc1C)C(=O)c1ccc(cc1)S(=O)(=O)N1CCCCCC1,2188
CCCCc1nc2ccccc2n1Cc1cc(C)c(O)c(c1)[N+]([O-])=O,2200
CCCCc1nc2ccccc2n1Cc1cc(C)c(O)c(I)c1,2200
CCn1c2ccccc2c(Cl)c([N+]([O-])=O)c1=O,2221
Cc1cccnc1Nc1nc(cs1)-c1ccccn1,2238
CCn1c(Cl)c(C=O)sc1=NS(=O)(=O)c1ccccc1,2242
COc1ccc(NC(=O)C(Cl)=C(Cl)S(=O)Cc2ccc(C)cc2)cn1,2255
CC(=NNC(=O)c1ccc(Cl)cc1)c1ccccn1,2263
CCOC(=O)c1cn(Cc2ccc(cc2)-c2ccccc2-c2nnn[nH]2)nc1Nc1cccc(C)c1,2300
CC(C)Cn1n(Cc2ccc(cc2)-c2ccccc2-c2nnn[nH]2)c2ncccc2c1=O,2300
Cc1c(Nc2cc(Cl)c3nonc3c2[N+]([O-])=O)c(=O)n(-c2ccccc2)n1C,2330
Cc1ccc2cccc(NS(=O)(=O)c3ccccc3)c2n1,2346
COc1ccc(NC(=O)C(Cl)=C(Cl)S(=O)Cc2ccc(Cl)cc2)cn1,2349
CCCCc1nc2cccc(CN(C)C)c2n1Cc1ccc(cc1)-c1ccccc1-c1nn[nH]n1,2400
CCCCc1ncc(\C=C(/C(c2cccs2)c2ccccc2)C(O)=O)n1Cc1ccccc1Cl,2400
CCCCOc1nc2ccccn2c(=O)c1Cc1ccc(cc1)-c1ccccc1-c1nnn[nH]1,2400
Cn1c(=O)cc(C2CC2)n(Cc2ccc(cc2)-c2ccccc2-c2nnn[nH]2)c1=O,2400
Clc1cc(Cl)cc(c1)C(=O)NNc1ccc(cc1)-c1csnn1,2431
CCCCc1nc2ccccc2n1Cc1cc(Br)c(O)c(Br)c1,2500
OC(=O)c1ccccc1-c1ccc(CN2C(Cc3ccccc3)=NC3(CCCC3)C2=O)cc1,2500
CCCCc1nc(c(C(=O)OCC)n1Cc1ccc(NC(=O)[C@H](Cc2ccccc2)n2cccc2C(O)=O)cc1)-n1cccc1,2500
CCc1ccc(cc1)C(=O)NNc1ccc(C)c(Cl)c1,2553
Cc1nnsc1C(=O)NNc1ccc(cc1)C(C)(C)C,2560
CN(Cc1cn(nc1-c1ccc(F)cc1)-c1ccccc1)C(=O)CCC(O)=O,2570
Brc1ccc(cc1)-c1cc(C(=O)NN=Cc2ccccn2)c2ccccc2n1,2581
CCCCc1nc(Cl)c(CO)n1Cc1ccc(NC(=O)C(Cc2ccccc2)C#N)cc1,2600
CCCCc1ncc(\C=C(/Cc2ccccc2)C(O)=O)n1Cc1ccccc1Cl,2600
CCCCc1nc2cccc(CC(O)=O)c2n1Cc1ccc(cc1)-c1ccccc1-c1nn[nH]n1,2600
CCCCc1nc(Cl)c(CO)n1Cc1ccc(NC(=O)C(Cc2ccccc2)n2cnnn2)cc1,2600
CCCc1nc(CO)c(CO)n1Cc1ccc(cc1)-c1ccccc1C(O)=O,2700
CCCc1nc(CO)c(CO)n1Cc1ccc(cc1)-c1ccccc1C(O)=O,2700
ClCC(=O)NNc1cccc(Cl)n1,2718
O=S(=O)(Nc1cccc2cccnc12)c1ccccc1,2747
Oc1c(C=Nc2cccc3cccnc23)sc2ccccc12,2779
CCCCc1nc(CO)c(Cl)n1Cc1ccc2CC(C)(CCc2c1)C(O)=O,2800
CCCCc1nc(Cl)c(CO)n1Cc1ccc(cc1)C1=C(CCCCC1)c1nnn[nH]1,2800
CCCCc1nc2cccc(OC)c2n1Cc1ccc(cc1)-c1ccccc1-c1nn[nH]n1,2800
CCCCc1nc(Cl)c(COC(=O)c2cccc(CO[N+]([O-])=O)c2)n1Cc1ccc(cc1)-c1ccccc1-c1nnn[nH]1,2818
Cc1ccc(cc1)-c1cc2C(=O)c3ccccc3-c2nn1,2893
CCc1cc2c(nc([nH]c2=O)-c2ccccn2)s1,2909
COc1ccc(CS(=O)C(Cl)=C(Cl)C(=O)Nc2ccc(OC)nc2)cc1,2919
CCCCC1=NC(C(=O)N1Cc1ccc(cc1)-c1ccccc1C(O)=O)(c1ccccc1)c1ccccc1,3000
CCCCc1ncc(\C=C(/Cc2ccc(N)cc2)C(O)=O)n1Cc1ccccc1Cl,3000
CCc1nc2c(C)cc(C)nc2n1Cc1ccc(O)cc1,>3000
CCCn1c(Cc2ccc(cc2)-c2ccccc2-c2nnn[nH]2)c2[nH]cccc2c1=O,>3000
O=c1n(Cc2ccccc2)n(Cc2ccc(cc2)-c2ccccc2-c2nnn[nH]2)c2ncccc12,>3000
CCCCc1cc(OCc2ccc(cc2)-c2ccccc2C(O)=O)c2ccccc2n1,3100
CCCCc1nc2ccc(Cl)cc2n1Cc1ccc(cc1)-c1ccccc1-c1nn[nH]n1,3100
CCOC(=O)\C=C1\C(C)CC(=O)N1Cc1ccc(cc1)-c1ccccc1-c1nnn[nH]1,3100
CCC1(CC)CC(=O)N(Cc2ccc(cc2)-c2ccccc2-c2nnn[nH]2)C(C1)=CC(C)=O,3100
CC(=O)c1ccc(NC2=c3ccccc3=NC2=O)cc1,3104
CN(c1ccccc1)S(=O)(=O)c1ccc(NC(=O)c2nc(ncc2Cl)S(C)(=O)=O)cc1,3138
CCCCC1=NC2(CCCC2)C(=O)N1Cc1ccc(cc1)-c1ccccc1C(=O)OC(C)(C)C,3200
CCCCc1nc(Cl)c(CO)n1Cc1ccc(cc1)C1=C(CCCC1)c1nnn[nH]1,3200
CC(C)Cc1nc2cccc(C(O)=O)c2n1Cc1ccc(cc1)-c1ccccc1-c1nnn[nH]1,3200
CCCCc1nc2ccccc2n1Cc1cc(Cl)c(O)c(Cl)c1,3200
CCCCc1nc(Cl)c(CO)n1Cc1ccc(NC(=O)C(N=O)c2ccccc2)cc1,3250
CCCCC1NC(=O)C2(CCCC2)N1Cc1ccc(cc1)-c1ccccc1C(O)=O,3300
CCc1nc2c(C)cc(C)nc2n1Cc1ccc2n(Cc3ccccc3NC(=O)OC)ccc2c1,3300
CCCc1cn2nccc2n1Cc1ccc(cc1)-c1ccccc1-c1nnn[nH]1,3300
CCCCc1nc2cccc(C(O)=O)c2n1Cc1ccc(cc1)-c1ccccc1-c1nnnn1C,3400
CC(=NNC(=O)c1ccc(cc1)C(C)(C)C)c1ccccn1,3484
CCCCc1nc(Cl)c(CO)n1Cc1ccc(cc1)C1=C(CCC1)c1nnn[nH]1,3500
CCC(=O)OCCNc1cc(Sc2nc3ccccc3s2)c2nonc2c1[N+]([O-])=O,3506
Brc1ccccc1C(=O)Sc1cccc2cccnc12,3507
COc1ccc(CN=Nc2cc(C)nc(n2)-n2nc(C)cc2C)c(OC)c1,3512
CC(=NNC(=O)c1cccc(Br)c1)c1ccccn1,3515
CCS(=O)(=O)c1ncc(Cl)c(n1)C(=O)Nc1ccc(cc1)S(=O)(=O)N(C)c1ccccc1,3564
CC(C)(N)CC(=O)N[C@@H]1CCc2ccccc2N(Cc2ccc(cc2)-c2ccccc2-c2nnn[nH]2)C1=O,3600
[O-][N+](=O)c1ccc(=O)[c-](C[NH+]=Nc2ccc(Cl)nn2)c1,3628
Cc1ccc(cc1)S(=O)(=O)Nc1cccc2cccnc12,3673
CCCCS(=O)(=O)\C=C/C=C\S(=O)(=O)CCCC,3673
CC(C)c1ccc(NNC(=O)c2c(C)noc2C)cc1,3681
CC(=NNC(=O)COc1ccccc1-c1ccccc1)c1ccccn1,3733
Cc1ccc(NNC(=O)c2cc(nn2Cc2ccccc2)C(C)(C)C)cc1,3812
COc1cc(NS(=O)(=O)c2ccc(C)cc2)c2ncccc2c1,3882
CCC(C)c1nc2cccc(C(O)=O)c2n1Cc1ccc(cc1)-c1ccccc1-c1nnn[nH]1,3900
CCOC(=O)c1cn(Cc2ccc(cc2)-c2ccccc2-c2nnn[nH]2)nc1N(C(C)=O)c1ccc(C)cc1,3900
COc1ccc(NC(=O)C(Cl)=C(Cl)S(=O)Cc2ccccc2)cn1,3933
COc1ccc(NC2=c3c(Br)c(C)ccc3=NC2=O)cc1,3937
Fc1ccc2nc(NC(=O)c3ccccn3)sc2c1,3964
Cc1ccc2oc(Nc3nc(cc(=O)[nH]3)-c3ccccc3)nc2c1,3990
CCCOc1nc2cc(C)ccn2c(=O)c1Cc1ccc(cc1)-c1ccccc1-c1nnn[nH]1,4000
CC(C)COc1nc2ccc(C)cn2c(=O)c1Cc1ccc(cc1)-c1ccccc1-c1nnn[nH]1,4000
Clc1ccc(cc1Cl)C(=O)NN=Cc1ccccn1,4027
[O-][N+](=O)c1cc(cc(c1)[N+]([O-])=O)C(=O)N\N=C\c1ccccn1,4065
CCCCc1nc(Cl)c(CO)n1Cc1cccc2cc(ccc12)-c1nnn[nH]1,4100
CC(C)(C)C(=O)C(=C/c1cccc(c1)[N+]([O-])=O)\n1cncn1,4176
NNc1nc(cc(n1)-c1ccccc1O)-c1ccccc1,4197
CCCCc1nc(Cl)c(CO)n1Cc1ccc(cc1)-c1occc1C(O)=O,4200
CCCCc1nc(Cl)c(COC(=O)c2cccc(CO[N+]([O-])=O)c2)n1Cc1ccc(cc1)-c1ccccc1-c1nnn[nH]1,4266
CCOc1nc2ccccn2c(=O)c1Cc1ccc(cc1)-c1ccccc1-c1nnn[nH]1,4400
CCCc1cc(COC)c(C(O)=O)n1Cc1ccc(cc1)-c1ccccc1C(O)=O,4500
CC(=NNC(=O)c1cccc2ccccc12)c1ccccn1,4529
CCCCc1ncc(\C=C(/Cc2cccs2)C(O)=O)n1Cc1ccccc1Cl,4530
COc1ccc(NC(=O)C(Cl)=C(Cl)S(=O)Cc2ccccc2Cl)cn1,4541
CCCc1nc(C(O)=O)c(CO)n1Cc1ccc(cc1)-c1ccccc1-c1nnn[nH]1,4600
CCc1nc2c(C)cc(C)nc2n1Cc1ccc2N(CCc2c1)C(C#N)c1ccc(C)cc1,4600
CCCCc1nc(Cl)c(CO)n1Cc1ccc2CC(C)(CCc2c1)C(O)=O,4600
Cc1nc2ccccc2c(OCc2ccc(cc2)-c2ccccc2-c2nnn[nH]2)c1C,4600
CCCCc1nc2ccccc2n1Cc1cc(C)c(O)c(C)c1,4700
CC1CCCN(CC(=O)c2ccc(Cl)c(Cl)c2)C1,4756
CCSc1nnc(n1Cc1ccc(NC(=O)c2ccccc2C(O)=O)cc1)C(F)(F)F,4800
CCSc1nnc(n1Cc1ccc(NC(=O)c2ccccc2C(O)=O)cc1)C(F)(F)F,4800
CCOC(=O)c1ccc2nc(OC(C)C)c(Cc3ccc(cc3)-c3ccccc3-c3nnn[nH]3)c(=O)n2c1,4900
Clc1ccc(cc1)-c1cc(C(=O)NN=Cc2ccccn2)c2ccccc2n1,4903
CCCCc1ncc(\C=C(/Cc2ccccc2C)C(O)=O)n1Cc1ccccc1Cl,5000
CB1Nc2c(OCC(O)CN(C)C)cccc2C=C1,<5012
CC(C)NCC(O)COc1cccc2ccccc12,<5012
CB1Nc2cccc(OCC(O)CN(C)C)c2C=C1,<5012
Clc1ccc(cc1)C(=O)CNc1cccc(Cl)c1,5073
CCCCCN(CCCCC)C(=O)N1CCN([C@@H](C1)C(O)=O)C(=O)N(c1ccccc1)c1cccc(Cl)c1,5100
OC(=O)c1ccccc1-c1ccc(CN2C(=O)C3(CCCC3)N=C2c2ccccc2)cc1,5200
CCSc1nnc(COC)n1Cc1ccc(NC(=O)c2ccccc2C(O)=O)cc1,5200
CCSc1nnc(COC)n1Cc1ccc(NC(=O)c2ccccc2C(O)=O)cc1,5200
Cc1noc(C)c1C(=O)NNc1ccc(C)c(Cl)c1,5216
CC(C)OC(=O)CN1C(=O)C(=O)c2ccccc12,5321
COc1ccc(C(=O)\C=C\C(=O)N(CC2CCCO2)CC(=O)NC2CCCCC2)c(O)c1,5350
CCn1nc(C)cc1-c1nnc(Sc2ncc(s2)[N+]([O-])=O)n1C,5355
[O-][N+](=O)c1ccc(Cl)cc1C(=O)Nc1nc(cs1)-c1ccccn1,5369
CCCCc1nc(Cl)c(CO)n1Cc1ccc2CC(CCc2c1)c1nnn[nH]1,5400
CCCCCN(CCCCC)C(=O)N1CCN([C@@H](C1)C(O)=O)C(=O)N(c1ccccc1)c1ccc(Br)cc1,5400
Cc1ccc(cc1)C(=O)CNc1ccc(C)c(Cl)c1,5431
CCCCc1nc2cc(ccc2n1Cc1ccc(cc1)-c1ccccc1-c1nn[nH]n1)C(O)=O,5500
COc1ccc(cc1)-c1nc2cc(ccc2n1Cc1ccc(cc1)-c1ccccc1-c1nnn[nH]1)C1=NNC(=O)CC1C,5500
CCCCc1nc(Cl)c(CO)n1Cc1ccc(cc1)-c1ccccc1-c1nnn[nH]1,5670
[O-][N+](=O)c1cnc(Sc2ccncn2)s1,5671
Cc1ccc(NCC(=O)c2ccccc2)cc1Cl,5699
CCCCc1nc2c(NC(C)=O)cccc2n1Cc1ccc(cc1)-c1ccccc1C(O)=O,5700
CCCCc1nn(C(Cc2ccccc2)C(=O)c2ccccc2)c(=O)n1Cc1ccc(cc1)-c1ccccc1-c1nnn[nH]1,5800
CCOC(=O)c1cn(Cc2ccc(cc2)-c2ccccc2-c2nnn[nH]2)nc1N(C(C)=O)c1ccc(CC)cc1,5800
CCOC(=O)\C=C1/CC(C)(C)CC(=O)N1Cc1ccc(cc1)-c1ccccc1-c1nnn[nH]1,5800
COc1ccc(OC)c(NC(=O)c2nc(ncc2Cl)S(=O)(=O)Cc2ccccc2)c1,5868
COc1cc(\C=C\[N+]([O-])=O)ccc1OC(=O)c1cccnc1,5870
CCC1CCCCN1S(=O)(=O)c1ccc(NC(=O)c2nc(ncc2Cl)S(C)(=O)=O)cc1,5897
CCCOc1cccc(c1)-c1cc(C(=O)NN=Cc2ccccn2)c2ccccc2n1,5899
CC(=NNC(=O)c1ccccc1OCc1ccc(F)cc1)c1ccccn1,5981
CCCOc1nc2c(C)cccn2c(=O)c1Cc1ccc(cc1)-c1ccccc1-c1nnn[nH]1,6000
CC(C)Oc1nc2ccc(C)cn2c(=O)c1Cc1ccc(cc1)-c1ccccc1-c1nnn[nH]1,6000
C[C@@H]1C[C@H]2OC(=O)C(=C)[C@H]2[C@H](OC(=O)CC(=O)O[C@H]2[C@H]3[C@@H](C[C@@H](C)[C@@H]4C=CC(=O)[C@@]24C)OC(=O)C3=C)[C@@]2(C)[C@H]1C=CC2=O,6054
CCc1ccc(cc1)C(=O)NNc1ccc(Cl)cc1,6083
O=S1(=O)C=C(Sc2nnc(o2)-c2ccccc2)c2ccccc12,6087
CCS(=O)(=O)c1ncc(Cl)c(n1)C(=O)Nc1ccc(cc1)S(=O)(=O)N1CCC(C)CC1,6112
Cc1cc(C)n(n1)-c1nc(C)cc(N=NCc2ccccc2[N+]([O-])=O)n1,6140
COc1cc(\C=C\c2ccc3cccc(O)c3n2)cc(OC)c1OC,6200
C(Oc1ccnc2ccccc12)c1ccc(cc1)-c1ccccc1-c1nnn[nH]1,6300
[Br-].CCCCc1c(Cl)[n+](Cc2ccc(cc2)-c2ccccc2-c2nn[nH]n2)c(CO)n1Cc1ccc(cc1)-c1ccccc1-c1nn[nH]n1,6457
Clc1c(sc2ccccc12)C(=O)NN=Cc1ccccn1,6535
CCCc1c(C)c(=O)n(C)c(=O)n1Cc1ccc(cc1)-c1ccccc1-c1nnn[nH]1,6600
CCN(CC)C(=S)SSC(=S)N(CC)CC,6637
Cc1ccc(cc1)-c1cc(nc(NN)n1)-c1ccccc1,6660
Brc1ccc(cc1)C(=O)NN=Cc1ccccn1,6762
COCc1cc(=O)[nH]c(Nc2nc3ccc(C)cc3o2)n1,6831
COc1ccc(cc1)-c1cc2C(=O)c3ccccc3-c2nn1,6975
CC1=NC2(CCCC2)C(=O)N1Cc1ccc(cc1)-c1ccccc1C(O)=O,7000
CCCCc1nc2ccc(cc2[nH]1)C1=NN(Cc2ccc(cc2)-c2ccccc2-c2nnn[nH]2)C(=O)CC1C,7000
Fc1ccc(NCC(=O)c2ccccc2)cc1,7063
CCCOc1ccc(cc1)C(=O)NNC(=S)NC(=O)CC,7144
CCCCc1nc2c(cccc2n1Cc1ccc(cc1)-c1ccccc1-c1nn[nH]n1)C(=O)OC,7200
Brc1ccc(NC2=c3ccccc3=NC2=O)cc1,7402
NC(=O)c1ccccc1NCC(=O)c1ccc(Cl)cc1,7407
O=C1c2ccccc2-c2nnc(cc12)-c1ccccc1,7431
Cc1ccc(cc1)C(=O)CNc1ccc(Br)cc1,7475
OC(=O)c1ccccc1NCC(=O)c1ccccc1,7514
[O-][N+](=O)c1cc(ccc1Cl)C(=O)COC(=O)CNC(=O)CNC(=O)c1ccco1,7541
CCCCC1NC(=O)C2(CCCC2)N1Cc1ccc(cc1)-c1ccccc1C(O)=O,7750
Cc1ccc(NC2=c3cc(Br)ccc3=NC2=O)cc1,7758
CCOc1ccc(NC2=c3c(Br)c(C)ccc3=NC2=O)cc1,7767
O=C(NN=Cc1ccccn1)c1cc(nc2ccccc12)-c1ccccc1,7788
CS(=O)(=O)c1ncc(Cl)c(n1)C(=O)Nc1ccc(OC(F)F)cc1,7789
N=C1S\C(=C/c2ccco2)C(=O)N1c1nccs1,7859
Cc1cccc(C=NNC(=O)c2cccc(Cl)c2)n1,7891
Clc1ccc(C=NNC(=S)N2CCOCC2)cc1,7992
[O-][N+](=O)c1cccc(c1)C(=O)N\N=C\c1ccccn1,8108
Cc1ccc(cc1)C(=O)CNc1ccccc1C,8203
Cc1ccc(c(c1)[N+]([O-])=O)S(=O)(=O)Nc1cccc2cccnc12,8215
CCCCc1nc(Cl)c(CO)n1Cc1ccc(NC(=O)Cn2cccc2C(=O)OC)cc1,8370
O=C(C#Cc1ccccc1)c1ccco1,8433
CCCCCN(CCCCC)C(=O)N1CCN([C@@H](C1)C(O)=O)C(=O)N(c1ccccc1)c1ccc(I)cc1,8500
CCCCc1nc2ccccc2n1Cc1ccc(O)cc1,8500
Cc1cc(no1)C(=O)NNc1ccc(C)c(C)c1,8578
Cc1ccc(C=NNC(=S)N2CCOCC2)cc1,8597
CC[C@@H](C)[C@H](NC(=O)[C@@H]1CCCN1C(=O)[C@H](Cc1cnc[nH]1)NC(=O)[C@H](CCCCNC(=O)[C@H](CCCNC(N)=N)NC(=O)OCc1ccccc1)NC(=O)[C@H](Cc1ccc(O)cc1)NC(=O)c1ccccc1)C(O)=O,8600
Cc1ccccc1NCC(=O)c1ccc(Br)cc1,8619
OC(=O)c1ccccc1-c1ccc(CN2C(Cc3ccccc3)=NC3(CCCC3)C2=O)cc1,8650
Clc1ccc(cc1)C(=O)NN=Cc1ccccn1,8705
CC(=O)[C-]1Sc2nn[c-](C)[n+]2[N+](C(C)=O)=C1c1cccc(c1)[N+]([O-])=O,8724
CCCCc1nc(Cl)c(CO)n1Cc1ccc2CC(CCc2c1)C(O)=O,8900
CCCCc1nc2ccc(cc2n1Cc1ccc(cc1)-c1ccccc1-c1nn[nH]n1)C(O)=O,9000
Cc1ccc(OCCN2C(=O)c3ccccc3C2=O)c(c1)[N+]([O-])=O,9039
Cc1ccc(cc1)C(=O)CNc1ccccc1,9139
CCOC(=O)\C=C\S(=O)(=O)c1ccc(NC(C)=O)cc1,9222
CCOC(=O)C1=C2NC(=O)c3ccccc3N2C(=O)C1,9246
CCOC(=O)c1c(NC(=O)CNCCN(C)C)scc1-c1ccc(cc1)-c1ccccc1,9333
[O-][N+](=O)c1cc(ccc1Cl)C(=O)COC(=O)CNC(=O)Cc1ccccc1,9369
CC(=NNC(=O)c1ccccc1Cl)c1ccccn1,9382
Fc1cc(F)c2nc(NC(=O)c3ccccn3)sc2c1,9455
CC(Oc1ccc(cc1)[N+]([O-])=O)C(=O)NN=C(C)c1ccccn1,9481
CNC(=O)c1nnsc1S(=O)(=O)c1ccc(Cl)cc1,9675
Cc1cccc(c1)C(=O)Nc1ccc(cc1)C(=O)\C=C\c1ccncc1,9712
CC1(C)CC(=O)C2=C(C1)OC1=C(C2c2ccc(O)cc2O)C(=O)CC(C)(C)C1,9756
Cc1ccc(C)c(c1)N=Nc1ccc(O)c2ncccc12,9843
Cc1ccc(cc1)C(=O)CNc1cc(C)ccc1C,9852
Cc1ccc(cc1)C(=O)CNc1cccc(Cl)c1,9875
CCCCn1nc(C(Br)CCC)n(Cc2ccc(cc2)-c2ccccc2-c2nnn(n2)C(c2ccccc2)(c2ccccc2)c2ccccc2)c1=O,>10000
CCCCn1nc2C(CCC)CCC(c3ccc(cc3)-c3ccccc3-c3nnn(n3)C(c3ccccc3)(c3ccccc3)c3ccccc3)n2c1=O,>10000
CCCCc1ncc2C=CCC(c3ccc(cc3)-c3ccccc3-c3nnn[nH]3)n12,>10000
CCCCn1nc2CCCC(c3ccc(cc3)-c3ccccc3-c3nnn[nH]3)n2c1=O,>10000
CCCC1CCC(c2ccc(cc2)-c2ccccc2-c2nnn[nH]2)n2c1n[nH]c2=O,>10000
CCCCn1nc(C(CCC)CC2=NC(C)(C)CO2)n(Cc2ccc(cc2)-c2ccccc2-c2nnn(n2)C(c2ccccc2)(c2ccccc2)c2ccccc2)c1=O,>10000
CCCCc1ncc2[C@H](CC[C@@H](c3ccc(cc3)-c3ccccc3-c3nnn(n3)C(c3ccccc3)(c3ccccc3)c3ccccc3)n12)N1C(=O)CCC1=O,>10000
CCCCn1nc2C(CCC)CCC(c3ccc(cc3)-c3ccccc3-c3nnn(n3)C(c3ccccc3)(c3ccccc3)c3ccccc3)n2c1=O,>10000
CCCCn1nc(C(CCC)CCO)n(Cc2ccc(cc2)-c2ccccc2-c2nnn(n2)C(c2ccccc2)(c2ccccc2)c2ccccc2)c1=O,>10000
CCCCn1nc(C(CCC)CCBr)n(Cc2ccc(cc2)-c2ccccc2-c2nnn(n2)C(c2ccccc2)(c2ccccc2)c2ccccc2)c1=O,>10000
OC(=O)c1ccccc1-c1ccc(CN2C(=O)C3(CCCC3)N=C2C(F)(F)C(F)(F)C(F)(F)F)cc1,10000
CCCCC1=NC2(CCCC2)CN1Cc1ccc(cc1)-c1ccccc1C(=O)C(C)(C)C,>10000
OC(=O)c1ccccc1-c1ccc(CN2C=NC3(CCCC3)C2=O)cc1,>10000
CCCCCN(CCCCC)C(=O)N1CCN([C@H](CO)C1)C(=O)N(c1ccccc1)c1ccccc1,>10000
CCCCCN(CCCCC)C(=O)N1CCN([C@@H](C1)C(O)=O)C(=O)N(c1ccccc1)c1cccc(OC)c1,>10000
CN(C(=O)N1CCN([C@@H](C1)C(O)=O)C(=O)N(c1ccccc1)c1ccccc1)c1ccccc1,>10000
CCCCCN(CCCCC)C(=O)N1CCN([C@@H](C1)C(O)=O)C(=O)N(c1ccccc1)c1cccc(C)c1,10000
CCCCc1ncc(\C=C(/Cc2cccc(Oc3ccccc3)c2)C(O)=O)n1Cc1ccccc1Cl,10000
CCCCCN(CCCCC)C(=O)N1CCN([C@H](CCO)C1)C(=O)N(c1ccccc1)c1ccccc1,>10000
CCCCCN(CCCCC)C(=O)N1CCN([C@@H](C1)C(O)=O)C(=O)N(c1ccccc1)c1ccc(cc1)C(=O)OCC,>10000
CC(C)N(C(C)C)C(=O)N1CCN([C@@H](C1)C(O)=O)C(=O)N(c1ccccc1)c1ccccc1,>10000
CCCCCN(CCCCC)C(=O)N1CCN([C@H](C1)C(O)=O)C(=O)N(c1ccccc1)c1ccccc1,>10000
CCCCCN(CCCCC)C(=O)N1CCN([C@@H](C1)C(O)=O)C(=O)N(c1ccccc1)c1ccc(O)cc1,10000
CC(=NOC(=O)Nc1ccccc1)c1cccc(c1)-c1cccs1,>10000
CCCCc1nn(CCCC)c(=O)n1Cc1ccc(cc1)-c1ccccc1-c1nnn(n1)C(c1ccccc1)(c1ccccc1)c1ccccc1,>10000
CCCCc1ncc2[C@H]([C@H](Br)C[C@@H](c3ccc(cc3)-c3ccccc3-c3nnn(n3)C(c3ccccc3)(c3ccccc3)c3ccccc3)n12)N1C(=O)CCC1=O,>10000
CCCCC1=NC(Cl)C(CO)N1Cc1ccc(cc1)-c1ccccc1-c1nnn[nH]1,>10000
CCCCc1cn(Cc2ccc(cc2)-c2ccccc2-c2nnn(n2)C(c2ccccc2)(c2ccccc2)c2ccccc2)c(CCCC)n1,>10000
CCc1n(Cc2ccc(cc2)-c2ccccc2-c2nnn[nH]2)c(=O)c2ccc[nH]c12,>10000
O=c1n(Cc2ccc(cc2)-c2ccccc2-c2nnn[nH]2)cc2[nH]cccc12,>10000
OC(=O)[C@H]1[C@@H]2CC[C@H](CN1C(=O)N(c1ccccc1)c1ccccc1)N2C(=O)N(c1ccccc1)c1ccccc1,>10000
OC(=O)[C@@H]1[C@H]2CC[C@@H](CN1C(=O)C(c1ccccc1)c1ccccc1)N2C(=O)OCc1ccccc1,>10000
OC(=O)[C@@H]1[C@H]2CC[C@@H](CN1C(=O)N(c1ccccc1)c1ccccc1)N2C(=O)OCc1ccccc1,>10000
OC(=O)[C@@H]1[C@H]2CC[C@@H](CN1C(=O)Oc1ccccc1)N2C(=O)C(c1ccccc1)c1ccccc1,>10000
OC(=O)[C@H]1[C@@H]2CC[C@H](CN1C(=O)N1c3ccccc3C=Cc3ccccc13)N2C(=O)C(c1ccccc1)c1ccccc1,>10000
OC(=O)[C@@H]1[C@H]2CC[C@@H](CN1C(=O)C(c1ccccc1)c1ccccc1)N2C(=O)NCc1ccccc1,>10000
OC(=O)[C@@H]1[C@H]2CC[C@@H](CN1C(=O)C(c1ccccc1)c1ccccc1)N2C(=O)Oc1ccccc1,>10000
CN(Cc1ccccc1)C(=O)N1[C@H]2CC[C@@H]1[C@H](N(C2)C(=O)C(c1ccccc1)c1ccccc1)C(O)=O,>10000
OC(=O)[C@@H]1[C@H]2CC[C@@H](CN1C(=O)C(c1ccccc1)c1ccccc1)N2C(=O)Nc1ccccc1,>10000
CN(Cc1ccccc1)C(=O)N1[C@H]2CC[C@@H]1[C@H](N(C2)C(=O)N(c1ccccc1)c1ccccc1)C(O)=O,>10000
CN(Cc1ccccn1)C(=O)N1[C@H]2CC[C@@H]1[C@H](N(C2)C(=O)C(c1ccccc1)c1ccccc1)C(O)=O,>10000
CN(Cc1ccccc1Cl)C(=O)N1[C@H]2CC[C@@H]1[C@H](N(C2)C(=O)N(c1ccccc1)c1ccccc1)C(O)=O,>10000
CN(Cc1ccc(Cl)cc1)C(=O)N1[C@H]2CC[C@@H]1[C@H](N(C2)C(=O)N(c1ccccc1)c1ccccc1)C(O)=O,>10000
CCN(Cc1ccccc1)C(=O)N1[C@H]2CC[C@@H]1[C@H](N(C2)C(=O)N(c1ccccc1)c1ccccc1)C(O)=O,>10000
CC(C(=O)N1C[C@@H]2CC[C@H]([C@H]1C(O)=O)N2C(=O)OCc1ccccc1)(c1ccccc1)c1ccccc1,>10000
CN(Cc1ccc(C)cc1)C(=O)N1[C@H]2CC[C@@H]1[C@H](N(C2)C(=O)N(c1ccccc1)c1ccccc1)C(O)=O,>10000
COc1ccc(CN(C)C(=O)N2[C@H]3CC[C@@H]2[C@H](N(C3)C(=O)N(c2ccccc2)c2ccccc2)C(O)=O)cc1,>10000
CN(Cc1ccc(cc1)C#N)C(=O)N1[C@H]2CC[C@@H]1[C@H](N(C2)C(=O)N(c1ccccc1)c1ccccc1)C(O)=O,>10000
OC(=O)[C@@H]1[C@H]2CC[C@H](CC2OCc2ccccc2)N1C(=O)C(c1ccccc1)c1ccccc1,>10000
OC(=O)[C@@H]1CN(CCN1C(=O)N(c1ccccc1)c1ccccc1)C(=O)N1c2ccccc2C=Cc2ccccc12,>10000
CCCCOC(=O)NS(=O)(=O)c1ccc(Oc2ccccc2)cc1-c1ccc(cc1)C(=O)N(CC)CC,
CCCc1nc(COC)n2[nH]c(=O)nc2c1Cc1ccc(cc1)-c1ccccc1-c1nnn[nH]1,
CCCCc1nc(Cl)c(CO)n1Cc1ccc(cc1)-c1ccccc1-c1nnn[nH]1,
CCCc1nc(C)n2nc(SCC(=O)OCC)nc2c1Cc1ccc(cc1)-c1ccccc1-c1nnn[nH]1,
CCCCc1nc(Cl)c(CNC(=O)[C@H](CS)CC(C)C)n1Cc1ccc(cc1)-c1ccccc1C(O)=O,
CCc1nn(Cc2ccc(cc2)-c2ccccc2-c2nn[nH]n2)\c(=N\C(=O)c2ccc(F)cc2)s1,
CCCCOC(=O)NS(=O)(=O)c1sc(CC(C)C)cc1-c1ccc(cc1)C(N)=O,
CCCCc1nc(C)n2c(n[nH]c2=S)c1Cc1ccc(cc1)-c1ccccc1-c1nnn[nH]1,
CCCc1nc(COC)n2nc(C)nc2c1Cc1ccc(cc1)-c1ccccc1-c1nnn[nH]1,
OC(=O)c1cccc2nc(C3CC3)c(Oc3ccc(cc3)-c3ccccc3-c3nnn[nH]3)c(C(O)=O)c12,
CCCc1nc(c(s1)S(=O)(=O)NC(=O)OC)-c1ccc(Cn2c(CC)nc3c(C)cc(C)nc23)cc1,
CCCCOC(=O)NS(=O)(=O)c1cc(CC(C)C)ccc1-c1ccc(cc1)C(=O)N(CC)CC,
CCCCN(Cc1ccc(cc1)-c1ccccc1-c1nnn[nH]1)c1nc(C)ccc1C(O)=O,
CCCCC(CS)C(=O)NCc1c(Cl)nc(CCCC)n1Cc1ccc(cc1)-c1ccccc1C(O)=O,
CCCCc1nc(Cl)c(CNC(=O)C(CS)CCC(C)C)n1Cc1ccc(cc1)-c1ccccc1C(O)=O,
CCCCc1nc(Cl)c(CNC(=O)C(CS)C(C)C)n1Cc1ccc(cc1)-c1ccccc1C(O)=O,
CCCCc1nc(Cl)c(CNC(=O)[C@H](S)CC(C)C)n1Cc1ccc(cc1)-c1ccccc1C(O)=O,
CCCc1nc(C)n2c(n[nH]c2=S)c1Cc1ccc(cc1)-c1ccccc1-c1nnn[nH]1,
CCc1nn(Cc2ccc(cc2)-c2ccccc2-c2nn[nH]n2)\c(=N\C(=O)c2cccc(F)c2)s1,
CCCc1nc(C)n2nc(nc2c1Cc1ccc(cc1)-c1ccccc1-c1nnn[nH]1)S(=O)(=O)NC,
CCc1nn(Cc2ccc(cc2)-c2ccccc2-c2nn[nH]n2)\c(=N\C(=O)c2cccc(c2)[N+]([O-])=O)s1,
CCc1nn(Cc2ccc(cc2)-c2ccccc2-c2nn[nH]n2)\c(=N\C(=O)c2ccc(cc2)[N+]([O-])=O)s1,
CC[C@H](C)[C@H](NC(=O)[C@H](Cc1ccc(O)cc1)NC(=O)[C@@H](CN)C(C)C)C(=O)N[C@H]1Cc2ccccc2CN(CC(=O)N[C@@H](Cc2ccccc2)C(O)=O)C1=O,
CCCCOC(=O)NS(=O)(=O)c1ccc(CC(C)C)cc1-c1ccc(cc1)C(=O)N(CC)CC,
CCCc1nc(C)n2nc(nc2c1Cc1ccc(cc1)-c1ccccc1-c1nnn[nH]1)C(F)(F)F,
CCCCc1nc(C)c(C(=O)OCC)c(=O)n1Cc1ccc(cc1)-c1ccccc1C([O-])=O,
O=C1N(Cc2ccc(cc2)-c2ccccc2-c2nnn[nH]2)N(C(=O)C11CCCC1)c1ccccc1,
CCCCc1nc(Cl)c(CNC(=O)C(CS)Cc2ccc3ccccc3c2)n1Cc1ccc(cc1)-c1ccccc1C(O)=O,
CCCCOC(=O)NS(=O)(=O)c1ccc(Cc2ccccc2)cc1-c1ccc(cc1)C(=O)N(CC)CC,
CCCc1nc(C)n2nc(SC)nc2c1Cc1ccc(cc1)-c1ccccc1-c1nnn[nH]1,
CCCc1nc(C)n2nc(nc2c1Cc1ccc(cc1)-c1ccccc1-c1nnn[nH]1)-c1ccccc1,
CCCCOC(=O)NS(=O)(=O)c1ccc(CCC)cc1-c1ccc(Cn2c(CCCC)nc3ccccc23)cc1,
CCCc1nc(C)n2nc(nc2c1Cc1ccc(cc1)-c1ccccc1-c1nnn[nH]1)S(=O)(=O)N(C)C,
CCCc1nc2c(C)cc(cc2n1Cc1ccc(cc1)-c1ccc(cc1C(O)=O)C(O)=O)-c1nc2ccccc2n1C,
CCCCC1=NC(=C(C(C)N1Cc1ccc(cc1)-c1ccccc1C(O)=O)C(=O)OCC)c1ccc(Cl)cc1,
CCc1nn(Cc2ccc(cc2)-c2ccccc2-c2nn[nH]n2)\c(=N\C(=O)c2cccc(Cl)c2)s1,
CCCCc1ncc(C(O)=O)c(NCc2ccc(cc2)-c2ccccc2-c2nnn[nH]2)n1,
CCCCc1nc(C)c(CNC(=O)[C@@H](S)CC(C)C)n1Cc1ccc(cc1)-c1ccccc1C(O)=O,
CCCCc1nn(Cc2ccc(cc2)-c2ccccc2-c2nn[nH]n2)\c(=N\C(=O)c2ccccc2Cl)s1,
CCCc1nc(CC)n2[nH]c(=O)nc2c1Cc1ccc(cc1)-c1ccccc1-c1nnn[nH]1,
CCCCc1nc(Cl)c(CNC(=O)C(CS)CC2CCCCC2)n1Cc1ccc(cc1)-c1ccccc1C(O)=O,
CCCCOC(=O)NS(=O)(=O)c1cc(Cc2ccccc2)ccc1-c1ccc(cc1)C(=O)N(CC)CC,
CCc1nn(Cc2ccc(cc2)-c2ccccc2-c2nn[nH]n2)\c(=N\C(=O)c2cccc(Br)c2)s1,
CCCCC1=N\C(=C/c2ccccc2Br)C(=O)N1Cc1ccc(cc1)-c1ccccc1-c1nnn(n1)C(c1ccccc1)(c1ccccc1)c1ccccc1,
CCc1nn(Cc2ccc(cc2)-c2ccccc2-c2nn[nH]n2)\c(=N\C(=O)c2ccc(Br)cc2)s1,
CCc1nn(Cc2ccc(cc2)-c2ccccc2-c2nn[nH]n2)\c(=N\C(=O)c2ccc(Cl)cc2)s1,
CCCCOC(=O)NS(=O)(=O)c1sc(CC(C)C)cc1-c1ccc(cc1)C(=O)N1CCOCC1,
CC(O)CCC(=O)N([C@@H](C(C)C)C(O)=O)c1ccc(cc1)-c1ccccc1-c1nnn[nH]1,
Cc1ccc(cc1)N1N(Cc2ccc(cc2)-c2ccccc2-c2nnn[nH]2)C(=O)C2(CCCC2)C1=O,
CCCCOC(=O)NS(=O)(=O)c1ccc(CCC)cc1-c1ccc(Cn2c(nc3ccccc23)C(C)C)cc1,
OC(=O)[C@@H]1CN(CCN1C(=O)N1c2ccccc2C=Cc2ccccc12)C(=O)N(c1ccccc1)c1ccccc1,>10000
OC(=O)[C@@H]1CN(CCN1C(=O)N1c2ccccc2C=Cc2ccccc12)C(=O)N1c2ccccc2C=Cc2ccccc12,>10000
OC(=O)[C@@H]1CN(CCN1C(=O)N1c2ccccc2C=Cc2ccccc12)C(=O)C(c1ccccc1)c1ccccc1,>10000
OC(=O)[C@@H]1CN(CCN1C(=O)C(c1ccccc1)c1ccccc1)C(=O)N1c2ccccc2C=Cc2ccccc12,>10000
OC(=O)[C@@H]1CN(CCN1C(=O)C(c1ccccc1)c1ccccc1)C(=O)N1c2ccccc2Sc2ccccc12,>10000
OC(=O)[C@@H]1CN(CCN1C(=O)N1c2ccccc2Sc2ccccc12)C(=O)N(c1ccccc1)c1ccccc1,>10000
CN(C)S(=O)(=O)NC(=O)[C@@H]1CN(CCN1C(=O)N1c2ccccc2C=Cc2ccccc12)C(=O)N(c1ccccc1)c1ccccc1,>10000
OC(=O)[C@@H]1CN(CCN1C(=O)N(c1ccccc1)c1ccccc1)C(=O)N1c2ccccc2Sc2ccccc12,>10000
OC(=O)[C@H]1CN(CCN1C(=O)N(c1ccccc1)c1ccccc1)C(=O)N1c2ccccc2C=Cc2ccccc12,>10000
OC(=O)[C@H]1CN(CCN1C(=O)N1c2ccccc2C=Cc2ccccc12)C(=O)N(c1ccccc1)c1ccccc1,>10000
COC1=Cc2ccccc2N(C(=O)N2CCN(C[C@H]2C(O)=O)C(=O)N(c2ccccc2)c2ccccc2)c2ccccc12,>10000
OC(=O)[C@@H]1CN(CCN1C(=O)N1c2ccccc2CC(=O)c2ccccc12)C(=O)N(c1ccccc1)c1ccccc1,>10000
OC(=O)[C@@H]1CN(CCN1C(=O)C1(CCCCC1)c1ccccc1)C(=O)N(c1ccccc1)c1ccccc1,>10000
OC(=O)[C@@H]1CN(CCN1C(=O)C1(CCCCC1)c1ccccc1)C(=O)C(c1ccccc1)c1ccccc1,>10000
CCC(CC)(C(=O)N1CCN(C[C@H]1C(O)=O)C(=O)N(c1ccccc1)c1ccccc1)c1ccccc1,>10000
COc1ccccc1N(C(=O)N1CCN([C@@H](C1)C(O)=O)C(=O)N1c2ccccc2CC(=O)c2ccccc12)c1ccccc1OC,>10000
CC[C@H](C)[C@H](NC(=O)[C@H](Cc1ccc(O)cc1)NC(=O)[C@@H](NC(=O)[C@H](CCCNC(N)=N)NC(=O)[C@@H](N)CC(O)=O)C(C)C)C(=O)N[C@H]1Cc2c(CN(CC(=O)N[C@@H](Cc3ccccc3)C(O)=O)C1=O)[nH]c1ccccc21,>10000
CC[C@H](C)[C@H](NC(=O)[C@H](Cc1ccc(O)cc1)NC(=O)[C@@H](NC(=O)[C@@H](N)CCCNC(N)=N)C(C)C)C(=O)N[C@H]1Cc2c(CN(CC(=O)N[C@@H](Cc3ccccc3)C(O)=O)C1=O)[nH]c1ccccc21,>10000
CCCC[C@H](N1Cc2[nH]c3ccccc3c2C[C@H](NC(=O)[C@@H](NC(=O)[C@H](Cc2ccc(O)cc2)NC(=O)[C@@H](NC(=O)[C@H](CCCNC(N)=N)NC(=O)[C@@H](N)CC(O)=O)C(C)C)[C@@H](C)CC)C1=O)C(=O)N[C@@H](Cc1ccccc1)C(O)=O,>10000
CCCC[C@H](N1Cc2[nH]c3ccccc3c2C[C@H](NC(=O)[C@@H](NC(=O)[C@H](Cc2ccc(O)cc2)NC(=O)[C@@H](NC(=O)[C@@H](N)CCCNC(N)=N)C(C)C)[C@@H](C)CC)C1=O)C(=O)N[C@@H](Cc1ccccc1)C(O)=O,>10000
CC[C@H](C)[C@H](NC(=O)[C@H](Cc1ccc(O)cc1)NC(=O)[C@@H](NC(=O)[C@H](CCCNC(N)=N)NC(=O)[C@@H](N)CC(O)=O)C(C)C)C(=O)N1Cc2cc(O)ccc2C[C@H]1C(=O)N1CCC[C@H]1C(=O)N[C@@H](Cc1ccccc1)C(O)=O,>10000
OC(=O)c1ccccc1-c1ccc(CN2C(=O)C3(CCCC3)N=C2c2ccccc2)cc1,>10000
CCCC[C@@H]1N2CCC[C@@H]2C(=O)N1Cc1ccc(cc1)-c1ccccc1-c1nnn[nH]1,10000
OC(=O)[C@@H]1[C@H]2CC[C@@H](CN1C(=O)C(c1ccccc1)c1ccccc1)N2C(=O)C(c1ccccc1)c1ccccc1,>10000
OC(=O)[C@@H]1[C@H]2CC[C@@H](CN1C(=O)N(c1ccccc1)c1ccccc1)N2C(=O)N(c1ccccc1)c1ccccc1,>10000
OC(=O)[C@@H]1[C@H]2CC[C@@H](CN1C(=O)N1c3ccccc3C=Cc3ccccc13)N2C(=O)C(c1ccccc1)c1ccccc1,>10000
OC(=O)[C@@H]1[C@H]2CC[C@@H](CN1C(=O)N(c1ccccc1)c1ccccc1)N2C(=O)C(c1ccccc1)c1ccccc1,>10000
Cc1cccc(CSc2cccc3cccnc23)c1,10067
Clc1ccccc1C(=O)NN=C(c1ccccc1)c1ccccn1,10166
COc1cc(\C=C\c2ccc3cccc(OC)c3n2)c(OC(C)=O)c(c1)[N+]([O-])=O,10250
Oc1cccc2ccc(\C=C\c3cccs3)nc12,10262
CCCCn1c(NC(=O)c2ccco2)c(C(=O)OCC)c2nc3ccccc3nc12,10393
COc1cc(\C=C\[N+]([O-])=O)ccc1OC(=O)c1cc2ccccc2oc1=O,10415
Cc1cc(O)ccc1NC(=S)NC(=O)c1cncc(Br)c1,10471
CC(=O)C(Sc1cccc2cccnc12)=NNc1ccc(Cl)cc1Cl,10586
CC(C)(C)C(=O)NC(=S)NNC(=O)c1ccc(cc1)-c1ccccc1,10762
Fc1cccc(c1)C(=O)NN=C(c1ccccc1)c1cccnc1,10764
CCCCc1nc(Cl)c(CO)n1Cc1ccc(NC(=O)C(=O)c2ccccc2)cc1,10900
CCCSc1cc(NCCOC(=O)CCC)c([N+]([O-])=O)c2nonc12,10962
CCc1nc2c(C)cc(C)nc2n1Cc1cc(Br)cc(Br)c1,11000
O=C(NNC(=O)C12CC3CC(CC(C3)C1)C2)c1ccccn1,11185
COc1ccc(cc1OC)-c1cc(nc(NN)n1)-c1ccccc1,11248
Cc1ccc(CS(=O)(=O)c2ncc(Cl)c(n2)C(=O)Nc2ccc(OC(F)F)cc2)cc1,11276
CC(=O)N1C(=C(Sc2nnc(C)n12)C(C)=O)c1ccccc1,11323
COc1ccccc1C(=O)NNC(=S)NC(=O)c1ccco1,11342
CC(=NNC(=O)c1ccccc1F)c1ccccn1,11656
Fc1ccc(NC(=O)c2nc(ncc2Cl)S(=O)(=O)Cc2ccccc2)cc1,11812
Cc1c(Cl)cccc1NC(=S)NNc1ncc(cc1Cl)C(F)(F)F,11923
CCCCc1ncc(CC(O)=O)n1Cc1ccccc1Cl,12000
Oc1c(ccc2cccnc12)C(N1CCCC1)c1ccccc1Cl,12033
OCC1(CO)COC(=O)C(NNc2cc(Cl)ccc2Cl)=N1,12056
COc1ccc2O[C@@H](C(=O)C(O)c2c1)c1ccc(OC)c(Br)c1,12132
COC(=O)CS(=O)(=O)c1nnc(o1)[C@H](Cc1ccccc1)NC(=O)OC(C)(C)C,12370
Clc1ccsc1C(=O)NNc1ccc(Cl)cc1,12448
[O-][N+](=O)c1cc(ccc1Cl)C(=O)COC(=O)c1cnccn1,12473
CCCCCN(CCCCC)C(=O)N1CCN(CC1)C(=O)N(c1ccccc1)c1ccccc1,12500
COc1cccc(c1)C(=O)NN=C(c1ccccc1)c1ccccn1,12630
O=C(NN=C(c1ccccc1)c1ccccn1)c1ccccc1,12796
Clc1ccc(SCc2cc(=O)[nH]c(n2)-c2ccccn2)cc1,12955
NNc1nc(cc(n1)-c1ccccc1)-c1ccccc1,12956
CCOc1nc2cc(ccc2n1Cc1ccc(cc1)-c1ccccc1-c1nnn[nH]1)C(O)=O,13000
CCCCc1nc2c(cccc2n1Cc1ccc(cc1)-c1ccccc1-c1nn[nH]n1)C(N)=O,13000
CC1=NC(Nc2nc(C)c3ccccc3n2)=NC(C)(C)C1,13025
Cc1cccc(NC(=S)NNc2ncc(cc2Cl)C(F)(F)F)c1,13111
[O-][N+](=O)c1ccc(nc1)S(=O)(=O)c1ccccc1,13121
Cc1ccc2nc(C)cc(C(=O)OCC(=O)c3ccc(Cl)c(c3)[N+]([O-])=O)c2c1,13200
CCCCN(CCCC)C(=S)NN=Cc1c(C)[nH]n(-c2ccccc2)c1=O,13296
Clc1ccc(cc1Cl)C(=O)COC(=O)Cn1nnc2ccccc12,13322
S=C(NN=Cc1ccccc1)N1CCOCC1,13338
Brc1ccc(NCC(=O)c2ccccc2)cc1,13491
[O-][N+](=O)c1cccc(c1)C(=O)COC(=O)c1cnccn1,13593
Cc1cc(C)c2ccc(N)nc2c1O,13697
Nc1c(N2CCCC2)c2ccccc2oc1=O,13714
COC(=O)c1ccc(NCC(=O)c2ccccc2)cc1,13749
CC(NC(=O)COc1ccccc1)C(=O)OCC(=O)c1cc2ccccc2o1,13817
Clc1ccccc1C1c2ccccc2CCNC1=S,13829
CCC(C)c1ccc(O)c(NC(=S)NC(=O)c2cccnc2)c1,13951
CCCc1nc(cn1Cc1ccc(cc1)-c1ccccc1-c1nnn[nH]1)C(O)=O,14000
COc1nc2ccccn2c(=O)c1Cc1ccc(cc1)-c1ccccc1-c1nnn[nH]1,14000
Oc1ccc2C[C@H]3N(CC4CC4)CC[C@@]45C(Oc1c24)C(=O)C(C[C@@]35O)=Cc1ccccc1,14011
Cc1nc([nH]c(=O)c1Cc1ccccc1)-n1[nH]c2CCCCc2c1=O,14239
[O-][N+](=O)c1cc(ccc1Cl)C(=O)COC(=O)CN1C(=O)C2C3CC(C=C3)C2C1=O,14345
Cc1ccc(C)c(NCC(=O)c2ccc(Cl)cc2)c1,14437
Brc1ccc(s1)C(=O)CNc1ccc(Br)cc1,14685
Cc1[nH]c2ccccc2c1\C=C1/SC(=N)N(C1=O)c1nccs1,14843
Clc1cccc(NCC(=O)c2ccc(Br)cc2)c1,14992
Clc1ccc(cc1Cl)C(=O)COC(=O)c1ccncc1,14993
[O-][N+](=O)c1cccc(c1)C(=O)COC(=O)CCC(=O)Nc1ccccc1Cl,15047
COc1cccc(\C=C\c2ccc3cccc(O)c3n2)c1,15100
FC(F)(F)c1cnc(NNC(=S)Nc2cccnc2)c(Cl)c1,15114
CNS(=O)(=O)c1cccc(c1)C(=O)OCC(=O)c1cc2ccccc2o1,15477
[O-][N+](=O)c1ccc2C(=O)N(C(=O)c3cccc1c23)c1ccc(Cl)cn1,15495
Fc1ccc(NC(=S)NNc2ncc(cc2Cl)C(F)(F)F)c(F)c1,15556
COc1cccc(\C=C\c2ccc3cccc(O)c3n2)c1OC,15614
CC(C)CNC(=S)NNC(=O)CCn1nc(C)c(Br)c1C,15944
[O-][N+](=O)c1cc(ccc1Cl)C(=O)COC(=O)CN1C(=O)C2CC=CCC2C1=O,16254
Clc1ccc2[nH]c(=S)n(Cc3ccccn3)c(=O)c2c1,16456
O=C(COC(=O)c1ccco1)c1ccc(cc1)S(=O)(=O)N1CCCCC1,16477
[O-][N+](=O)c1cccc(c1)C(=O)N[N-][C+](c1ccccc1)c1ccccn1,16529
CCOc1cccc(\C=C\c2ccc3cccc(O)c3n2)c1OC,16565
OCC1(CO)COC(=O)C(NNc2ccc(Cl)c(Cl)c2)=N1,16602
CC1(C)Cc2c(CS1)c(nc1sc3c(NN)ncnc3c21)N1CCOCC1,16807
CCSc1nnc(NC(=O)c2ccccn2)s1,16812
Cc1ccc(cc1)C(C[N+]([O-])=O)Sc1ccc(N)cc1,16913
O=C(COc1ccccc1)OCC(=O)c1ccc(cc1)S(=O)(=O)N1CCCCC1,16931
COc1ccc(cc1)-c1nc2ccc(cc2[nH]1)C1=NNC(=O)CC1C,17000
Cc1cc(C(=O)OCC(=O)c2cccc(c2)[N+]([O-])=O)c2ccccc2n1,17372
[O-][N+](=O)c1cccc(c1)C(=O)COC(=O)CNC(=O)CN1C(=O)c2ccccc2C1=O,17436
ON1[C@H]2CCCC[C@H]2N(O)C1c1ccc(Cl)cc1Cl,17663
COc1ccc(NC2(C(=O)c3ccccc3C2=O)c2ccc(Cl)cc2)cc1,17864
CC(=O)Nc1cccc(c1)C(=O)OCC(=O)c1ccc(cc1)S(=O)(=O)N1CCCCC1,17984
C[C@@H]1C[C@H]2OC(=O)C(=C)[C@H]2[C@H](O)[C@@]2(C)[C@H]1C=CC2=O,18639
CNS(=O)(=O)c1cccc(c1)C(=O)OCC(=O)c1ccc(cc1)S(=O)(=O)N1CCCCC1,18784
CCN(CC)CC(=O)c1ccc(cc1)-c1ccccc1,18792
Fc1ccc(NC(=O)Nc2nc(cs2)-c2ccccn2)c(F)c1,18798
[O-][N+](=O)c1cccc(c1)C(=O)COC(=O)CCc1ccccc1,19230
Cc1ccc(cc1[N+]([O-])=O)C(=O)COC(=O)c1ccncc1,19983
CCCc1nc(C(O)=O)c(CO)n1Cc1ccc(cc1)-c1ccccc1C(O)=O,20000
CCCCc1nc(Cl)c(CO)n1Cc1ccc2ccc(cc2c1)-c1nnn[nH]1,20000
CCCc1nc(C(O)=O)c(CO)n1Cc1ccc(cc1)-c1ccccc1C(O)=O,20000
CCCCc1nc2ccccc2n1Cc1ccc(O)c(C)c1,20000
COc1ccc(CC(=O)OCC(=O)c2ccc(cc2)S(=O)(=O)N2CCCCC2)cc1,20002
[O-][N+](=O)c1cccc(c1)C(=O)COC(=O)CN1C(=O)C2C3CC(C(Br)C3Br)C2C1=O,20361
COc1ccccc1C(=O)NNC(=S)NC(=O)c1cccs1,20377
CCCCCN(CCCCC)C(=O)N1CCN([C@@H](C1)C(=O)OC)C(=O)N(c1ccccc1)c1ccccc1,21000
Cn1c(N)c(C(=O)COC(=O)c2ccccc2C(=O)c2ccc(Cl)c(c2)[N+]([O-])=O)c(=O)n(C)c1=O,21336
FC(F)(F)c1cccc(Sc2nc(nnc2C(F)(F)F)-c2ccccc2)c1,21362
NC(=O)c1ccccc1NCC(=O)c1ccc(F)cc1,21576
OC(=O)c1cccc(CO[N+]([O-])=O)c1,21878
C[C@@H]1C[C@H]2OC(=O)C(=C)[C@H]2[C@H](OC(C)=O)[C@@]2(C)[C@H]1C=CC2=O,21974
CC(C)(C)c1cc(Cl)c(O)c(NC(=S)NC(=O)c2cccnc2)c1,22182
CN(C)CCCNC(=O)c1ccc(cc1)-c1nc(cs1)-c1ccc(Cl)cc1,22557
CC1CC2=C(CC1C=NNC(N)=S)C(C)(C)CCC2,22594
Cc1cc(C)nc(NNS(=O)(=O)c2c(F)cc(F)cc2Br)n1,22678
OC(=O)c1cccc(CO[N+]([O-])=O)c1,22909
Cc1ccc(cc1[N+]([O-])=O)C(=O)COC(=O)CCC(=O)Nc1ccccc1Cl,22922
CCCCc1nn(-c2ccccc2C(F)(F)F)c(=O)n1Cc1ccc(cc1)-c1ccccc1-c1nnn[nH]1,23000
COc1ccc(NS(=O)(=O)c2ccc3ccccc3c2)c2ncccc12,23070
Brc1ccc(o1)C(=O)OCC(=O)c1ccc(cc1)S(=O)(=O)N1CCCCC1,23185
[O-][N+](=O)c1cccc(c1)C(=O)COC(=O)CNC(=O)Cc1ccccc1,23207
CC(C)c1ccc(O)c(NC(=S)NC(=O)c2cccnc2)c1,23246
COc1cccc2sc(Nc3nc(C)c(s3)C(C)=O)nc12,23304
[O-][N+](=O)c1ccc(cc1)\[NH+]=N\c1ncc[n-]1,23546
CCCN(CCC)c1nc(nc2ccccc12)-c1ccccn1,23855
Cc1cc(C)nc(NNS(=O)(=O)c2ccc(F)c(Cl)c2)n1,23924
Fc1ccc(CC(=O)OCC(=O)c2cc3ccccc3o2)cc1,23928
[O-][N+](=O)c1cccc([CH+][N-]NS(=O)(=O)c2ccccc2)c1,24304
Fc1ccc(NC2=c3ccccc3=NC2=O)cc1,24351
CC(N1C(=O)C2C3CCC(C3)C2C1=O)C(=O)OCC(=O)c1cccc(c1)[N+]([O-])=O,24373
CCCCCN(CCCCC)C(=O)N1CCN(C[C@H]1C(O)=O)C(=O)N(c1ccccc1)c1ccccc1,25000
Fc1ccc(NC(=S)Nc2nccs2)cc1,25155
[O-][N+](=O)c1cccc(c1)C(=O)COC(=O)CCC(=O)NC1CCCCC1,25201
CC(C)c1nc(C#N)c(NN)o1,25327
CCC1Nc2ncnc(N3CCCCC3)c2N(Cc2ccc(Cl)cc2)C1=O,25489
Fc1ccc2NC(=O)C3(Nc4ccccc4-c4nnc(SCc5ccccc5Cl)nc4O3)c2c1,25534
CCCCc1ncc(\C=C(/Cc2ccc(Cl)c(Cl)c2)C(O)=O)n1Cc1ccccc1Cl,25600
CC(=O)Nc1ccc(NC(=O)CCC(=O)OCC(=O)c2cccc(c2)[N+]([O-])=O)cc1,25961
[O-][N+](=O)c1cccc(c1)C(=O)C[n+]1ccc(cc1)-c1cc(C(=O)Nc2cccc(c2)C(F)(F)F)c2ccccc2n1,26035
COc1ccc(cc1)C(=O)CNc1ccccc1CO,26123
[O-][N+](=O)c1cccc(c1)C(=O)COC(=O)CN1C(=O)C2C3CCC(C3)C2C1=O,26310
CN1C(=c2sc(=C3C(Nc4ccccc4)=NN(C3=O)c3ccccc3)n(C)c2=O)C(C)(C)c2ccccc12,26969
[O-][N+](=O)c1cccc(c1)C(=O)COC(=O)CNC(=O)c1ccc(Br)o1,27296
COc1cc(\C=C2/SC(=O)N(C2=O)c2cccc(Cl)c2)cc(c1O)[N+]([O-])=O,27321
COc1cccc(NC(=S)NN=C2CC3CCC2(C)C3(C)C)c1,27397
CCSC1(SCC)N=C(N)C2(C#N)C(c3ccc(OC)c(OC)c3OC)C12C#N,27497
Cc1cccc2=C(Nc3ccc(Cl)cc3)C(=O)N=c12,27938
COc1ccc(cc1)C(=O)CNc1cccc(F)c1,27963
[O-][N+](=O)c1cccc(c1)C(=O)COC(=O)CCN1C(=O)C2C3CC(C(Br)C3Br)C2C1=O,28379
COC(=O)c1[nH]nc(C(O)c2ccc(Cl)cc2)c1-c1ccc(OC)cc1,28403
Cc1ncc(C=O)c(CNNc2ccc(cn2)C(F)(F)F)c1O,28689
CN(C)c1ccc2nc3c(nc(=O)[nH]c3=O)n(CC(O)C(O)C(O)CO)c2c1,29122
CCCCc1nc2c(NC(=O)NC3CCCCC3)cccc2n1Cc1ccc(cc1)-c1ccccc1C(O)=O,29300
Brc1ccc2=NC(=O)C(Nc3ccc(cc3)-c3nnc4CCCCCn34)=c2c1,29371
Cc1ccc(cc1[N+]([O-])=O)C(=O)COC(=O)CNC(=O)C(c1ccccc1)c1ccccc1,29494
Brc1ccc2[nH]c(=S)n(Cc3ccccn3)c(=O)c2c1,29724
CCCCCN(CCCCC)C(=O)N1CCN([C@@H](C1)C(O)=O)C(=O)N(CCCCC)CCCCC,>30000
CCCCCN(C)C(=O)N1CCN([C@@H](C1)C(O)=O)C(=O)N(c1ccccc1)c1ccccc1,>30000
CCCCCN(CCCCC)C(=O)N1CCN([C@@H](C1)C(O)=O)C(=O)N(c1ccccc1)c1ccccc1,>30000
C[C@H]1Cc2c([nH]c3cc(Cl)c(F)cc23)[C@@]2(N1)C(=O)Nc1ccc(Cl)cc21,>30000
CSCCC(NC(=O)COc1ccccc1)C(=O)OCC(=O)c1cc2ccccc2o1,31212
Oc1cccc2ccc(\C=C\c3ccccc3Cl)nc12,32271
Cc1ccc(cc1[N+]([O-])=O)C(=O)COC(=O)CNS(=O)(=O)c1ccccc1,32974
CCCCc1nc2ccccc2n1Cc1ccc(I)c(O)c1I,33000
Cc1ccc2N(C(=O)C(=O)c2c1)c1ccc(Cl)cc1,33187
Cc1ccccc1NC(=O)CCC(=O)OCC(=O)c1cccc(c1)[N+]([O-])=O,33559
Cc1ccc(cc1[N+]([O-])=O)C(=O)COC(=O)CN1C(=O)C2CC=CCC2C1=O,33570
COc1ccccc1NC(=O)CCC(=O)OCC(=O)c1ccc(C)c(c1)[N+]([O-])=O,33714
OCCN(Cc1ccccc1)C(=O)C[C@H]1C\C=C\CC[C@H](Cc2ccc(F)cc2)C(=O)O[C@H](CNC1=O)c1ccccc1,33723
CN(C)CCN(Cc1ccco1)C(=O)c1cc2c(Cl)nc3ccccc3c2s1,33842
[O-][N+](=O)c1cccc(c1)C(=O)COC(=O)CCC(=O)Nc1cccc(Cl)c1Cl,34210
CC(=O)c1ccc(NC(=O)CCC(=O)OCC(=O)c2cccc(c2)[N+]([O-])=O)cc1,34501
COc1ccc2O[C@H](C(=O)C(O)c2c1)c1ccc(OC)c(Br)c1,34590
OC(C(=O)c1ccco1)c1ccco1,35176
Cc1ccc(cc1C)N=Nc1ccc(O)c2ncccc12,35254
COc1ccccc1NCC(=O)c1ccc(Cl)cc1,35277
Cc1[nH]n(C(N)=S)c(=O)c1N=Nc1ccc(cc1)[N+]([O-])=O,35329
Clc1ccc(C(=O)COC(=O)c2cccnc2Cl)c(Cl)c1,35410
CC(C)(C)c1cc(CCC(=O)NNC(=S)NC(=O)c2ccccc2)cc(c1O)C(C)(C)C,35472
COc1ccc(\C=C\C(=O)NC(=S)NNC(=O)c2c(C)onc2-c2ccccc2)cc1,35536
Clc1ccc(C(=O)COC(=O)c2ccccn2)c(Cl)c1,35893
CCOC(=O)C1C(c2cccs2)C2=C(CC(CC2=O)c2cccs2)N=C1C,35987
CCCCC1=NC(Cl)C(CO)N1Cc1ccc(cc1)-c1ccccc1-c1nnn[nH]1,36000
Cc1ccc(cc1)C(=O)NCC(=O)OCC(=O)c1ccc(C)c(c1)[N+]([O-])=O,36392
COc1ccc(cc1[N+]([O-])=O)S(=O)(=O)NNc1nc(C)cc(C)n1,36727
Clc1ccc(cc1Cl)C(=O)COC(=O)c1cccnc1,36773
[O-][N+](=O)c1cccc(c1)C(=O)COC(=O)CNS(=O)(=O)c1ccccc1,38101
Cc1ccc(cc1[N+]([O-])=O)C(=O)COC(=O)c1cnccn1,38500
CC(C)(C)c1ccc(cc1)-n1nc(C#N)c(Cl)cc1=O,38527
CCCCCN(CCCCC)C(=O)N1CCN([C@@H](C1)C(O)=O)C(=O)N(c1ccccc1)c1ccccc1,39000
Cc1ccccc1NC(=S)NNc1ncc(cc1Cl)C(F)(F)F,39328
Clc1ccc(cc1)C(=O)C[N+]1(CC#Cc2ccccc2)CCOCC1,39409
Clc1ccc(C(=O)COC(=O)c2ccc3C(=O)N(C(=O)c3c2)c2cccc3ncccc23)c(Cl)c1,39413
CCOC(=O)c1[nH]nc(C(O)c2ccc(Cl)cc2)c1-c1ccccc1,39863
Oc1ccc(cc1\C=C1\SC(NS(=O)(=O)Cc2ccccc2)=NC1=O)[N+]([O-])=O,39907
Cc1cccc(COC(=O)c2ccccc2[N+]([O-])=O)c1,40500
CCCCc1nc(Cl)c(CC(O)=O)n1Cc1ccccc1Cl,43000
CCCCn1[nH]c(=CCC)c(=Cc2ccc(cc2)-c2ccccc2-c2nnn[nH]2)c1=O,45000
CCCCCN(C(=O)N1CCN(C[C@H]1C(O)=O)C(=O)N(c1ccccc1)c1ccccc1)c1ccccc1,45000
CCCc1nc(cn1Cc1ccc(cc1)-c1ccccc1C(O)=O)C(O)=O,45000
CCOc1nc2c(cccc2n1Cc1ccc(cc1)-c1ccccc1-c1nnn[nH]1)C(O)=O,45000
Cc1cccc(COC(=O)c2ccccc2)c1,48600
COc1ccc(cc1)-c1nc2ccc(cc2[nH]1)C1=NN(Cc2ccc(cc2)-c2ccccc2-c2nnn[nH]2)C(=O)CC1C,54000
CCCCc1nc(Cl)c(CO)n1Cc1ccc2cccc(-c3nnn[nH]3)c2c1,55000
CCCCCN(CCCCC)C(=O)N1CCN([C@@H](C1)C(O)=O)C(=O)N(c1ccccc1)c1cccc(Br)c1,59000
[O-][N+](=O)c1ccc(Cl)c(c1)C(=O)Oc1coc(CSc2ncccn2)cc1=O,60100
CC(C)Oc1nc2ccc(cn2c(=O)c1Cc1ccc(cc1)-c1ccccc1-c1nnn[nH]1)C(O)=O,69300
CC[C@H](C)[C@H](NC(=O)[C@H](Cc1ccc(O)cc1)NC(=O)[C@@H](NC(=O)[C@H](CCCNC(N)=N)NC(=O)[C@@H](N)CC(O)=O)C(C)C)C(=O)N[C@@H](Cc1ccc(O)cc1)C(=O)N1CCC[C@H]1C(=O)N[C@@H](Cc1ccccc1)C(O)=O,72550
Cc1ccnc(SCc2cc(=O)c(OC(=O)c3ccco3)co2)n1,>79000
Cc1ccnc(SCc2cc(=O)c(NC(=O)c3ccc(cc3)[N+]([O-])=O)co2)n1,>79000
Cc1ccnc(SCc2cc(=O)c(NC(=O)c3ccccc3)co2)n1,>79000
Cc1cc(C)nc(SCc2cc(=O)c(OS(=O)(=O)c3ccc(cc3)[N+]([O-])=O)co2)n1,>79000
Cc1cc(C)nc(SCc2cc(=O)c(OS(=O)(=O)c3ccccc3)co2)n1,>79000
CC(=O)Oc1coc(CSc2nccc(C)n2)cc1=O,>79000
CC(C)C(=O)Oc1coc(CSc2nccc(C)n2)cc1=O,>79000
Cc1ccnc(SCc2cc(=O)c(OC(=O)C(C)(C)C)co2)n1,>79000
Cc1ccnc(SCc2cc(=O)c(OCc3ccc(Cl)c(c3)[N+]([O-])=O)co2)n1,>79000
Cc1ccnc(SCc2cc(=O)c(OCc3ccccc3)co2)n1,>79000
[O-][N+](=O)c1cc(ccc1Cl)C(=O)Oc1coc(CSc2ccccc2)cc1=O,>79000
Cc1ccc(SCc2cc(=O)c(OC(=O)c3ccc(Cl)c(c3)[N+]([O-])=O)co2)cc1,>79000
[O-][N+](=O)c1cc(ccc1Cl)C(=O)Oc1coc(CSc2ccc(Cl)cc2)cc1=O,>79000
[O-][N+](=O)c1cc(ccc1Cl)C(=O)Oc1coc(CSc2ccc(OC(F)(F)F)cc2)cc1=O,>79000
COc1ccc(SCc2cc(=O)c(OC(=O)c3ccc(Cl)c(c3)[N+]([O-])=O)co2)cc1,>79000
Cc1cc(C)nc(SCc2cc(=O)c(O)co2)n1,>79000
Cc1ccnc(SCc2cc(=O)c(O)co2)n1,>79000
Oc1coc(CSc2ncccn2)cc1=O,>79000
Oc1coc(CSc2ccc(F)cc2)cc1=O,>79000
Oc1coc(CSc2ccccc2)cc1=O,>79000
Cc1ccnc(SCc2cc(=O)c(OC(=O)c3cccc(c3)C#N)co2)n1,>79000
Cc1ccnc(SCc2cc(=O)c(OC(=O)c3ccc(OC(F)(F)F)cc3)co2)n1,>79000
Cc1ccnc(SCc2cc(=O)c(OC(=O)c3ccccc3C)co2)n1,>79000
Cc1ccnc(SCc2cc(=O)c(OC(=O)c3cccc(Cl)c3)co2)n1,>79000
Cc1cccc(c1)C(=O)Oc1coc(CSc2nccc(C)n2)cc1=O,>79000
COc1cccc(c1)C(=O)Oc1coc(CSc2nccc(C)n2)cc1=O,>79000
Cc1ccnc(SCc2cc(=O)c(OC(=O)c3ccccc3Cl)co2)n1,>79000
Cc1ccnc(SCc2cc(=O)c(OC(=O)c3cc(ccc3Cl)[N+]([O-])=O)co2)n1,>79000
[O-][N+](=O)c1ccc(cc1)C(=O)Oc1coc(CSc2ncccn2)cc1=O,>79000
Cc1ccnc(SCc2cc(=O)c(OC(=O)c3ccc(cc3)C(F)(F)F)co2)n1,>79000
Cc1ccnc(SCc2cc(=O)c(OC(=O)c3ccc(cc3)C#N)co2)n1,>79000
Cc1ccnc(SCc2cc(=O)c(OC(=O)c3ccc(cc3)[N+]([O-])=O)co2)n1,>79000
Cc1ccnc(SCc2cc(=O)c(OC(=O)c3ccc(Cl)cc3)co2)n1,>79000
Cc1ccnc(SCc2cc(=O)c(OC(=O)c3cccc(c3)[N+]([O-])=O)co2)n1,>79000
Cc1ccnc(SCc2cc(=O)c(OC(=O)c3ccc(C)c(c3)[N+]([O-])=O)co2)n1,>79000
Cc1ccnc(SCc2cc(=O)c(OC(=O)c3ccc(Cl)c(c3)[N+]([O-])=O)co2)n1,>79000
Cc1ccnc(SCc2cc(=O)c(OC(=O)c3ccccc3)co2)n1,>79000
COc1cc(C(=O)Oc2coc(CSc3ncccn3)cc2=O)c(cc1OC)[N+]([O-])=O,>79000
O=C(Oc1coc(CSc2ncccn2)cc1=O)c1ccc(cc1)S(=O)(=O)N1CCOCC1,>79000
O=C(Oc1coc(CSc2ncccn2)cc1=O)c1ccc(cc1)S(=O)(=O)N1CCCCC1,>79000
CCN(CC)S(=O)(=O)c1ccc(cc1)C(=O)Oc1coc(CSc2ncccn2)cc1=O,>79000
O=C(Oc1coc(CSc2ncccn2)cc1=O)c1ccc(cc1)-c1ccccc1,>79000
Cc1c(cccc1[N+]([O-])=O)C(=O)Oc1coc(CSc2ncccn2)cc1=O,>79000
[O-][N+](=O)c1ccc(Cl)cc1C(=O)Oc1coc(CSc2ncccn2)cc1=O,>79000
Cc1ccc(cc1C)C(=O)Oc1coc(CSc2ncccn2)cc1=O,>79000
O=C(Oc1coc(CSc2ncccn2)cc1=O)c1ccc(cc1)S(=O)(=O)N1CCCC1,>79000
CN(C)S(=O)(=O)c1ccc(cc1)C(=O)Oc1coc(CSc2ncccn2)cc1=O,>79000
Fc1ccc(cc1)C(=O)Oc1coc(CSc2ncccn2)cc1=O,>79000
CC(C)(C)c1ccc(cc1)C(=O)Oc1coc(CSc2ncccn2)cc1=O,>79000
CCCCOc1ccc(cc1)C(=O)Oc1coc(CSc2ncccn2)cc1=O,>79000
CC(C)Oc1ccc(cc1)C(=O)Oc1coc(CSc2ncccn2)cc1=O,>79000
CCOc1ccc(cc1)C(=O)Oc1coc(CSc2ncccn2)cc1=O,>79000
COc1ccc(cc1)C(=O)Oc1coc(CSc2ncccn2)cc1=O,>79000
Cc1ccc(cc1)C(=O)Oc1coc(CSc2ncccn2)cc1=O,>79000
Brc1ccc(cc1)C(=O)Oc1coc(CSc2ncccn2)cc1=O,>79000
FC(F)(F)c1ccc(cc1)C(=O)Oc1coc(CSc2ncccn2)cc1=O,>79000
O=C(Oc1coc(CSc2ncccn2)cc1=O)c1ccc(cc1)C#N,>79000
Clc1ccc(cc1)C(=O)Oc1coc(CSc2ncccn2)cc1=O,>79000
[O-][N+](=O)c1cccc(c1)C(=O)Oc1coc(CSc2ncccn2)cc1=O,>79000
Cc1ccc(cc1[N+]([O-])=O)C(=O)Oc1coc(CSc2ncccn2)cc1=O,>79000
[O-][N+](=O)c1cc(ccc1Cl)C(=O)Oc1coc(CSc2ncccn2)cc1=O,>79000
O=C(Oc1coc(CSc2ncccn2)cc1=O)c1ccccc1,>79000
Cc1ccnc(SCc2cc(=O)c(OC(=O)c3cc(Cl)ccc3[N+]([O-])=O)co2)n1,>79000
Cc1ccnc(SCc2cc(=O)c(OC(=O)c3ccc(cc3)S(=O)(=O)N3CCCC3)co2)n1,>79000
Cc1ccnc(SCc2cc(=O)c(OC(=O)c3ccc(F)cc3)co2)n1,>79000
COc1ccc(cc1)C(=O)Oc1coc(CSc2nccc(C)n2)cc1=O,>79000
Cc1ccc(cc1)C(=O)Oc1coc(CSc2nccc(C)n2)cc1=O,>79000
Cc1ccnc(n1)S(=O)(=O)Cc1cc(=O)c(OC(=O)c2ccc(Cl)c(c2)[N+]([O-])=O)co1,>79000
Cc1ccnc(SCc2cc(=O)c(OC(=O)c3cnco3)co2)n1,>79000
Cc1ccnc(SCc2cc(=O)c(OC(=O)c3ccc(o3)[N+]([O-])=O)co2)n1,>79000
Cc1ccnc(SCc2cc(=O)c(OC(=O)c3ccsc3)co2)n1,>79000
CCCCc1nc2ccccc2n1CCc1cc(I)c(O)c(I)c1,81000
Cc1cccc(COC(=O)c2ccc(O)cc2)c1,86600
Cc1ccccc1COC(=O)c1ccccc1,88300
Cc1cc(OCc2ccc(cc2)-c2ccccc2-c2nnn[nH]2)c2ccccc2c1,90000
Cc1ccc(COC(=O)c2ccccc2)cc1,92800
COc1ccccc1C(=O)OCc1cccc(C)c1,97500
Cc1cccc(COC(=O)c2ccccc2C)c1,99800
CCCCCN(CCCCC)C(=O)N1CCN(C(C1)C(O)=O)C(=O)C(c1ccccc1)c1ccccc1,>100000
CC1CN(CCN1C(=O)N(c1ccccc1)c1ccccc1)C(=O)N(c1ccccc1)c1ccccc1,>100000
CC1CN(C(C)CN1C(=O)N(c1ccccc1)c1ccccc1)C(=O)N(c1ccccc1)c1ccccc1,>100000
OC(=O)[C@@H]1CN(CCN1C(=O)N(c1ccccc1)c1ccccc1)C(=O)N(c1ccccc1)c1ccccc1,>100000
O=C(N(c1ccccc1)c1ccccc1)N1CCN(CC1)C(=O)N(c1ccccc1)c1ccccc1,>100000
Cc1cc(Cn2cnc3CN([C@@H](Cc23)C(O)=O)C(=O)C(c2ccccc2)c2ccccc2)ccc1N,>100000
CCCCc1nc2ccccc2n1Cc1cc(c(O)c(c1)C(C)(C)C)C(C)(C)C,>100000
Cc1cccc(COC(=O)c2ccc(O)c(O)c2)c1,100000
Cc1cccc(COC(=O)c2cccc(O)c2)c1,103000
Cc1ccc(cc1)C(=O)OCc1cccc(C)c1,108000
CCCCc1nc2ccc(COc3ccccc3)cc2c(=O)n1Cc1ccc(cc1)-c1ccccc1-c1nnn[nH]1,130000
CCCCc1nc2ccc(COc3ccccn3)cc2c(=O)n1Cc1ccc(cc1)-c1ccccc1-c1nnn[nH]1,130000
Cc1cccc(COC(=O)c2cccc(C)c2)c1,133000
COc1ccc(cc1)C(=O)OCc1cccc(C)c1,136000
Cc1cccc(COC(=O)c2ccc(cc2)S(N)(=O)=O)c1,140000
Ic1cccc(COC(=O)c2ccccc2)c1,156000
COc1cccc(COC(=O)c2ccccc2)c1,160000
Clc1ccccc1COC(=O)c1ccccc1,166000
CCCCc1nc(Cl)c(CO)n1Cc1ccc(cc1)-c1ccccc1C(O)=O,170000
COc1ccc(COC(=O)c2ccccc2)cc1,173000
COc1cccc(c1)C(=O)OCc1cccc(C)c1,175000
O=C(CCc1ccccc1)c1ccccc1,180000
COc1ccc(COC(=O)c2ccccc2)cc1OC,183000
O=C(OCc1ccccc1)\C=C\c1ccccc1,197000
Cc1cccc(COC(=O)c2ccccc2Cl)c1,214000
Cc1cccc(COC(=O)c2cccc(Cl)c2)c1,214000
Clc1cccc(COC(=O)c2ccccc2)c1,218000
CCc1ccccc1COC(=O)c1ccccc1,233000
CC(=O)Nc1ccc(COC(=O)c2ccccc2)cc1,263000
Brc1ccc(COC(=O)c2ccccc2)cc1,298000
Fc1ccccc1COC(=O)c1ccccc1,308000
CC(C)c1ccc(COC(=O)c2ccccc2)cc1,318000
CCCCC1=NC(Cl)C(CO)N1Cc1ccc(cc1)-c1ccccc1-c1nnn[nH]1,330000
Brc1cccc(COC(=O)c2ccccc2)c1,333000
Cc1cccc(COC(=O)c2cccc(c2)[N+]([O-])=O)c1,335000
CCc1ccc(COC(=O)c2ccccc2)cc1,337000
Cc1cccc(COC(=O)c2ccc(cc2)[N+]([O-])=O)c1,342000
Clc1ccc(COC(=O)c2ccccc2)cc1,360000
Fc1ccc(COC(=O)c2ccccc2)cc1,369000
Cc1cccc(COC(=O)c2ccc(Cl)cc2)c1,>383000
Fc1cccc(COC(=O)c2ccccc2)c1,429000
CC(=O)Nc1cccc(COC(=O)c2ccccc2)c1,445000
COc1ccccc1COC(=O)c1ccccc1,482000
O=C(OCc1ccccc1)c1ccccc1,504000
[O-][N+](=O)c1cccc(COC(=O)c2ccccc2)c1,528000
[O-][N+](=O)c1ccccc1COC(=O)c1ccccc1,723000
CC(=O)Nc1ccccc1COC(=O)c1ccccc1,850000
CCCCc1nc(Cl)c(CO)n1Cc1ccc(cc1)-n1cccc1C(O)=O,870000
CCCCc1nc2ccc(cc2[nH]1)C1=NNC(=O)CC1C,>1000000
[O-][N+](=O)c1ccc(COC(=O)c2ccccc2)cc1,1080000
COc1ccc2CN(C(Cc2c1OCc1ccccc1)C(O)=O)C(=O)C(c1ccccc1)c1ccccc1,2900000
CCCN(Cc1ccc(cc1)-c1ccccc1-c1nnn[nH]1)c1ncncc1C(O)=O,
CCc1nc(NCc2ccc(cc2)-c2ccccc2-c2nnn[nH]2)c2c(OC)cccc2n1,
CCCCN(Cc1ccc(cc1)-c1ccccc1-c1nnn[nH]1)c1ncnc2cc(ccc12)C(O)=O,
CCCN(Cc1ccc(cc1)-c1ccccc1-c1nnn[nH]1)c1ncnc2n(Cc3ccccc3)cnc12,
CCc1nc(NCc2ccc(cc2)-c2ccccc2-c2nnn[nH]2)c2cc(ccc2n1)C(O)=O,
CCCCN(Cc1ccc(cc1)-c1ccccc1-c1nnn[nH]1)c1ncnc2n(C)c(nc12)C(N)=O,
CCOC(=O)\C=C1/CC(C)(C)CC(=O)N1Cc1ccc(cc1)-c1ccccc1-c1nnn[nH]1,
CCOC(=O)\C=C1/CC2(CCCC2)CC(=O)N1Cc1ccc(cc1)-c1ccccc1-c1nnn[nH]1,
CCOC(=O)\C=C1/CC2(CCCCC2)CC(=O)N1Cc1ccc(cc1)-c1ccccc1-c1nnn[nH]1,
CCOC(=O)\C=C1/C2C(C3CCC2C=C3)C(=O)N1Cc1ccc(cc1)-c1ccccc1-c1nnn[nH]1,
CCOC(=O)\C=C1/C2C3CCC(C3)C2C(=O)N1Cc1ccc(cc1)-c1ccccc1-c1nnn[nH]1,
CCOC(=O)\C=C1/CC2(CCCC2)C(=O)N1Cc1ccc(cc1)-c1ccccc1-c1nnn[nH]1,
CCOC(=O)\C=C1/CC(C)(CC)CC(=O)N1Cc1ccc(cc1)-c1ccccc1-c1nnn[nH]1,
CCCCC1(C)CC(=O)N(Cc2ccc(cc2)-c2ccccc2-c2nnn[nH]2)\C(C1)=C\C(=O)OCC,
CCCCC1(CC)CC(=O)N(Cc2ccc(cc2)-c2ccccc2-c2nnn[nH]2)\C(C1)=C\C(=O)OCC,
CCOC(=O)\C=C1/CC2(CCCCC2)C(=O)N1Cc1ccc(cc1)-c1ccccc1-c1nnn[nH]1,
CCCCc1nc(Cl)c(CO)n1Cc1ccc(cc1)-c1ccccc1-c1nnn[nH]1,
CCOC(=O)\C=C1/C2C(C3CCCC2C=C3)C(=O)N1Cc1ccc(cc1)-c1ccccc1-c1nnn[nH]1,
CCOC(=O)\C=C1/CC(CC)(CC)CC(=O)N1Cc1ccc(cc1)-c1ccccc1-c1nnn[nH]1,
CCCC1(CC)CC(=O)N(Cc2ccc(cc2)-c2ccccc2-c2nnn[nH]2)\C(C1)=C\C(=O)OCC,
CCOC(=O)\C=C1/CC2(CCCCCC2)C(=O)N1Cc1ccc(cc1)-c1ccccc1-c1nnn[nH]1,
CCOC(=O)\C=C1/CC(C)(CC(=O)N1Cc1ccc(cc1)-c1ccccc1-c1nnn[nH]1)C(C)C,
CCCc1nc2c(C)cc(cc2n1Cc1ccc(cc1)-c1ccccc1-c1nnn[nH]1)C(=O)NCCc1ccccc1,
CCCc1nc2c(C)cc(cc2n1Cc1ccc(cc1)-c1ccccc1-c1nnn[nH]1)C(=O)NCC(C)c1ccccc1,
CCCc1nc2c(C)cc(cc2n1Cc1ccc(cc1)-c1ccccc1-c1nnn[nH]1)C(=O)NCCc1cccc(OC)c1,
CCCCc1nc(Cl)c(CO)n1Cc1ccc(cc1)-c1ccccc1-c1nnn[nH]1,
CCCc1nc2c(C)cc(cc2n1Cc1ccc(cc1)-c1ccccc1-c1nnn[nH]1)C(=O)NCCc1ccc(OC)c(OC)c1,
CC(C)NCC(O)COc1cccc2ccccc12,
CB1Nc2cccc(OCC(O)CN(C)C)c2C=C1,
CB1Nc2c(OCC(O)CN(C)C)cccc2C=C1,
CC[C@H](C)[C@H](NC(=O)[C@@H](NC(=O)[C@H](CCCNC(N)=N)NC(=O)CNC)C(C)C)C(=O)N[C@@H](CCCCN)CN[C@@H](Cc1cnc[nH]1)C(=O)N1CCC[C@H]1C(=O)N[C@H](C)C(O)=O,
CNCC(=O)N[C@@H](CCCNC(N)=N)C(=O)N[C@@H](C(C)C)C(=O)N[C@@H](Cc1ccc(O)cc1)C(=O)N[C@@H](CCCCN)C(=O)N[C@@H](Cc1cnc[nH]1)C(=O)N1CCC[C@H]1C(=O)N[C@@H](C)C(O)=O,
CC[C@H](C)[C@H](NC(=O)[C@@H]1CCCN1C(=O)[C@H](Cc1cnc[nH]1)NC(=O)[C@@H](NC(=O)[C@@H](NC(=O)[C@@H](NC(=O)[C@H](CCCNC(N)=N)NC(=O)CNC)C(C)C)[C@@H](C)CC)C(C)C)C(O)=O,
CC(C)[C@H](NC(=O)[C@H](CCCN=C(N)N)NC(=O)[C@@H](N)CC(O)=O)C(=O)N[C@@H](Cc1ccc(O)cc1)C(=O)N[C@@H](C(C)C)C(=O)N[C@@H](Cc1cnc[nH]1)C(=O)N1CCC[C@H]1C(=O)N[C@@H](Cc1ccccc1)C(O)=O,
COc1cccc(OC)c1-c1cc(nn1CC(C)C)C(=O)N[C@@H](CCC1CCCCC1)CC(=O)NC1CCC1,
CCC(=O)CNC(=O)[C@H](CCc1ccccc1)NC(=O)c1cc(-c2c(OC)cccc2OC)n(CC(C)C)n1,
CCC(=O)CNC(=O)C[C@H](CCC1CCCCC1)NC(=O)c1cc(-c2c(OC)cccc2OC)n(CC(C)C)n1,
CC[C@@H](O)CNC(=O)C[C@H](CCC1CCCCC1)NC(=O)c1cc(-c2c(OC)cccc2OC)n(CC(C)C)n1,
COc1cccc(OC)c1-c1cc(nn1C1CCCCC1)C(=O)N[C@@H](CCC1CCCCC1)CC(=O)NC1CCC1,
CCC(O)CNC(=O)C[C@H](CCC1CCCCC1)NC(=O)c1cc(-c2c(OC)cccc2OC)n(CC(C)C)n1,
COc1cccc(OC)c1-c1cc(nn1C1CCCC1)C(=O)N[C@@H](CCC1CCCCC1)CC(=O)NC1CCC1,
CCCn1nc(cc1-c1c(OC)cccc1OC)C(=O)N[C@@H](CCC1CCCCC1)CC(=O)NC1CCC1,
COC(=O)CN(C)C(=O)[C@H](CCc1ccccc1)NC(=O)c1cc(-c2c(OC)cccc2OC)n(CC(C)C)n1,
COc1cccc(OC)c1-c1cc(nn1CC(C)C)C(=O)N[C@@H](CCc1ccccc1)CC(=O)NC1CCC1,
COc1cccc(OC)c1-c1cc(nn1-c1ccc(F)cc1)C(=O)N[C@@H](CCC1CCCCC1)CC(O)=O,
Cl.COc1cccc(OC)c1-c1cc(nn1C1CCCC1)C(=O)N[C@@H](CCN1CCCCC1)CC(=O)NC1CCC1,
CCOC(=O)[C@@H](Cc1ccc(F)cc1)NC(=O)[C@@H](CC1CCCCC1)NC(=O)[C@@H](C)NC(=O)\C=C\c1ccc(O)c(O)c1,
CNCC(=O)N[C@@H](CCCNC(N)=N)C(=O)N[C@@H](C(C)C)C(=O)N[C@@H](Cc1ccc(O)cc1)C(=O)N[C@@H]1CC(=O)N[C@@H]2C[C@@H](N(C2)C(=O)[C@@H](Cc2cnc[nH]2)NC1=O)C(=O)N[C@@H](Cc1ccccc1)C(O)=O,
CNCC(=O)N[C@@H](CCCNC(N)=N)C(=O)N[C@@H](C(C)C)C(=O)N[C@H](Cc1ccc(O)cc1)C(=O)N[C@@H]1CCC(=O)N[C@@H]2C[C@@H](N(C2)C(=O)[C@@H](Cc2cnc[nH]2)NC1=O)C(=O)N[C@H](Cc1ccccc1)C(O)=O,
CNCC(=O)N[C@@H](CCCNC(N)=N)C(=O)N[C@@H](C(C)C)C(=O)N[C@@H](Cc1ccc(O)cc1)C(=O)N[C@@H]1CSSC(C)(C)[C@@H](NC(=O)[C@@H](Cc2cnc[nH]2)NC1=O)C(=O)N[C@@H](Cc1ccccc1)C(O)=O,
CNCC(=O)N[C@@H](CCCNC(N)=N)C(=O)N[C@@H](C(C)C)C(=O)N[C@@H](Cc1ccc(O)cc1)C(=O)N[C@@H]1CSS[C@@H]2C[C@@H](N(C2)C(=O)[C@@H](Cc2cnc[nH]2)NC1=O)C(=O)N[C@@H](Cc1ccccc1)C(O)=O,
CNCC(=O)N[C@@H](CCCNC(N)=N)C(=O)N[C@@H](C(C)C)C(=O)N[C@@H](Cc1ccc(O)cc1)C(=O)N[C@@H]1CCSS[C@@H]2C[C@@H](N(C2)C(=O)[C@@H](Cc2cnc[nH]2)NC1=O)C(=O)N[C@@H](Cc1ccccc1)C(O)=O,
CNCC(=O)N[C@@H](CCCNC(N)=N)C(=O)N[C@@H](C(C)C)C(=O)N[C@@H](Cc1ccc(O)cc1)C(=O)N[C@@H](C(C)C)C(=O)N[C@@H](Cc1cnc[nH]1)C(=O)N1CCC[C@@H]1C(=O)N[C@@H](Cc1ccccc1)C(O)=O,
CNCC(=O)N[C@@H](CCCNC(N)=N)C(=O)N[C@@H](C(C)C)C(=O)N[C@@H](Cc1ccc(O)cc1)C(=O)N[C@@H]1CSS[C@@H]2C[C@H](N(C2)C(=O)[C@@H](Cc2cnc[nH]2)NC1=O)C(=O)N[C@@H](Cc1ccccc1)C(O)=O,
CNCC(=O)N[C@@H](CCCNC(N)=N)C(=O)N[C@@H](C(C)C)C(=O)N[C@H](Cc1ccc(O)cc1)C(=O)N1CCC[C@@H]1C(=O)N[C@@H](Cc1cnc[nH]1)C(=O)N1CCC[C@@H]1C(=O)N[C@@H](Cc1ccccc1)C(O)=O,
CNCC(=O)N[C@@H](CCCNC(N)=N)C(=O)N[C@@H](C(C)C)C(=O)N[C@@H](Cc1ccc(O)cc1)C(=O)N[C@@H]1CCSS[C@@H]2C[C@H](N(C2)C(=O)[C@@H](Cc2cnc[nH]2)NC1=O)C(=O)N[C@@H](Cc1ccccc1)C(O)=O,
CCCCc1nc(Cl)c(CO)n1Cc1ccc(cc1)-c1ccccc1-c1nnn[nH]1,
CCCc1nc2c(C)cc(cc2n1Cc1ccc(cc1)-c1ccccc1C(O)=O)C(=O)NCc1ccccc1OC,
CCCc1nc2c(C)cc(cc2n1Cc1ccc(cc1)-c1ccccc1C(O)=O)C(=O)NCc1ccc(OC)cc1,
CCCc1nc2c(C)cc(cc2n1Cc1ccc(cc1)-c1ccccc1C(O)=O)C(=O)NCCc1cc(OC)ccc1OC,
CCCCCCCCCCCCCCCC(=O)Oc1ccc(C[C@H](NC(=O)[C@@H](NC(=O)[C@H](CCCNC(N)=N)NC(=O)CNC)C(C)C)C(=O)N[C@@H](C(C)C)C(=O)N[C@@H](Cc2cnc[nH]2)C(=O)N2CCC[C@H]2C(=O)N[C@H](Cc2ccccc2)C(O)=O)cc1,
CCCCCCCCCCCCCCCC(=O)OC[C@H](NC(C)=O)C(=O)N[C@@H](CCCNC(N)=N)C(=O)N[C@@H](C(C)C)C(=O)N[C@@H](Cc1ccc(O)cc1)C(=O)N[C@@H](C(C)C)C(=O)N[C@@H](Cc1cnc[nH]1)C(=O)N1CCC[C@H]1C(=O)N[C@H](Cc1cccc2ccccc12)C(O)=O,
CCCCCCCCCCCCCCCC(=O)OC[C@H](NC(C)=O)C(=O)N[C@@H](CCCNC(N)=N)C(=O)N[C@@H](C(C)C)C(=O)N[C@@H](Cc1ccc(O)cc1)C(=O)N[C@@H](C(C)C)C(=O)N[C@@H](Cc1cnc[nH]1)C(=O)N1CCC[C@H]1C(=O)N[C@@H](Cc1ccccc1)C(O)=O,
CC[C@H](C)[C@H](NC(=O)[C@H](Cc1ccc(O)cc1)NC(=O)[C@@H](NC(=O)[C@H](CCCN=C(N)N)NC(=O)[C@@H](N)CC(O)=O)C(C)C)C(=O)N[C@@H](Cc1cnc[nH]1)C(=O)N1CCC[C@H]1C(=O)N[C@@H](Cc1ccccc1)C(O)=O,
CC(C)[C@H](NC(=O)[C@H](CCCNC(N)=N)NC(=O)CCO)C(=O)N[C@@H](Cc1ccc(O)cc1)C(=O)N[C@@H](C(C)C)C(=O)N[C@@H](Cc1cnc[nH]1)C(=O)N1CCC[C@H]1C(=O)N[C@H](Cc1ccccc1)C(O)=O,
CCCCCCCCCCCCCCCC(=O)Oc1ccc(C[C@H](NC(=O)[C@@H](NC(=O)[C@H](CCCNC(N)=N)NC(=O)CNC)C(C)C)C(=O)N[C@@H](C(C)C)C(=O)N[C@@H](Cc2cnc[nH]2)C(=O)N2CCC[C@H]2C(=O)N[C@H](Cc2ccc3ccccc3c2)C(O)=O)cc1,
CCCCCCCCCCCCCCCCCCOc1ccc(C[C@H](NC(=O)[C@@H](NC(=O)[C@H](CCCNC(N)=N)NC(=O)CNC)C(C)C)C(=O)N[C@@H](C(C)C)C(=O)N[C@@H](Cc2cnc[nH]2)C(=O)N2CCC[C@H]2C(=O)N[C@H](CC2=CCCC=C2)C(O)=O)cc1,
CC(C)[C@H](NC(=O)[C@H](CCCNC(N)=N)NC(=O)[C@@H](N)CO)C(=O)N[C@@H](Cc1ccc(O)cc1)C(=O)N[C@@H](C(C)C)C(=O)N[C@@H](Cc1cnc[nH]1)C(=O)N1CCC[C@H]1C(=O)N[C@@H](Cc1ccccc1)C(O)=O,
CCCCCCCCCCCCCCCC(=O)OCCC(=O)N[C@@H](CCCNC(N)=N)C(=O)N[C@@H](C(C)C)C(=O)N[C@@H](Cc1ccc(O)cc1)C(=O)N[C@@H](C(C)C)C(=O)N[C@@H](Cc1cnc[nH]1)C(=O)N1CCC[C@H]1C(=O)N[C@@H](Cc1ccccc1)C(O)=O,
CNCC(=O)N[C@@H](CCCNC(N)=N)C(=O)N[C@@H](C(C)C)C(=O)N[C@@H](Cc1ccc(O)cc1)C(=O)N[C@@H](C(C)C)C(=O)N[C@@H](Cc1cnc[nH]1)C(=O)N1CCC[C@H]1C(=O)N[C@H](Cc1ccc2ccccc2c1)C(O)=O,
CC(C)[C@H](NC(=O)[C@H](CCCNC(N)=N)NC(=O)[C@H](CO)NC(C)=O)C(=O)N[C@@H](Cc1ccc(O)cc1)C(=O)N[C@@H](C(C)C)C(=O)N[C@@H](Cc1cnc[nH]1)C(=O)N1CCC[C@H]1C(=O)N[C@@H](Cc1ccccc1)C(O)=O,
CC(C)[C@H](NC(=O)[C@H](CCCNC(N)=N)NC(=O)CCO)C(=O)N[C@@H](Cc1ccc(O)cc1)C(=O)N[C@@H](C(C)C)C(=O)N[C@@H](Cc1cnc[nH]1)C(=O)N1CCC[C@H]1C(=O)N[C@@H](Cc1ccccc1)C(O)=O,
CC(C)[C@H](NC(=O)[C@H](CCCNC(N)=N)NC(=O)[C@H](CO)NC(C)=O)C(=O)N[C@@H](Cc1ccc(O)cc1)C(=O)N[C@@H](C(C)C)C(=O)N[C@@H](Cc1cnc[nH]1)C(=O)N1CCC[C@H]1C(=O)N[C@H](Cc1cccc2ccccc12)C(O)=O,
CNCC(=O)N[C@@H](CCCNC(N)=N)C(=O)N[C@@H](C(C)C)C(=O)N[C@@H](Cc1ccc(O)cc1)C(=O)N[C@@H](C(C)C)C(=O)N[C@@H](Cc1cnc[nH]1)C(=O)N1CCC[C@H]1C(=O)N[C@H](Cc1ccccc1)C(O)=O,
CCCCn1n(Cc2ccc(cc2)-c2ccccc2-c2nnn[nH]2)c2ncccc2c1=O,
CCCCn1n(Cc2ccc(cc2)-c2ccccc2-c2nnn[nH]2)c(=O)c2cccnc12,
CCCCc1nc(Cl)c(CO)n1Cc1ccc(cc1)-c1ccccc1-c1nnn[nH]1,
CCCN(Cc1ccc(cc1)-c1ccccc1-c1nnn[nH]1)c1ncnc2cccc(C(=O)OC)c12,
CCCCN(Cc1ccc(cc1)-c1ccccc1-c1nnn[nH]1)c1ncnc2ccc(nc12)C(O)=O,
CCCN(Cc1ccc(cc1)-c1ccccc1-c1nnn[nH]1)c1ncccc1C(O)=O,
CCCCN(Cc1ccc(cc1)-c1ccccc1-c1nnn[nH]1)c1ncnc2ccc(OC)cc12,
CCCCN(Cc1ccc(cc1)-c1ccccc1-c1nnn[nH]1)c1ncnc2n(C)nnc12,
CCCN(Cc1ccc(cc1)-c1ccccc1-c1nnn[nH]1)c1ncnc2cccc(OC)c12,
CCCCN(Cc1ccc(cc1)-c1ccccc1-c1nnn[nH]1)c1ncnc2ccc(O)cc12,
CCCCN(Cc1ccc(cc1)-c1ccccc1-c1nnn[nH]1)c1ncnc2n(C)c(=O)[nH]c12,
CCCN(Cc1ccc(cc1)-c1ccccc1-c1nnn[nH]1)c1ncnc2nc[nH]c12,
CCCN(Cc1ccc(cc1)-c1ccccc1-c1nnn[nH]1)c1ncnc2ncn(CC(O)=O)c12,
CCc1nc(NCc2ccc(cc2)-c2ccccc2-c2nnn[nH]2)c2ncn(C)c2n1,
CCCCN(Cc1ccc(cc1)-c1ccccc1-c1nnn[nH]1)c1ncnc2n(C)c(C)nc12,
CCCCN(Cc1ccc(cc1)-c1ccccc1-c1nnn[nH]1)c1ncnc2n(C)c(nc12)C#N,
CCCCN(Cc1ccc(cc1)-c1ccccc1-c1nnn[nH]1)c1ncnc2nc[nH]c12,
CCCN(Cc1ccc(cc1)-c1ccccc1-c1nnn[nH]1)c1ncnc2ncn(C)c12,
CCCCN(Cc1ccc(cc1)-c1ccccc1-c1nnn[nH]1)c1ncnc2n(C)c(nc12)-c1ccccc1,
CCc1nc(N(C)Cc2ccc(cc2)-c2ccccc2-c2nnn[nH]2)c2cc(OC)ccc2n1,
CCc1nc(NCc2ccc(cc2)-c2ccccc2-c2nnn[nH]2)c2cc(OC)ccc2n1,
CCCCN(Cc1ccc(cc1)-c1ccccc1-c1nnn[nH]1)c1ncnc2n(C)c(CC)nc12,
CCCCN(Cc1ccc(cc1)-c1ccccc1-c1nnn[nH]1)c1ncnc2nccnc12,
CCCCN(Cc1ccc(cc1)-c1ccccc1-c1nnn[nH]1)c1ncnc2n(C)c(nc12)S(C)=O,
CCc1nc(NCc2ccc(cc2)-c2ccccc2-c2nnn[nH]2)c2c[nH]nc2n1,
CCCCN(Cc1ccc(cc1)-c1ccccc1-c1nnn[nH]1)c1ncnc2nc(C)[nH]c12,
CCCN(Cc1ccc(cc1)-c1ccccc1-c1nnn[nH]1)c1ncnc2oc(C)nc12,
CCCCN(Cc1ccc(cc1)-c1ccccc1-c1nnn[nH]1)c1ncnc2cccnc12,
CCCN(Cc1ccc(cc1)-c1ccccc1-c1nnn[nH]1)c1ncnc2n(CC(O)=O)cnc12,
CCCCN(Cc1ccc(cc1)-c1ccccc1-c1nnn[nH]1)c1ncnc2ccc(cc12)C(=O)OC,
CCCCN(Cc1ccc(cc1)-c1ccccc1-c1nnn[nH]1)c1ncnc2n(C)c(nc12)S(C)(=O)=O,
CCc1nc(NCc2ccc(cc2)-c2ccccc2-c2nnn[nH]2)c2ccccc2n1,
CCCCN(Cc1ccc(cc1)-c1ccccc1-c1nnn[nH]1)c1ncnc2ccc(cc12)C(O)=O,
CCCCN(Cc1ccc(cc1)-c1ccccc1-c1nnn[nH]1)c1ncnc2n(C)cnc12,
CCCN(Cc1ccc(cc1)-c1ccccc1-c1nnn[nH]1)c1ncnc2cccc(C(O)=O)c12,
CCCCc1nc(Cl)c(CO)n1Cc1ccc(cc1)-c1ccccc1-c1nnn[nH]1,
CCCN(Cc1ccc(cc1)-c1ccccc1-c1nnn[nH]1)c1ncnc2n[nH]cc12,
COC\C=C\C1=CC2=CC(=O)C(C)(OC(=O)c3cnc4ccccc4n3)C(=O)C2=CN1c1ccccc1,
CCCCC1=CC2=CC(=O)C(C)(OC(=O)CC)C(=O)C2=CN1C1CCCCC1,
CC1(OC(=O)C2CCCC2)C(=O)C=C2C=C(N(C=C2C1=O)C1CCCC1)c1ccsc1,
Cn1ncc2c(ON=C(N)c3ccc(cc3)C(C)(C)C)ncnc12,
Cc1ccc(cc1)S(=O)(=O)Nc1nc(cs1)-c1ccccc1,
Clc1cccc(CN2CCc3c(C2)[nH]c2ccccc32)c1,
COc1ccc(CN=Nc2cc(C)nc3ccc(C)cc23)c(OC)c1,
COc1ccc(CN=Nc2cc(C)nc3ccc(OC)cc23)c(OC)c1,
CCOc1cc2[nH]c(=S)n(CCCC(=O)NCc3ccccn3)c(=O)c2cc1OCC,
CCN(CC)CCNC(=O)c1cc(nc2ccc(cc12)S(=O)(=O)N1CCC(C)CC1)-c1cccnc1,
CSc1cccc(NC(=S)NC(=O)CCc2ccccc2)c1,
COc1cc(NC(=S)NC(=O)CCc2ccccc2)cc(OC)c1,
O=C(Cn1ncc2c3ccccc3[nH]c2c1=O)Nc1ccc(CN2CCCCC2)cc1,
CC1CCN(CC1)S(=O)(=O)c1ccc2nc(ccc2c1)N1CCN(CC1)c1ccccc1,
COc1cccc2sc3ccc(NCCC4CCCN4C)cc3c(=O)c12,
CCN(CC)CCNC(=O)c1ccc(NC(=O)c2cc(nc3ccccc23)-c2ccco2)cc1,
CN(C)CCCN(C(=O)c1ccc(cc1)S(=O)(=O)N1CCc2ccccc2C1)c1nc2cc(C)cc(C)c2s1,
COc1cccc2sc(nc12)N(CCCN(C)C)C(=O)c1ccc(cc1)S(=O)(=O)N1CCc2ccccc2C1,
CN(C)CCCN(C(=O)c1ccc(cc1)S(=O)(=O)N1CCc2ccccc2C1)c1nc2c(F)cccc2s1,
CCOC(=O)N1CCN(CC1)S(=O)(=O)c1ccc(cc1)C(=O)N(CCCN(C)C)c1nc2ccc(Cl)cc2s1,
CCOc1cccc2sc(nc12)N(CCCN(C)C)C(=O)c1ccc(cc1)S(=O)(=O)N1CCc2ccccc2C1,
CN(C)CCCN(C(=O)c1cc2cc(ccc2s1)[N+]([O-])=O)c1nc2cc3OCCOc3cc2s1,
COc1ccc2sc(nc2c1)N(CCCN(C)C)C(=O)c1ccc(cc1)S(=O)(=O)N1CCc2ccccc2C1,
CN(C)CCCN(C(=O)c1ccc(cc1)S(=O)(=O)N1CCc2ccccc2C1)c1nc2ccc(F)cc2s1,
CC1CCCCN1S(=O)(=O)c1ccc(cc1)C(=O)N(CCCN(C)C)c1nc2ccc(Br)cc2s1,
CN(C)CCCN(C(=O)c1ccc(cc1)S(=O)(=O)N1CCc2ccccc2C1)c1nc2c(C)cccc2s1,
COc1ccc(OC)c2sc(nc12)N(CCCN(C)C)C(=O)c1ccc(cc1)S(=O)(=O)N1CCc2ccccc2C1,
C=CCn1c(SCC(=O)N2CCN(CC2)c2ccccc2)nc2c3ccccc3[nH]c2c1=O,
CCCCNc1c(nc2ccc(C)cn12)-c1cccc(c1)-c1ccc(OC)cc1,
CCc1ccc2nc(sc2c1)N(CCCN(C)C)C(=O)c1ccc(cc1)S(=O)(=O)N1CCc2ccccc2C1,
CCOc1cccc2sc(nc12)N(CCCN(C)C)C(=O)c1ccc(cc1)S(=O)(=O)N(C)Cc1ccccc1,
CN(C)CCCN(C(=O)c1ccc(cc1)S(=O)(=O)N1CCc2ccccc2C1)c1nc2ccc(C)cc2s1,
CCOc1ccc2nc(sc2c1)N(CCCN(C)C)C(=O)c1ccc(cc1)S(=O)(=O)N1CCc2ccccc2C1,
CCCCc1nc(Cl)c(CNC(=O)C(CS)Cc2cccc3ccccc23)n1Cc1ccc(cc1)-c1ccccc1C(O)=O,
CCCCN1N(Cc2ccc(NC(=O)c3ccccc3C(O)=O)cc2)C(=O)C2(CCCC2)C1=O,
CCCCc1nc(Cl)c(CNC(=O)C(CS)Cc2ccc(cc2)-c2ccccc2)n1Cc1ccc(cc1)-c1ccccc1C(O)=O,
CCCCOC(=O)NS(=O)(=O)c1ccc(CCC)cc1-c1ccc(Cn2c(nc3ccccc23)C2CCC2)cc1,
O=C1N(Cc2ccccc2)N(Cc2ccc(cc2)-c2ccccc2-c2nnn[nH]2)C(=O)C11CCCC1,
CCCCOC(=O)NS(=O)(=O)c1ccccc1-c1ccc(cc1)C(=O)N(CC)CC,
CC[C@H](C)[C@H](NC(=O)[C@H](Cc1ccc(O)cc1)NC(=O)[C@@H](N)C(C)C)C(=O)N[C@@H](Cc1cnc[nH]1)C(=O)N1CCC[C@H]1C(=O)N[C@@H](Cc1ccccc1)C(O)=O,
CC[C@H](C)[C@H](NC(=O)[C@H](Cc1ccc(O)cc1)NC(=O)[C@@H](N)C(C)C)C(=O)N[C@@H](Cc1cnc[nH]1)C(=O)N1CCC[C@H]1C(=O)N[C@@H](Cc1ccccc1)C(O)=O,
CCCCOC(=O)NS(=O)(=O)c1ccc(CCC)cc1-c1ccc(Cn2c(nc3ccccc23)C2CCCC2)cc1,
CCc1nn(Cc2ccc(cc2)-c2ccccc2-c2nn[nH]n2)\c(=N\C(=O)c2cccc(c2)C(F)(F)F)s1,
CCCCOC(=O)NS(=O)(=O)c1ccc(CCC)cc1-c1ccc(Cn2c(CCC)nc3ccccc23)cc1,
CC[C@H](C)[C@H](NC(=O)[C@H](Cc1ccc(O)cc1)NC(=O)[C@@H](CN)C(C)C)C(=O)N[C@@H](Cc1cnc[nH]1)C(=O)N1CCC[C@H]1C(=O)N[C@@H](Cc1ccccc1)C(O)=O,
CCc1nn(Cc2ccc(cc2)-c2ccccc2-c2nn[nH]n2)\c(=N\C(=O)c2ccc(cc2)C(F)(F)F)s1,
CCCCOC(=O)NS(=O)(=O)c1ccc(CCC)cc1-c1ccc(Cn2c(C)nc3ccccc23)cc1,
CCCCc1nc(C)n2[nH]c(=O)nc2c1Cc1ccc(cc1)-c1ccccc1C(O)=O,
CCCCc1nc(Cl)c(CNC(=O)C(CS)C(C)CC)n1Cc1ccc(cc1)-c1ccccc1C(O)=O,
CCCc1nc2c(C)cc(cc2n1Cc1ccc(cc1)-c1ccc(cc1C(=O)OC)C(=O)OC)-c1nc2ccccc2n1C,
CCCc1nc(CCC)n2[nH]c(=O)nc2c1Cc1ccc(cc1)-c1ccccc1-c1nnn[nH]1,
CCCCOC(=O)NS(=O)(=O)c1ccc(CCC)cc1-c1ccc(Cn2c(CC)nc3ccccc23)cc1,
CCCCOC(=O)NS(=O)(=O)c1ccc(CCC)cc1-c1ccc(Cn2c(nc3ccccc23)C2CC2)cc1,
CCCCc1ncc(CO)n1Cc1ccc2n(ccc2c1)-c1ccccc1C([O-])=O,
CCCCc1nc(Cl)c(C([O-])=O)n1Cc1cccc2n(c(Br)c(Br)c12)-c1ccccc1-c1nn[nH]n1,
CCCCC1=NC(=C(C(C)N1Cc1ccc(cc1)-c1ccccc1C(O)=O)C(=O)OCC)c1ccccc1,
CCCCC1=NC(C)=C(C(C)N1Cc1ccc(cc1)-c1ccccc1C(O)=O)C(=O)OCC,
CCc1c(nn(c1-c1ccc(Br)cc1)-c1ccc(Cl)cc1Cl)C(=O)NN1CCCCC1,
CCCCOC(=O)NS(=O)(=O)c1ccc(CCC)cc1-c1ccc(Cn2c(nc3ccccc23)C(C)(C)C)cc1,
CCCCOC(=O)NS(=O)(=O)c1ccc(CCC)cc1-c1ccc(Cn2c(nc3ccccc23)C(F)(F)F)cc1,
CCCCOC(=O)NS(=O)(=O)c1sc(CC(C)C)nc1-c1ccc(Cn2ccnc2C(C)(C)C)cc1,
COC(=O)NS(=O)(=O)c1sc(CC(C)C)nc1-c1ccc(Cn2ccnc2C(C)(C)C)cc1,
CCCCOC(=O)NS(=O)(=O)c1sc(CCC)nc1-c1ccc(Cn2ccnc2C(C)(C)C)cc1,
CCCc1nc(c(s1)S(=O)(=O)NC(=O)OC)-c1ccc(Cn2ccnc2C(C)(C)C)cc1,
CCCCOC(=O)NS(=O)(=O)c1sc(CC(C)C)nc1-c1ccc(Cn2ccnc2C(C)C)cc1,
COC(=O)NS(=O)(=O)c1sc(CC(C)C)nc1-c1ccc(Cn2ccnc2C(C)C)cc1,
CCCCOC(=O)NS(=O)(=O)c1sc(CCC)nc1-c1ccc(Cn2ccnc2C(C)C)cc1,
CCCc1nc(c(s1)S(=O)(=O)NC(=O)OC)-c1ccc(Cn2ccnc2C(C)C)cc1,
CCCCOC(=O)NS(=O)(=O)c1sc(CC(C)C)nc1-c1ccc(Cn2ccnc2C2CC2)cc1,
COC(=O)NS(=O)(=O)c1sc(CC(C)C)nc1-c1ccc(Cn2ccnc2C2CC2)cc1,
CCCCOC(=O)NS(=O)(=O)c1sc(CCC)nc1-c1ccc(Cn2ccnc2C2CC2)cc1,
CCCc1nc(c(s1)S(=O)(=O)NC(=O)OC)-c1ccc(Cn2ccnc2C2CC2)cc1,
CCCCOC(=O)NS(=O)(=O)c1sc(CC(C)C)nc1-c1ccc(Cn2ccnc2-c2nccs2)cc1,
COC(=O)NS(=O)(=O)c1sc(CC(C)C)nc1-c1ccc(Cn2ccnc2-c2nccs2)cc1,
CCCCOC(=O)NS(=O)(=O)c1sc(CCC)nc1-c1ccc(Cn2ccnc2-c2nccs2)cc1,
CCCc1nc(c(s1)S(=O)(=O)NC(=O)OC)-c1ccc(Cn2ccnc2-c2nccs2)cc1,
CCCCOC(=O)NS(=O)(=O)c1sc(CC(C)C)nc1-c1ccc(Cc2ncco2)cc1,
COC(=O)NS(=O)(=O)c1sc(CC(C)C)nc1-c1ccc(Cc2ncco2)cc1,
CCCCOC(=O)NS(=O)(=O)c1sc(CCC)nc1-c1ccc(Cc2ncco2)cc1,
CCCc1nc(c(s1)S(=O)(=O)NC(=O)OC)-c1ccc(Cc2ncco2)cc1,
CCCCOC(=O)NS(=O)(=O)c1ccc(CCC)cc1-c1ccc(Cn2cnc3ccccc23)cc1,
CCCCOC(=O)NS(=O)(=O)c1ccc(CCC)cc1-c1ccc(Cn2c(nc3ccccc23)-c2ccccc2)cc1,
Cc1cccc2c(C(O)=O)c(Oc3ccc(cc3)-c3ccccc3-c3nnn[nH]3)c(nc12)C1CC1,
CC(C)(C)OC(=O)NCCCCCc1cn(nn1)[C@@H](CO)C(=O)NCCCCCCCCCCC(=O)N1CCN(CC1)C(=O)OC(C)(C)C,
COc1cccc2sc3cc(NCC[C@@H]4CCCN4C)ccc3c(=O)c12,
CCOC(=O)\C=C1/CC(C)(CC)CC(=O)N1Cc1ccc(cc1)-c1ccccc1-c1nnn[nH]1,
CCOC(=O)\C=C1/C2C(C3CCC2C=C3)C(=O)N1Cc1ccc(cc1)-c1ccccc1-c1nnn[nH]1,
CCOC(=O)\C=C1/CC(CC)(CC)CC(=O)N1Cc1ccc(cc1)-c1ccccc1-c1nnn[nH]1,
CC[C@H](C)[C@H](NC(=O)[C@H](Cc1ccc(O)cc1)NC(=O)[C@@H](NC(=O)[C@H](CCCN=C(N)N)NC(=O)[C@@H](N)CC(O)=O)C(C)C)C(=O)N[C@@H](Cc1cnc[nH]1)C(=O)N1CCC[C@H]1C(=O)N[C@@H](Cc1ccccc1)C(O)=O,
C[C@H]1CN(C)CC[C@H]1c1cc2N3[C@H](C)C(=O)NN=C3COc2cc1-c1ccccc1F,
C[C@H]1CN(C)CC[C@H]1c1cc2N3[C@H](C)C(=O)NN=C3COc2cc1-c1ccc(C)cc1F,
CCCCc1nc(Cl)c(CO)n1Cc1ccc(cc1)-c1ccccc1C(O)=O,
Oc1c(-c2ccccc2)c(=O)n(Cc2ccc(cc2)-c2ccccc2-c2nnn[nH]2)c2ccsc12,
Oc1c2CCCc2n(Cc2ccc(cc2)-c2ccccc2-c2nnn[nH]2)c(=O)c1-c1ccccc1,
CCOc1ccc2c(O)c(-c3ccccc3)c(=O)n(Cc3ccc(cc3)-c3ccccc3C(O)=O)c2c1,
Oc1c(-c2ccccc2)c(=O)n(Cc2ccc(cc2)-c2ccccc2-c2nnn[nH]2)c2ccccc12,
CSc1ccc2c(O)c(-c3ccccc3)c(=O)n(Cc3ccc(cc3)-c3ccccc3-c3nnn[nH]3)c2c1,
Cc1ccc2c(O)c(-c3ccccc3)c(=O)n(Cc3ccc(cc3)-c3ccccc3-c3nnn[nH]3)c2n1,
COc1ccc2c(O)c(-c3ccccc3)c(=O)n(Cc3ccc(cc3)-c3ccccc3C(O)=O)c2c1,
CCCCC1=NC(Cl)C(CO)N1Cc1ccc(cc1)-c1ccccc1-c1nnn[nH]1,
CCc1cc2c(O)c(-c3ccccc3)c(=O)n(Cc3ccc(cc3)-c3ccccc3-c3nnn[nH]3)c2s1,
CCOc1ccc2c(O)c(-c3ccccc3)c(=O)n(Cc3ccc(cc3)-c3ccccc3-c3nnn[nH]3)c2c1,
COc1ccc2c(O)c(-c3ccccc3)c(=O)n(Cc3ccc(cc3)-c3ccccc3-c3nnn[nH]3)c2c1,
OC(=O)C(F)(F)F.OC(=O)C(F)(F)F.OC(=O)C(F)(F)F.OC(=O)C(F)(F)F.CC[C@H](C)[C@H](NC(=O)[C@H](Cc1ccc(O)cc1)NC(=O)[C@@H](NC(=O)[C@H](CCCN\C(N)=N\C(=O)NCCCCN)NC(=O)[C@@H](N)CC(O)=O)C(C)C)C(=O)N[C@@H](Cc1cnc[nH]1)C(=O)N1CCC[C@H]1C(=O)N[C@@H](Cc1ccccc1)C(O)=O,
OC(=O)C(F)(F)F.OC(=O)C(F)(F)F.OC(=O)C(F)(F)F.OC(=O)C(F)(F)F.CC[C@H](C)[C@H](NC(=O)[C@H](Cc1ccc(O)cc1)NC(=O)[C@@H](NC(=O)[C@H](CCCN\C(N)=N\C(=O)NCCOCCOCCN)NC(=O)[C@@H](N)CC(O)=O)C(C)C)C(=O)N[C@@H](Cc1cnc[nH]1)C(=O)N1CCC[C@H]1C(=O)N[C@@H](Cc1ccccc1)C(O)=O,
OC(=O)C(F)(F)F.OC(=O)C(F)(F)F.OC(=O)C(F)(F)F.CC[C@H](C)[C@H](NC(=O)[C@H](Cc1ccc(O)cc1)NC(=O)[C@@H](NC(=O)[C@H](CCCN\C(N)=N\C(=O)NCCCCNC(=O)CC)NC(=O)[C@@H](N)CC(O)=O)C(C)C)C(=O)N[C@@H](Cc1cnc[nH]1)C(=O)N1CCC[C@H]1C(=O)N[C@@H](Cc1ccccc1)C(O)=O,
OC(=O)C(F)(F)F.OC(=O)C(F)(F)F.OC(=O)C(F)(F)F.CC[C@H](C)[C@H](NC(=O)[C@H](Cc1ccc(O)cc1)NC(=O)[C@@H](NC(=O)[C@H](CCCN\C(N)=N\C(=O)NCCOCCOCCNC(=O)CC)NC(=O)[C@@H](N)CC(O)=O)C(C)C)C(=O)N[C@@H](Cc1cnc[nH]1)C(=O)N1CCC[C@H]1C(=O)N[C@@H](Cc1ccccc1)C(O)=O,
CC[C@H](C)[C@H](NC(=O)[C@H](Cc1ccc(O)cc1)NC(=O)[C@@H](NC(=O)[C@H](CCCN=C(N)N)NC(=O)[C@@H](N)CC(O)=O)C(C)C)C(=O)N[C@@H](Cc1cnc[nH]1)C(=O)N1CCC[C@H]1C(=O)N[C@@H](Cc1ccccc1)C(O)=O,
CC[C@H](C)[C@H](NC(=O)[C@H](Cc1ccc(O)cc1)NC(=O)[C@@H](NC(=O)[C@H](CCCN=C(N)N)NC(=O)[C@@H](N)CC(O)=O)C(C)C)C(=O)N[C@@H](Cc1cnc[nH]1)C(=O)N1CCC[C@H]1C(=O)N[C@@H](Cc1ccccc1)C(O)=O,
OC(=O)C(F)(F)F.OC(=O)C(F)(F)F.OC(=O)C(F)(F)F.OC(=O)C(F)(F)F.CC[C@H](C)[C@H](NC(=O)[C@H](Cc1ccc(O)cc1)NC(=O)[C@@H](NC(=O)[C@H](CCCN\C(N)=N\C(=O)NCCCCN)NC(=O)[C@@H](N)CC(O)=O)C(C)C)C(=O)N[C@@H](Cc1cnc[nH]1)C(=O)N1CCC[C@H]1C(=O)N[C@@H](Cc1ccccc1)C(O)=O,
OC(=O)C(F)(F)F.OC(=O)C(F)(F)F.OC(=O)C(F)(F)F.OC(=O)C(F)(F)F.CC[C@H](C)[C@H](NC(=O)[C@H](Cc1ccc(O)cc1)NC(=O)[C@@H](NC(=O)[C@H](CCCN\C(N)=N\C(=O)NCCOCCOCCN)NC(=O)[C@@H](N)CC(O)=O)C(C)C)C(=O)N[C@@H](Cc1cnc[nH]1)C(=O)N1CCC[C@H]1C(=O)N[C@@H](Cc1ccccc1)C(O)=O,
OC(=O)C(F)(F)F.OC(=O)C(F)(F)F.OC(=O)C(F)(F)F.CC[C@H](C)[C@H](NC(=O)[C@H](Cc1ccc(O)cc1)NC(=O)[C@@H](NC(=O)[C@H](CCCN\C(N)=N\C(=O)NCCCCNC(=O)CC)NC(=O)[C@@H](N)CC(O)=O)C(C)C)C(=O)N[C@@H](Cc1cnc[nH]1)C(=O)N1CCC[C@H]1C(=O)N[C@@H](Cc1ccccc1)C(O)=O,
OC(=O)C(F)(F)F.OC(=O)C(F)(F)F.OC(=O)C(F)(F)F.CC[C@H](C)[C@H](NC(=O)[C@H](Cc1ccc(O)cc1)NC(=O)[C@@H](NC(=O)[C@H](CCCN\C(N)=N\C(=O)NCCOCCOCCNC(=O)CC)NC(=O)[C@@H](N)CC(O)=O)C(C)C)C(=O)N[C@@H](Cc1cnc[nH]1)C(=O)N1CCC[C@H]1C(=O)N[C@@H](Cc1ccccc1)C(O)=O,
OC(=O)C(F)(F)F.OC(=O)C(F)(F)F.OC(=O)C(F)(F)F.[3H]CC([3H])C(=O)NCCCCNC(=O)\N=C(/N)NCCC[C@H](NC(=O)[C@@H](N)CC(O)=O)C(=O)N[C@@H](C(C)C)C(=O)N[C@@H](Cc1ccc(O)cc1)C(=O)N[C@@H]([C@@H](C)CC)C(=O)N[C@@H](Cc1cnc[nH]1)C(=O)N1CCC[C@H]1C(=O)N[C@@H](Cc1ccccc1)C(O)=O,
CCCc1nc2cc([nH]c2n1Cc1ccc(cc1)-c1ccccc1C([O-])=O)C(=O)OC,
CCCCc1nc2ccc(cc2c(=O)n1Cc1ccc(cc1)-c1ccccc1-c1nnn[nH]1)C(C)(C)OC,
CCc1cc(OCc2ccc(cc2)-c2ccccc2-c2nnn[nH]2)c2ccccc2n1,
CCc1cc(OCc2ccc(cc2)-c2ccccc2-c2nnn[nH]2)c2CCCCc2n1,
CCc1nc2c(C)cc(C)nc2n1Cc1ccc(cc1)-c1ccccc1S(=O)(=O)NC(=O)c1ccccc1,
CCc1nc2c(C)cc(C)nc2n1Cc1ccc-2c(c1)C(Cc1nnn[nH]1)c1ccccc-21,
CCCCc1nc2cccnc2n1Cc1ccc(cc1)-c1ccccc1-c1nnn[nH]1,
Cc1ccnc2n(Cc3ccc(cc3)-c3ccccc3C(O)=O)c(nc12)C1CC1,
CCCc1nc2CCCCC(=O)c2n1Cc1ccc(cc1)-c1ccccc1-c1nnn[nH]1,
CCCN(Cc1ccc(cc1)-c1ccccc1-c1nnn[nH]1)c1ncccc1C(O)=O,
COc1c(C)nc(C)cc1OCc1ccc(cc1)-c1ccccc1-c1nnn[nH]1,
CCOC(=O)\C=C1/N(Cc2ccc(cc2)-c2ccccc2-c2nnn[nH]2)C(=O)CC1(CC)CC,
CCCCc1nn(CCCC)c(=O)n1Cc1ccc(cc1)-c1ccccc1-c1nnn[nH]1,
CCCCCc1nc(SCc2ccc(cc2)-c2ccccc2C(O)=O)nn1Cc1ccc(cc1)-c1ccccc1C(O)=O,
CCOC(=O)\C=C1/CC(C)(CC)CC(=O)N1Cc1ccc(cc1)-c1ccccc1-c1nnn[nH]1,
CCCCc1nc2cc(OC)cc(C(O)=O)c2n1Cc1ccc(cc1)N(CC)C(C(O)=O)c1ccccc1,
CCCCc1nc2cccc(C(=O)OC)c2n1Cc1ccc(cc1)-n1cccc1-c1nnn[nH]1,
CCCCc1nc(Cl)c(CO)n1Cc1ccc(cc1)-c1ccccc1-c1nnn[nH]1,
CCCCCCC(C(O)=O)n1cnc(NC(=O)c2cccc(O)c2C(O)=O)c1,
CCCCc1nc(Cl)c(C(O)=O)n1Cc1ccc(cc1)-c1ccccc1-c1nnn[nH]1,
CCc1nc2c(CC)cn(Cc3ccc(cc3)-c3ccccc3-c3nnn[nH]3)n2n1,
CCCN(Cc1ccc(cc1)-c1ccccc1-c1nnn[nH]1)c1ncncc1C(O)=O,
CCc1nnc(NC(=O)CSc2nc3cccnc3n2C2CCCCC2)s1,
CCOc1ccc2[nH]c(=O)c(CN(Cc3ccco3)C(CC)c3nnnn3Cc3ccccc3)cc2c1,
COc1ccc2[nH]c(=O)c(cc2c1)C(N1CCc2ccccc2C1)c1nnnn1CC1CCCO1,
CCOc1ccc2[nH]c(=O)c(CN(CCO)C(C(C)C)c3nnnn3C3CCCCC3)cc2c1,
CCC(N(CC1CCCO1)Cc1cc2cc(OC)ccc2[nH]c1=O)c1nnnn1Cc1ccccc1,
CCC(N(Cc1ccc(C)cc1)Cc1cc2cc(OC)ccc2[nH]c1=O)c1nnnn1CCOC,
Cc1cc(C)n2nc3nc(nc(-c4ccco4)c3c2n1)N1CCCCC1,
CCC(C)NC(=O)CSC1=Nc2ccccc2C2=NC(CC(=O)NCc3ccccc3)C(=O)N12,
CCOc1cc2[nH]c(=S)n(CC3CCCN3CC)c(=O)c2cc1OCC,
CCC(C)NC(=O)CSC1=Nc2ccccc2C2=NC(CC(=O)NCc3ccc(F)cc3)C(=O)N12,
COC(=O)C1C(NC(=O)N=C1Cn1cnc2ccccc12)c1cc(C)ccc1C,
CCCSc1nc(O)c(CC)c(=O)n1C(C)CC,
CCOC(=O)C1C(NC(=O)N=C1Cn1cnc2ccccc12)c1cc(C)ccc1C,
COc1ccccc1-n1c(SC)nc(O)cc1=O,
CCCc1cc(no1)C(=O)Nc1sc2CCCCc2c1C(=O)OCC,
CCSc1nc(O)c(CC)c(=O)n1C(C)CC,
CCC(C)n1c(SCC=C)nc(O)c(CC)c1=O,
CCCCCCC1=Cc2c\c(=C3\NN=C(O3)c3cc(OC)c(OC)c(OC)c3)c(=O)oc2=CC1=O,
COc1ccc2[nH]c(=O)c(CN(Cc3ccco3)C(C(C)C)c3nnnn3Cc3ccccc3)cc2c1,
CCN1\C(SC(=C1c1ccccc1)c1ccccc1)=C\C=C1/SC(=S)N(C)C1=O,
CCOc1cc2[nH]c(=S)n(CCC(=O)N3CCc4ccccc4C3)c(=O)c2cc1OCC,
CCOc1cc2[nH]c(=S)n(CCN3CCC(C)CC3)c(=O)c2cc1OCC,
CCOc1cc2[nH]c(=S)n(CCN3CCCCC3CC)c(=O)c2cc1OCC,
NC(=NOS(=O)(=O)c1ccc2ccccc2c1)c1ccncc1,
CC1=NOC(=O)\C1=C/c1ccc(o1)-c1cc(Cl)ccc1Cl,
Clc1ccccc1CSc1nnc(o1)-c1ccncc1,
[O-][N+](=O)c1ccc(COc2ccc3c4CCCCc4c(=O)oc3c2)cc1,
COc1cc2c(cc1NC(=O)c1cc(nc3ccc(C)cc13)-c1ccncc1)oc1ccccc21,
COc1cc2c(cc1NC(=O)c1cc(nc3ccc(C)cc13)-c1cccnc1)oc1ccccc21,
Cc1ccc2nc([nH]c2c1)C(=Cc1ccc(o1)[N+]([O-])=O)C#N,
COc1cc2c(cc1NC(=O)c1cccc(c1)[N+]([O-])=O)oc1ccccc21,
Cc1ccc(C=NNC(=O)CSc2nnc(-c3ccc(Cl)cc3)n2-c2ccccc2)o1,
Cc1ccc(C=NNC(=O)CSc2nnc(-c3ccccc3)n2-c2ccc(Cl)cc2)o1,
Cc1cc(C)c2nc(NNC(=O)c3ccc(cc3)S(=O)(=O)N3CCc4ccccc4C3)sc2c1,
Cc1ccc2nc(NNC(=O)c3ccc(cc3)S(=O)(=O)N3CCc4ccccc4C3)sc2c1,
Cc1cc(C)c2sc(NNC(=O)c3ccc(cc3)S(=O)(=O)N3CCc4ccccc4C3)nc2c1,
CC(C)C(=O)N1CCN(CC1)c1ccc(NC(=O)COc2ccccc2[N+]([O-])=O)cc1,
CC1CCN(CC1)S(=O)(=O)c1ccc2nc(cc(C(=O)NCCN(C)Cc3ccccc3)c2c1)-c1ccccn1,
CC(=C)c1cc(NOS(=O)(=O)c2ccccc2)c(C)cc1O,
CCCCC1=CC2=CC(=O)C(C)(OC(=O)C3CCCC3)C(=O)C2=CO1,
CCCCC1=CC2=CC(=O)C(C)(OC(=O)CC)C(=O)C2=CN1c1ccccc1,
COC(=O)CCCC1=CC2=CC(=O)C(C)(OC(=O)c3cccs3)C(=O)C2=CN1C1CCCCC1,
CCCCC1=NC(Cl)=C(C(N1Cc1ccc(cc1)-c1ccccc1C([O-])=O)c1ccccc1)C(=O)OCC,
CCCCc1nc(-c2ccccc2)c(C(=O)OCC)c(=O)n1Cc1ccc(cc1)-c1ccccc1C([O-])=O,
CCCc1nc2c(C)cc(cc2n1CCOc1ccc(CCc2nnn[nH]2)cc1)-c1nc2ccccc2n1C,
CC[C@H](C)[C@H](NC(=O)[C@@H]1CCCN1C(=O)[C@H](Cc1c[nH]cn1)NC(=O)[C@H](CCCCNC(=O)[C@H](CCCN=C(N)N)NC(=O)OCc1ccccc1)NC(=O)[C@H](Cc1ccc(O)cc1)NC(=O)c1cccnc1)C(O)=O,
CCCCN1N(Cc2ccc(cc2)C(=O)Nc2ccccc2C(O)=O)C(=O)C2(CCCC2)C1=O,
CCCc1nc2c(C)cc(cc2n1CCOc1ccc(CC(C)(Oc2ccccc2)C(O)=O)cc1)-c1nc2ccccc2n1C,
CCN(CC)c1ccc2c(-c3ccc(cc3S([O-])(=O)=O)S(=O)(=O)NCCCCCCCCCCCCNC(=O)NCCCC[C@H](NC(=O)Cc3csc(=[NH2+])n3C)C(=O)N[C@@H](Cc3cn(Cc4ccccc4)c[n+]3C)C(=O)NC3CC[NH+](C)CC3)c3ccc(cc3oc2c1)=[N+](CC)CC,
CCCc1nc2c(C)cc(cc2n1CCOc1ccc(CC(C)(Oc2ccccc2)C(=O)OCC)cc1)-c1nc2ccccc2n1C,
CCCc1nc2c(C)cccc2n1Cc1ccc(CCc2nnn[nH]2)cc1,
CCCCOC(=O)NS(=O)(=O)c1ccc(CCC)cc1-c1ccc(Cn2c(nc3ccccc23)C2CCCCC2)cc1,
CCCCOC(=O)NS(=O)(=O)c1ccc(CCC)cc1-c1ccc(Cn2c(nc3ccccc23)C23CC4CC(CC(C4)C2)C3)cc1,
CCCCOC(=O)NS(=O)(=O)c1ccc(CCC)cc1-c1ccc(Cn2c(Cc3ccccc3)nc3ccccc23)cc1,
CCCCOC(=O)NS(=O)(=O)c1ccc(CCC)cc1-c1ccc(Cn2c(nc3ccccc23)-c2nccs2)cc1,
CCCCOC(=O)NS(=O)(=O)c1ccc(CCC)cc1-c1ccc(Cn2c(CC(C)C)nc3ccccc23)cc1,
CCCc1ccc(c(c1)-c1cc(F)c(Cn2c(nc3ccccc23)C(C)(C)C)c(F)c1)S(=O)(=O)NC(=O)OCCCC(F)(F)F,
CCCc1ccc(c(c1)-c1ccc(Cn2c(nc3ccccc23)C(C)(C)C)cc1)S(=O)(=O)NC(=O)OCCCC(F)(F)F,
CCCc1ccc(c(c1)-c1ccc(Cn2c(nc3ccccc23)C(C)(C)C)cc1)S(=O)(=O)NC(=O)OCCC(F)(F)C(F)(F)F,
COC(=O)NS(=O)(=O)c1sc(CC(C)C)cc1-c1cccc(c1)C(=O)Cn1ccnc1C(C)(C)C,
CCCCOC(=O)NS(=O)(=O)c1ccc(CCC)cc1-c1cc(F)c(Cn2c(nc3ccccc23)C(C)(C)C)c(F)c1,
CCCCN1N(Cc2ccc(cc2)-c2ccccc2C(O)=O)C(=O)C2(CCCC2)C1=O,
CCCCN1N(Cc2ccc(cc2)C(=O)c2ccccc2C(O)=O)C(=O)C2(CCCC2)C1=O,
CCCCc1ncc(C(O)=O)n1Cc1cccc2n(ccc12)-c1ccccc1-c1nnn[nH]1,
CCCCC(=O)N(Cc1ccc(cc1)-c1ccccc1-c1nnn[nH]1)[C@@H](C(C)C)C(O)=O,
CCCc1nc2c(C)cccc2n1Cc1ccc(OCc2nnn[nH]2)cc1,
CCCCc1nc(Cl)c(C=O)n1Cc1ccc2nc(oc2c1)-c1ccccc1C([O-])=O,
CCCc1nc(SC)n2c(n[nH]c2=O)c1Cc1ccc(cc1)-c1ccccc1-c1nnn[nH]1,
CCCCOC(=O)NS(=O)(=O)c1sc(CC(C)C)cc1-c1ccc(cc1)C(=O)Nc1nccs1,
CCCCOC(=O)NS(=O)(=O)c1sc(CC(C)C)cc1-c1ccc(cc1)C(=O)N(C)Cc1ccccc1,
CCCCOC(=O)NS(=O)(=O)c1sc(CC(C)C)cc1-c1ccc(cc1)C(=O)NCc1ccccc1,
CCCCOC(=O)NS(=O)(=O)c1sc(CC(C)C)cc1-c1ccc(cc1)C(=O)NC1CCCCC1,
CCCCOC(=O)NS(=O)(=O)c1sc(CC(C)C)cc1-c1ccc(cc1)C(=O)NC1CC1,
CCCCOC(=O)NS(=O)(=O)c1sc(CC(C)C)cc1-c1ccc(cc1)C(=O)NC(C)C,
CCCCOC(=O)NS(=O)(=O)c1sc(CC(C)C)cc1-c1ccc(cc1)C(=O)N(CC)CC,
CCCCOC(=O)NS(=O)(=O)c1sc(CC(C)C)cc1-c1ccc(cc1)C(=O)N(C)C,
CCCCOC(=O)NS(=O)(=O)c1sc(CC(C)C)cc1-c1ccc(cc1)C(N)=O,
CCCCOC(=O)NS(=O)(=O)c1sc(CC(C)C)cc1-c1ccc(Cn2ccnc2)cc1,
CCCCN1N(Cc2ccc(cc2)-c2ccccc2)C(=O)C2(CCCC2)C1=O,
CCCCN1N(Cc2ccc(cc2)-c2ccccc2S(=O)(=O)NC(C)(C)C)C(=O)C2(CCCC2)C1=O,
CCCCN1N(Cc2ccc(cc2)C(=O)Nc2cccc(c2)C(O)=O)C(=O)C2(CCCC2)C1=O,
CCCCN1N(Cc2ccc(cc2)-c2ccccc2C#N)C(=O)C2(CCCC2)C1=O,
CCCCN1N(Cc2ccc(cc2)-c2ccccc2S(N)(=O)=O)C(=O)C2(CCCC2)C1=O,
CCCCOC(=O)NS(=O)(=O)c1sc(CC(C)C)cc1-c1cccc(Cn2ccnc2)c1,
CCCCOC(=O)NS(=O)(=O)c1sc(CC(C)C)cc1-c1ccc(Cn2ccnc2)cc1,
CCCCOC(=O)NS(=O)(=O)c1sc(CC(C)C)cc1-c1cccc(Cn2ccnc2)c1,
CCCCOC(=O)NS(=O)(=O)c1sc(CC(C)C)cc1-c1ccc(Cn2ccnc2)cc1,
CCCCOC(=O)NS(=O)(=O)c1sc(CC(C)C)cc1-c1ccc(CC(=O)N(C)C)cc1,
CCCCOC(=O)NS(=O)(=O)c1sc(CC(C)C)cc1-c1ccc(CC(=O)N(C)CCCC)cc1,
CCCCOC(=O)NS(=O)(=O)c1sc(CC(C)C)cc1-c1ccc(CC(=O)Nc2ccc(C)cc2)cc1,
CCCCOC(=O)NS(=O)(=O)c1sc(CC(C)C)cc1-c1ccc(CC(=O)N2CCOCC2)cc1,
CCCCOC(=O)NS(=O)(=O)c1sc(CC(C)C)cc1-c1ccc(CC(=O)NCc2ccccc2)cc1,
